case_id,transaction_amount,customer_order_count,previous_refunds,previous_disputes,delivery_confirmed,delivery_delay_days,dispute_delay_days,customer_avg_order_value,communication_count,refund_amount_ratio,payment_failures,evidence_items_available,evidence_items_missing,dispute_reason,contest_success
CASE-0001,9899.81,6,0,0,0,13,21,7919.11,0,0.253,2,3,3,defective,0
CASE-0002,5410.48,9,3,0,0,13,5,9746.93,0,0.377,0,2,4,unauthorized,0
CASE-0003,747.11,2,0,1,1,8,54,498.58,0,0.062,1,5,1,unauthorized,1
CASE-0004,19445.17,1,4,0,1,0,11,36611.73,4,0.845,0,5,1,item_not_received,1
CASE-0005,1925.41,9,2,0,1,0,47,4373.67,1,0.145,0,4,2,other,1
CASE-0006,1127.1,12,9,1,0,3,17,1978.8,0,1.0,1,2,4,item_not_received,0
CASE-0007,6133.81,6,0,2,0,24,56,7205.22,1,0.211,0,2,4,defective,0
CASE-0008,127825.72,11,7,0,1,0,21,108044.31,4,1.0,1,5,1,item_not_received,1
CASE-0009,296.09,17,9,0,1,0,4,332.2,0,1.0,6,4,2,other,0
CASE-0010,893.16,11,0,0,1,7,86,1212.91,4,0.29,0,5,1,defective,0
CASE-0011,19259.84,99,3,1,1,0,7,27922.72,12,0.694,0,5,1,defective,1
CASE-0012,4660.1,10,3,0,0,14,1,10117.89,0,0.618,0,2,4,unauthorized,0
CASE-0013,19983.89,27,0,1,1,8,4,8266.28,11,0.048,2,6,0,defective,1
CASE-0014,5474.75,3,0,2,1,0,41,7165.54,3,0.129,1,6,0,defective,1
CASE-0015,12997.78,11,0,0,1,0,15,22427.5,3,0.162,0,4,2,defective,1
CASE-0016,300.02,3,6,0,1,0,51,747.06,2,0.812,0,2,4,unauthorized,0
CASE-0017,3440.89,2,0,0,1,0,2,2876.82,4,0.136,0,4,2,item_not_received,1
CASE-0018,1097.87,4,0,4,1,0,1,1000.87,1,0.028,2,4,2,other,0
CASE-0019,718.81,6,9,7,1,13,43,1677.95,0,0.895,2,4,2,duplicate,0
CASE-0020,9224.4,39,6,0,1,0,4,9706.28,9,1.0,3,5,1,defective,1
CASE-0021,13421.72,18,0,0,1,9,29,23321.13,0,0.135,1,2,4,unauthorized,1
CASE-0022,19196.29,1,0,0,1,0,1,21997.21,4,0.077,0,6,0,duplicate,1
CASE-0023,636.47,3,3,0,1,4,1,345.85,0,0.792,0,3,3,item_not_received,1
CASE-0024,773.12,4,0,0,1,25,13,1745.74,0,0.151,0,4,2,item_not_received,1
CASE-0025,106270.74,1,0,0,1,18,23,261799.83,3,0.119,1,3,3,unauthorized,0
CASE-0026,17810.58,6,2,3,0,25,5,34479.87,5,0.342,0,3,3,unauthorized,0
CASE-0027,1432.21,57,0,0,1,0,9,3452.39,1,0.022,6,5,1,other,1
CASE-0028,1176.26,17,0,1,0,12,1,2671.84,4,0.054,1,5,1,duplicate,0
CASE-0029,10830.94,1,4,5,1,0,6,6083.71,2,0.553,5,5,1,duplicate,0
CASE-0030,47554.1,12,4,0,1,0,10,110709.53,3,0.835,0,2,4,item_not_received,1
CASE-0031,19055.64,10,1,0,1,0,5,9561.97,2,0.433,2,5,1,item_not_received,1
CASE-0032,1462.5,4,0,0,1,28,56,3186.44,2,0.268,6,3,3,duplicate,1
CASE-0033,664.06,3,0,1,1,23,36,480.58,2,0.318,1,5,1,defective,0
CASE-0034,11296.27,2,0,1,1,20,27,11379.87,12,0.055,0,6,0,unauthorized,1
CASE-0035,17494.42,17,0,0,0,22,5,13268.37,0,0.151,3,2,4,item_not_received,0
CASE-0036,15225.05,10,0,0,1,0,24,17475.51,4,0.061,0,4,2,duplicate,1
CASE-0037,551.88,11,0,0,1,0,15,414.94,13,0.01,2,4,2,defective,1
CASE-0038,19615.41,9,3,0,1,0,26,23520.3,3,0.384,0,6,0,unauthorized,1
CASE-0039,586.17,86,1,3,1,27,4,1053.3,0,0.576,1,5,1,item_not_received,0
CASE-0040,17401.56,4,0,4,1,0,28,9753.19,12,0.119,0,6,0,defective,1
CASE-0041,32585.32,37,3,1,1,0,15,81000.41,0,0.336,1,4,2,item_not_received,1
CASE-0042,1943.75,35,1,2,0,29,9,2907.25,14,0.412,0,2,4,item_not_received,0
CASE-0043,141703.0,2,0,0,0,7,4,292090.12,11,0.349,4,3,3,unauthorized,0
CASE-0044,503.97,12,9,0,1,0,3,858.13,5,1.0,0,5,1,defective,0
CASE-0045,16618.21,11,0,1,0,18,63,10631.18,1,0.189,0,4,2,unauthorized,0
CASE-0046,78271.28,9,0,0,0,5,2,99045.08,3,0.038,2,3,3,other,0
CASE-0047,91781.15,6,4,2,1,0,24,217096.54,2,0.784,0,4,2,duplicate,0
CASE-0048,623.46,1,2,2,1,0,64,240.04,1,0.41,0,4,2,item_not_received,0
CASE-0049,642.58,2,0,3,0,23,4,383.67,2,0.155,0,3,3,other,0
CASE-0050,18893.21,5,3,0,1,0,18,22090.4,13,0.629,2,3,3,other,1
CASE-0051,1775.97,98,3,1,1,28,17,2734.55,0,0.483,0,3,3,defective,1
CASE-0052,19253.28,16,2,1,0,6,1,46961.86,6,0.374,0,2,4,other,0
CASE-0053,10053.07,6,0,2,1,19,27,9820.48,4,0.11,0,6,0,defective,1
CASE-0054,600.26,17,0,3,1,0,21,274.96,2,0.047,0,4,2,item_not_received,0
CASE-0055,13279.51,2,3,2,0,22,5,11663.62,11,0.572,0,2,4,unauthorized,0
CASE-0056,12093.99,11,0,0,0,29,8,18367.85,1,0.099,0,4,2,item_not_received,1
CASE-0057,521.49,8,5,0,1,0,3,560.53,0,0.431,2,6,0,item_not_received,1
CASE-0058,1866.24,2,9,3,1,0,8,3083.81,2,1.0,0,4,2,unauthorized,0
CASE-0059,69166.07,67,2,0,1,29,14,135447.6,1,0.327,1,6,0,item_not_received,1
CASE-0060,945.84,15,0,0,1,0,25,1518.77,2,0.125,0,3,3,defective,1
CASE-0061,464.14,56,0,0,1,0,28,231.86,10,0.143,0,5,1,item_not_received,1
CASE-0062,1424.06,4,0,2,1,0,1,1976.77,0,0.21,1,6,0,other,1
CASE-0063,271.21,3,0,0,1,0,7,672.54,1,0.092,2,3,3,unauthorized,0
CASE-0064,15863.37,4,0,0,1,0,6,35950.12,4,0.149,0,3,3,unauthorized,1
CASE-0065,505.96,1,2,0,0,0,1,889.7,6,0.332,0,3,3,item_not_received,0
CASE-0066,7664.91,44,1,0,1,0,1,18316.63,12,0.137,0,6,0,unauthorized,1
CASE-0067,12575.35,1,3,0,1,0,7,17817.88,12,0.428,0,5,1,unauthorized,1
CASE-0068,1798.45,19,0,1,1,0,73,3532.71,1,0.24,1,6,0,other,0
CASE-0069,258.67,2,3,0,1,14,10,571.69,2,0.167,1,4,2,item_not_received,1
CASE-0070,85085.91,32,0,1,1,0,16,112049.76,2,0.129,0,4,2,defective,1
CASE-0071,329.35,13,0,0,1,0,71,682.64,4,0.121,0,5,1,unauthorized,1
CASE-0072,374.48,5,1,0,1,5,8,472.47,12,0.3,0,6,0,unauthorized,1
CASE-0073,88561.97,15,1,0,1,0,56,167497.67,2,0.142,0,3,3,item_not_received,0
CASE-0074,140029.35,3,0,2,0,1,3,331697.76,2,0.184,0,3,3,duplicate,0
CASE-0075,137323.7,8,2,3,1,4,14,194425.4,1,0.389,0,5,1,unauthorized,0
CASE-0076,15441.17,2,6,0,0,0,26,28300.5,0,1.0,0,3,3,unauthorized,0
CASE-0077,142525.6,11,2,0,1,0,33,299641.64,10,0.231,5,5,1,duplicate,1
CASE-0078,10938.17,15,0,0,0,24,64,10285.28,4,0.223,1,4,2,defective,0
CASE-0079,124756.2,6,0,0,1,0,58,242080.12,8,0.361,0,3,3,defective,0
CASE-0080,9079.43,21,0,0,1,26,5,5510.28,0,0.135,2,4,2,unauthorized,1
CASE-0081,8013.69,16,1,2,1,25,3,5694.98,0,0.51,2,5,1,duplicate,0
CASE-0082,129345.61,43,3,1,1,0,3,68205.27,1,0.243,0,3,3,duplicate,0
CASE-0083,10864.33,3,0,0,0,4,2,16612.47,1,0.049,5,3,3,other,0
CASE-0084,1430.92,1,0,0,1,0,12,1614.41,1,0.11,0,6,0,defective,1
CASE-0085,2652.0,3,0,0,1,0,10,2715.55,0,0.234,3,4,2,defective,0
CASE-0086,19947.24,1,2,0,1,3,3,43478.28,4,0.516,0,6,0,defective,1
CASE-0087,778.85,86,0,0,0,12,1,1564.49,6,0.103,4,5,1,defective,0
CASE-0088,36663.67,60,1,1,1,0,5,30461.85,3,0.309,0,4,2,unauthorized,0
CASE-0089,352.07,9,5,1,1,23,12,287.39,2,0.273,1,4,2,defective,1
CASE-0090,69363.51,16,0,4,1,19,9,114597.79,3,0.158,0,5,1,duplicate,1
CASE-0091,1502.41,5,0,1,0,24,5,1950.05,10,0.373,0,1,5,other,0
CASE-0092,6593.36,1,0,0,1,0,2,4777.66,0,0.121,0,4,2,defective,1
CASE-0093,13510.9,1,0,0,1,0,33,13330.21,14,0.118,0,4,2,item_not_received,1
CASE-0094,207.85,4,1,0,1,0,20,382.41,1,0.302,6,5,1,other,1
CASE-0095,12623.84,2,0,1,1,0,25,9198.27,2,0.088,0,4,2,other,1
CASE-0096,16434.32,1,0,0,1,0,5,30098.73,2,0.058,0,3,3,other,1
CASE-0097,1396.35,7,0,0,0,13,20,3387.34,2,0.029,4,3,3,defective,0
CASE-0098,725.41,2,0,2,1,27,9,573.57,1,0.12,1,5,1,item_not_received,1
CASE-0099,1592.93,5,1,1,1,0,11,2568.04,1,0.122,0,4,2,duplicate,1
CASE-0100,12022.98,13,0,4,1,20,6,21909.54,0,0.213,0,6,0,item_not_received,1
CASE-0101,130536.88,12,0,0,0,20,16,199292.86,0,0.362,0,3,3,item_not_received,0
CASE-0102,1445.38,70,0,0,0,23,7,2955.29,2,0.078,0,1,5,unauthorized,0
CASE-0103,15495.13,16,0,2,1,6,24,33767.69,4,0.111,2,2,4,defective,1
CASE-0104,87711.43,6,0,1,1,0,29,58032.79,12,0.295,0,5,1,duplicate,1
CASE-0105,58020.8,12,3,6,1,15,25,124271.47,7,0.486,1,5,1,item_not_received,0
CASE-0106,58037.3,46,0,1,0,9,6,34013.05,0,0.093,0,1,5,defective,0
CASE-0107,78618.98,47,2,0,0,5,20,34276.8,0,0.467,0,4,2,item_not_received,0
CASE-0108,3492.85,4,5,1,1,0,11,5472.62,1,0.708,0,5,1,item_not_received,1
CASE-0109,8865.38,14,0,0,1,0,27,16006.2,0,0.147,1,1,5,other,1
CASE-0110,126564.48,4,2,7,1,0,6,239766.24,4,0.391,2,6,0,item_not_received,0
CASE-0111,670.98,1,0,2,1,0,47,1620.26,9,0.136,6,3,3,item_not_received,0
CASE-0112,598.81,6,2,0,1,0,1,387.06,1,0.345,0,4,2,unauthorized,1
CASE-0113,1501.28,17,2,0,1,0,22,1385.01,1,0.279,0,6,0,item_not_received,1
CASE-0114,10459.38,47,2,1,1,0,6,26126.36,0,0.599,1,3,3,unauthorized,0
CASE-0115,1141.7,4,0,2,1,0,35,1716.47,4,0.255,0,4,2,unauthorized,1
CASE-0116,4499.32,16,0,0,1,0,5,3239.27,0,0.215,0,3,3,other,1
CASE-0117,433.51,10,0,3,1,0,5,182.29,1,0.135,0,3,3,item_not_received,1
CASE-0118,225.43,6,6,0,1,0,10,198.45,14,0.584,0,4,2,defective,1
CASE-0119,11195.79,2,0,0,0,26,3,26133.55,4,0.084,1,2,4,unauthorized,0
CASE-0120,35441.03,78,0,0,1,0,25,55386.01,1,0.041,5,4,2,unauthorized,1
CASE-0121,109278.01,9,6,1,0,2,28,231781.88,3,0.923,0,2,4,other,0
CASE-0122,13282.69,2,7,2,1,0,7,11442.5,2,0.771,0,5,1,other,1
CASE-0123,9274.78,18,0,0,1,28,22,5381.69,4,0.059,0,5,1,item_not_received,1
CASE-0124,16512.17,1,0,1,1,0,12,11693.15,0,0.053,0,5,1,item_not_received,1
CASE-0125,69959.87,13,0,2,1,15,88,73357.69,0,0.141,5,4,2,item_not_received,1
CASE-0126,82206.62,2,0,0,0,29,29,48129.17,0,0.065,0,2,4,item_not_received,0
CASE-0127,1995.16,34,2,0,0,23,56,4056.74,3,0.294,0,2,4,item_not_received,1
CASE-0128,86465.13,1,0,6,0,13,61,60731.98,4,0.189,0,2,4,defective,0
CASE-0129,7112.1,1,0,0,1,0,13,15308.39,3,0.135,0,4,2,defective,1
CASE-0130,97420.77,2,0,0,1,22,6,138673.93,0,0.086,0,4,2,item_not_received,1
CASE-0131,733.5,90,0,0,1,0,26,1285.82,4,0.208,0,5,1,item_not_received,1
CASE-0132,2728.98,2,8,1,0,21,2,5476.59,1,0.759,0,3,3,unauthorized,0
CASE-0133,44403.07,9,0,0,1,0,1,21602.29,9,0.251,0,6,0,unauthorized,1
CASE-0134,2533.37,61,1,0,1,0,2,4918.36,4,0.162,1,6,0,item_not_received,1
CASE-0135,1727.6,12,1,2,0,29,18,3876.41,4,0.142,0,0,6,item_not_received,0
CASE-0136,391.49,6,0,0,1,0,11,892.25,4,0.213,0,6,0,item_not_received,1
CASE-0137,55482.18,2,0,1,1,0,77,29749.82,0,0.054,0,5,1,duplicate,1
CASE-0138,30081.72,3,2,0,1,0,26,25209.63,9,0.276,2,6,0,other,1
CASE-0139,99546.3,3,3,0,1,0,5,103581.46,3,0.746,0,6,0,other,1
CASE-0140,2655.78,2,3,0,0,6,54,1177.77,4,0.423,2,4,2,unauthorized,0
CASE-0141,347.46,19,6,2,1,9,3,834.54,0,0.408,0,4,2,item_not_received,1
CASE-0142,1113.88,8,3,0,1,29,3,1348.65,12,0.63,1,5,1,item_not_received,1
CASE-0143,37758.57,49,0,0,1,0,19,84944.71,7,0.296,0,6,0,unauthorized,1
CASE-0144,469.52,3,0,0,1,0,19,637.61,1,0.109,2,5,1,defective,0
CASE-0145,16668.24,18,0,0,1,0,22,15513.51,3,0.113,2,4,2,defective,1
CASE-0146,14440.38,3,9,0,0,7,10,12074.08,0,1.0,0,3,3,item_not_received,0
CASE-0147,759.33,3,0,1,0,14,3,509.1,4,0.232,0,3,3,unauthorized,0
CASE-0148,11117.81,67,3,2,1,0,4,3517.72,0,0.368,2,5,1,defective,1
CASE-0149,6059.42,4,3,0,1,0,4,14107.7,2,0.605,0,5,1,unauthorized,1
CASE-0150,73768.41,4,3,0,0,10,19,156494.75,3,0.695,0,2,4,item_not_received,0
CASE-0151,2967.94,13,1,0,1,15,6,2323.63,9,0.264,0,3,3,unauthorized,1
CASE-0152,358.33,5,0,7,1,0,21,396.32,0,0.065,0,6,0,item_not_received,1
CASE-0153,88961.77,13,2,3,1,0,24,77047.14,0,0.208,0,4,2,item_not_received,1
CASE-0154,420.81,6,0,0,0,5,28,785.85,0,0.28,0,2,4,item_not_received,0
CASE-0155,15531.07,10,2,0,0,25,12,34380.89,1,0.336,1,2,4,unauthorized,0
CASE-0156,11986.86,70,2,7,1,0,26,19771.01,4,0.163,0,5,1,item_not_received,1
CASE-0157,1341.53,93,0,1,1,0,16,2453.85,11,0.249,0,5,1,item_not_received,1
CASE-0158,1870.95,2,9,5,1,26,1,4665.14,2,1.0,1,4,2,item_not_received,0
CASE-0159,8978.2,6,0,0,1,0,15,17099.62,0,0.06,0,5,1,defective,1
CASE-0160,143584.35,14,0,0,0,7,1,341254.73,0,0.194,1,3,3,unauthorized,0
CASE-0161,5454.61,6,1,0,1,0,5,12970.29,4,0.218,0,3,3,item_not_received,1
CASE-0162,62044.5,2,0,0,1,5,3,73215.92,2,0.08,4,6,0,item_not_received,1
CASE-0163,144093.82,47,0,1,1,14,30,217464.08,1,0.068,0,5,1,item_not_received,1
CASE-0164,1872.99,18,0,0,1,0,14,1090.0,1,0.023,2,6,0,defective,1
CASE-0165,13404.87,13,6,0,1,0,17,24931.66,3,0.798,1,6,0,defective,0
CASE-0166,306.16,4,0,0,1,0,9,344.81,0,0.041,0,4,2,unauthorized,1
CASE-0167,4340.84,8,3,0,1,0,6,6822.64,2,0.608,0,4,2,item_not_received,1
CASE-0168,26983.0,6,0,2,1,27,83,48820.46,0,0.261,0,3,3,item_not_received,0
CASE-0169,40267.17,18,0,1,0,9,6,28304.15,14,0.235,0,4,2,defective,0
CASE-0170,943.93,85,3,0,0,6,5,2350.53,3,0.359,2,2,4,unauthorized,0
CASE-0171,98681.77,16,2,0,0,24,24,185165.33,10,0.297,2,4,2,defective,0
CASE-0172,799.16,18,0,0,1,0,83,625.62,6,0.142,0,6,0,unauthorized,1
CASE-0173,430.94,3,1,1,1,0,11,1039.25,0,0.205,0,4,2,unauthorized,1
CASE-0174,80433.25,3,8,0,1,0,19,161654.33,4,0.6,0,4,2,duplicate,0
CASE-0175,105228.86,1,0,0,1,0,24,137074.23,0,0.156,0,5,1,item_not_received,1
CASE-0176,89607.92,19,0,0,1,19,14,35304.85,9,0.374,0,3,3,unauthorized,1
CASE-0177,131039.15,6,0,0,1,0,60,321537.02,0,0.094,5,3,3,item_not_received,1
CASE-0178,20727.93,17,0,0,1,0,1,7479.91,0,0.199,0,4,2,unauthorized,1
CASE-0179,16595.73,2,0,0,1,0,5,17707.28,0,0.403,0,2,4,unauthorized,1
CASE-0180,53952.37,13,0,0,1,0,1,53911.8,0,0.192,0,5,1,item_not_received,1
CASE-0181,1301.75,16,3,0,1,0,4,3058.2,1,0.243,0,4,2,item_not_received,1
CASE-0182,9754.34,10,3,0,1,1,6,13354.99,4,0.438,0,6,0,unauthorized,1
CASE-0183,887.58,3,0,0,1,0,22,874.73,1,0.071,0,5,1,unauthorized,1
CASE-0184,1887.61,17,5,1,1,0,44,1141.03,3,0.843,0,5,1,unauthorized,0
CASE-0185,31263.09,82,5,5,0,21,29,64711.08,1,0.379,2,2,4,duplicate,0
CASE-0186,1471.68,50,1,1,1,0,57,2090.17,2,0.398,1,4,2,other,1
CASE-0187,1854.68,3,2,0,1,0,9,2321.45,4,0.198,0,5,1,duplicate,1
CASE-0188,431.08,1,1,1,1,0,4,131.61,0,0.502,0,5,1,defective,1
CASE-0189,1150.08,1,0,0,1,0,28,1627.59,13,0.221,0,6,0,item_not_received,1
CASE-0190,10496.7,4,1,0,0,10,74,23152.91,4,0.069,0,1,5,item_not_received,0
CASE-0191,19839.92,66,0,0,1,14,45,39691.54,6,0.056,0,5,1,defective,1
CASE-0192,595.25,9,0,1,1,0,10,840.76,14,0.2,2,5,1,item_not_received,1
CASE-0193,613.52,12,3,2,0,8,7,1002.53,2,0.651,0,3,3,defective,0
CASE-0194,982.64,4,0,0,1,3,1,529.54,4,0.088,0,5,1,duplicate,1
CASE-0195,5628.61,24,2,0,0,9,5,11820.98,3,0.368,0,1,5,defective,0
CASE-0196,37652.16,77,0,0,1,0,18,22660.39,9,0.08,1,4,2,item_not_received,1
CASE-0197,1021.25,2,5,0,1,0,16,659.89,6,0.554,2,6,0,defective,1
CASE-0198,12403.02,4,0,2,1,0,4,3951.79,0,0.066,0,4,2,defective,1
CASE-0199,14201.98,48,0,0,0,17,18,21380.62,2,0.091,0,2,4,unauthorized,0
CASE-0200,1590.85,12,0,1,1,20,3,1477.49,0,0.145,3,6,0,defective,0
CASE-0201,53471.09,2,5,2,0,26,23,25424.79,2,0.621,0,5,1,item_not_received,0
CASE-0202,1151.21,12,2,0,1,0,7,620.71,2,0.443,0,6,0,defective,1
CASE-0203,19054.53,2,1,1,0,19,17,33660.41,2,0.206,2,3,3,defective,0
CASE-0204,12330.26,15,0,0,1,0,29,23326.1,4,0.092,2,5,1,unauthorized,1
CASE-0205,11681.24,13,8,0,0,16,11,28401.65,4,0.942,0,2,4,item_not_received,0
CASE-0206,15376.73,62,3,0,1,0,29,12846.43,1,0.407,0,5,1,unauthorized,1
CASE-0207,423.0,79,1,0,1,29,10,601.52,7,0.366,1,6,0,item_not_received,1
CASE-0208,9686.28,8,0,7,1,6,25,7341.97,14,0.463,0,6,0,duplicate,1
CASE-0209,1229.42,19,0,0,1,0,25,2235.15,4,0.135,3,5,1,item_not_received,1
CASE-0210,444.74,14,0,2,1,10,14,852.28,1,0.307,0,3,3,unauthorized,1
CASE-0211,11816.06,4,9,0,1,9,15,10318.92,0,0.914,1,4,2,other,0
CASE-0212,924.19,10,3,2,1,26,5,712.07,2,0.379,0,5,1,other,1
CASE-0213,12242.75,22,0,2,1,0,13,18155.42,3,0.139,0,5,1,item_not_received,1
CASE-0214,630.97,14,0,0,0,4,2,986.46,4,0.171,1,2,4,item_not_received,1
CASE-0215,1616.73,13,0,2,0,0,3,616.09,8,0.266,0,2,4,item_not_received,0
CASE-0216,1184.27,2,0,0,1,3,20,2200.99,2,0.17,0,2,4,item_not_received,1
CASE-0217,3425.95,11,6,0,0,12,4,2717.86,0,0.781,0,3,3,other,0
CASE-0218,5806.48,6,0,0,1,0,6,8083.16,0,0.036,0,5,1,defective,1
CASE-0219,4773.29,14,0,0,1,9,60,2623.96,3,0.304,0,5,1,item_not_received,1
CASE-0220,9642.01,8,0,0,1,0,41,19061.35,5,0.075,0,4,2,defective,1
CASE-0221,3068.53,60,0,0,1,0,6,6189.62,1,0.149,0,4,2,other,1
CASE-0222,749.62,20,0,2,0,0,49,1698.21,4,0.025,0,3,3,other,1
CASE-0223,53609.94,7,0,1,1,0,84,111755.75,11,0.263,6,4,2,unauthorized,0
CASE-0224,72421.37,9,0,0,1,0,33,165422.78,5,0.129,0,5,1,unauthorized,1
CASE-0225,8930.01,17,0,1,0,22,10,22157.76,14,0.193,0,4,2,other,0
CASE-0226,78719.11,21,3,0,1,0,4,124778.22,8,0.52,0,6,0,unauthorized,1
CASE-0227,90189.45,16,5,0,0,28,3,146112.75,2,0.38,2,2,4,unauthorized,0
CASE-0228,125540.09,35,9,0,1,0,51,108009.99,3,0.996,0,4,2,item_not_received,0
CASE-0229,730.38,56,0,0,1,0,26,609.93,4,0.128,0,5,1,defective,1
CASE-0230,105712.6,11,0,0,0,29,3,256643.2,0,0.207,2,4,2,item_not_received,0
CASE-0231,11845.99,3,0,1,0,22,4,16583.28,1,0.143,0,1,5,item_not_received,1
CASE-0232,792.94,9,1,0,1,0,25,367.05,4,0.12,0,5,1,defective,0
CASE-0233,2917.23,73,2,0,1,0,2,4451.86,0,0.062,0,5,1,item_not_received,1
CASE-0234,1379.52,17,0,0,1,28,59,1962.55,0,0.055,2,2,4,duplicate,0
CASE-0235,19009.17,12,0,0,1,0,41,29093.67,1,0.238,2,5,1,unauthorized,1
CASE-0236,54271.6,4,0,6,1,0,15,16411.87,3,0.062,2,4,2,unauthorized,0
CASE-0237,18846.72,10,2,0,0,13,6,22775.8,6,0.342,0,2,4,item_not_received,0
CASE-0238,1891.23,1,0,0,1,0,6,1314.97,2,0.218,0,3,3,item_not_received,1
CASE-0239,877.29,19,2,2,0,13,1,1072.65,0,0.271,0,3,3,defective,0
CASE-0240,1323.05,2,3,0,1,23,5,1540.41,4,0.641,0,5,1,unauthorized,1
CASE-0241,1643.01,18,0,0,1,13,12,1832.56,3,0.204,0,4,2,item_not_received,1
CASE-0242,682.34,5,0,2,0,0,29,1208.1,0,0.239,0,3,3,item_not_received,0
CASE-0243,649.1,80,9,0,0,28,5,1586.73,2,0.853,0,3,3,unauthorized,0
CASE-0244,14386.69,2,1,0,1,24,17,16050.13,14,0.393,5,5,1,duplicate,0
CASE-0245,1222.44,14,1,0,1,24,10,1320.9,3,0.209,2,4,2,duplicate,1
CASE-0246,91975.38,17,0,0,1,0,21,196835.59,3,0.494,0,6,0,other,1
CASE-0247,147743.82,1,3,2,1,25,22,206894.1,2,0.265,0,4,2,item_not_received,0
CASE-0248,2452.76,16,6,2,1,0,54,854.84,1,0.519,0,5,1,other,0
CASE-0249,901.5,11,0,1,1,0,2,616.04,3,0.134,1,4,2,item_not_received,1
CASE-0250,15997.39,15,7,0,1,0,13,24586.4,0,1.0,0,4,2,item_not_received,0
CASE-0251,34479.8,3,0,0,1,29,19,56506.83,8,0.046,0,5,1,duplicate,1
CASE-0252,142680.28,52,0,2,1,0,1,309120.68,0,0.325,1,5,1,unauthorized,1
CASE-0253,1978.21,1,0,1,1,0,21,1368.3,13,0.125,0,5,1,other,1
CASE-0254,906.29,1,0,2,1,0,48,2225.2,2,0.417,0,5,1,item_not_received,1
CASE-0255,829.28,12,1,0,1,9,6,1673.82,0,0.286,2,6,0,unauthorized,1
CASE-0256,956.05,1,3,0,1,0,1,1975.03,2,0.388,0,5,1,unauthorized,0
CASE-0257,1351.17,15,8,0,0,23,78,813.47,4,0.806,0,4,2,defective,0
CASE-0258,14163.75,83,1,3,1,4,12,14483.03,13,0.447,0,6,0,defective,1
CASE-0259,134455.81,47,0,2,0,25,27,229666.0,12,0.105,0,3,3,unauthorized,0
CASE-0260,97880.2,67,1,0,1,0,5,219313.4,3,0.109,0,5,1,unauthorized,1
CASE-0261,747.72,10,1,0,1,0,2,1513.31,5,0.635,0,4,2,item_not_received,1
CASE-0262,8633.64,16,3,2,0,14,3,9133.32,3,0.601,0,3,3,item_not_received,0
CASE-0263,1577.03,4,2,5,1,0,11,481.57,0,0.388,0,4,2,item_not_received,1
CASE-0264,14903.64,45,2,5,1,0,2,9105.29,4,0.266,2,6,0,item_not_received,1
CASE-0265,58899.91,17,2,5,0,9,18,116271.2,0,0.143,0,4,2,item_not_received,0
CASE-0266,73128.61,4,7,2,0,15,4,156250.05,13,0.422,0,3,3,defective,0
CASE-0267,254.91,4,0,0,1,24,1,201.26,1,0.083,0,3,3,defective,1
CASE-0268,1054.15,7,3,1,1,14,22,969.78,0,0.416,0,5,1,defective,1
CASE-0269,1012.73,75,8,0,1,0,49,1815.85,4,1.0,1,4,2,item_not_received,1
CASE-0270,117972.33,16,0,0,1,0,12,99052.41,2,0.053,1,4,2,defective,1
CASE-0271,1966.51,1,0,7,0,24,5,4019.29,12,0.312,3,5,1,item_not_received,0
CASE-0272,111640.07,4,7,0,0,13,72,70528.14,1,0.627,6,3,3,defective,0
CASE-0273,33300.68,1,9,0,1,0,36,57778.1,5,0.922,2,6,0,other,0
CASE-0274,15979.93,9,1,0,1,15,21,26339.28,8,0.224,0,5,1,duplicate,1
CASE-0275,824.63,16,0,0,1,0,24,1728.85,14,0.188,0,5,1,other,1
CASE-0276,1796.03,70,0,1,1,0,28,3155.35,2,0.147,0,4,2,item_not_received,0
CASE-0277,299.22,2,3,0,1,0,21,455.49,7,0.473,0,5,1,defective,1
CASE-0278,1158.73,50,0,3,1,0,26,923.36,0,0.225,2,3,3,item_not_received,1
CASE-0279,71567.44,1,0,6,1,3,5,112687.41,3,0.263,0,3,3,duplicate,1
CASE-0280,3544.38,26,1,6,1,25,3,6579.98,5,0.411,1,5,1,defective,1
CASE-0281,11387.8,7,1,2,1,7,9,21407.09,3,0.097,0,3,3,item_not_received,1
CASE-0282,13471.58,3,3,0,1,0,11,19691.15,4,0.535,0,5,1,item_not_received,1
CASE-0283,8496.02,83,0,0,1,19,25,5278.32,0,0.07,0,4,2,duplicate,1
CASE-0284,54316.39,88,9,0,0,26,28,29351.92,3,1.0,0,3,3,item_not_received,0
CASE-0285,8890.25,4,0,0,1,0,24,14648.95,4,0.056,0,5,1,duplicate,1
CASE-0286,1292.92,2,1,0,1,8,17,2217.94,13,0.253,1,6,0,item_not_received,1
CASE-0287,7254.98,8,0,1,1,22,9,13242.77,0,0.293,0,5,1,unauthorized,1
CASE-0288,716.14,13,0,1,1,0,24,1206.79,11,0.087,1,5,1,other,1
CASE-0289,112400.07,4,6,0,1,0,21,240152.44,1,0.66,0,6,0,item_not_received,1
CASE-0290,962.35,1,3,0,1,20,19,791.51,3,0.336,0,4,2,other,0
CASE-0291,6058.72,12,2,2,1,9,27,5888.91,2,0.079,0,5,1,item_not_received,1
CASE-0292,1779.86,15,0,0,1,0,25,2683.16,14,0.062,0,5,1,unauthorized,1
CASE-0293,523.38,3,0,2,1,0,71,846.01,14,0.235,0,6,0,unauthorized,0
CASE-0294,564.85,51,0,0,1,0,28,1154.05,1,0.172,0,3,3,other,0
CASE-0295,1320.12,8,0,2,1,1,5,2400.85,9,0.079,1,4,2,unauthorized,1
CASE-0296,1833.04,3,2,0,1,15,22,3894.92,4,0.37,1,4,2,item_not_received,1
CASE-0297,788.39,4,5,0,0,3,13,364.72,0,0.691,0,3,3,unauthorized,0
CASE-0298,214.16,3,0,0,0,20,8,224.5,7,0.262,0,2,4,item_not_received,0
CASE-0299,14360.86,12,2,0,1,0,5,11237.01,0,0.235,2,4,2,defective,1
CASE-0300,8452.95,17,1,0,1,12,12,15690.72,3,0.214,1,4,2,item_not_received,1
CASE-0301,60771.24,4,2,3,1,29,14,68486.31,12,0.397,0,5,1,item_not_received,1
CASE-0302,2833.75,8,0,1,0,8,19,5551.7,3,0.071,0,1,5,unauthorized,1
CASE-0303,12304.01,17,0,0,1,0,5,10076.63,2,0.155,0,2,4,other,1
CASE-0304,1708.39,17,1,2,1,14,83,2544.8,3,0.099,3,4,2,item_not_received,1
CASE-0305,22833.55,2,1,0,1,17,16,28981.99,1,0.285,0,5,1,item_not_received,1
CASE-0306,757.41,4,0,1,1,0,20,1245.06,2,0.126,3,5,1,other,1
CASE-0307,81852.52,16,1,0,1,5,22,69730.37,1,0.2,2,4,2,duplicate,1
CASE-0308,1362.29,25,0,5,1,23,14,2388.23,3,0.331,0,3,3,item_not_received,1
CASE-0309,143763.97,16,0,2,1,0,6,152135.2,0,0.25,6,4,2,unauthorized,0
CASE-0310,24074.34,3,2,0,0,10,11,16459.98,3,0.211,2,4,2,defective,0
CASE-0311,1431.02,2,1,2,1,0,34,2730.54,9,0.127,6,5,1,defective,0
CASE-0312,77292.5,12,0,2,1,0,13,131354.48,9,0.157,1,5,1,other,0
CASE-0313,8042.54,7,0,6,0,12,2,2946.69,0,0.075,0,3,3,unauthorized,0
CASE-0314,82463.0,3,2,0,1,3,26,50545.56,0,0.269,2,5,1,unauthorized,1
CASE-0315,42030.16,14,1,0,1,28,19,46014.77,4,0.255,2,5,1,unauthorized,1
CASE-0316,83049.84,18,1,0,1,0,20,31013.11,2,0.442,1,4,2,unauthorized,1
CASE-0317,18879.16,19,0,1,1,0,6,28511.05,3,0.084,0,3,3,defective,1
CASE-0318,7077.78,12,0,2,1,0,28,4022.77,12,0.134,2,6,0,item_not_received,1
CASE-0319,1435.42,2,0,0,1,0,83,1256.22,1,0.03,2,4,2,defective,1
CASE-0320,108860.75,10,0,0,1,0,12,38324.97,12,0.178,6,5,1,unauthorized,1
CASE-0321,1204.07,7,2,0,0,18,52,2108.66,2,0.318,0,1,5,item_not_received,0
CASE-0322,44378.93,2,7,0,1,18,27,40573.25,0,0.977,0,4,2,defective,0
CASE-0323,65459.11,63,0,7,0,10,16,68432.13,1,0.289,0,1,5,unauthorized,0
CASE-0324,1687.52,8,4,0,1,15,29,1565.72,14,0.74,0,5,1,duplicate,1
CASE-0325,614.47,9,0,0,0,12,21,296.37,0,0.127,0,1,5,other,0
CASE-0326,14101.4,17,9,2,1,0,8,20361.17,3,0.977,1,5,1,other,0
CASE-0327,43633.52,38,0,0,1,5,7,24939.75,0,0.108,0,4,2,item_not_received,1
CASE-0328,2160.89,4,2,0,1,0,23,1728.76,4,0.52,0,6,0,unauthorized,1
CASE-0329,15238.56,3,2,2,1,24,5,9799.63,5,0.331,0,6,0,unauthorized,1
CASE-0330,15324.84,1,0,2,0,15,17,13033.13,1,0.319,0,3,3,unauthorized,0
CASE-0331,1430.68,45,0,0,1,0,14,2008.3,11,0.17,1,4,2,unauthorized,1
CASE-0332,130350.89,1,0,0,1,0,3,139105.17,1,0.057,0,3,3,item_not_received,1
CASE-0333,6401.08,19,0,1,1,4,55,2675.41,0,0.164,0,4,2,item_not_received,1
CASE-0334,1663.3,2,0,0,1,0,17,1719.88,0,0.066,1,3,3,unauthorized,1
CASE-0335,13057.96,3,0,0,0,24,24,27343.35,4,0.12,2,2,4,item_not_received,0
CASE-0336,629.23,3,0,1,1,13,80,697.21,2,0.141,0,4,2,unauthorized,1
CASE-0337,814.47,80,1,2,1,18,76,1804.34,3,0.288,0,6,0,item_not_received,1
CASE-0338,1076.54,41,0,0,0,17,16,1281.59,5,0.084,1,4,2,defective,0
CASE-0339,17158.58,17,0,2,1,8,20,21421.59,12,0.463,0,4,2,item_not_received,0
CASE-0340,1650.89,5,1,0,0,4,6,904.41,4,0.395,0,3,3,unauthorized,0
CASE-0341,907.63,12,0,0,1,0,27,1261.83,11,0.187,1,5,1,unauthorized,1
CASE-0342,9292.13,1,2,0,1,0,24,9628.24,0,0.219,2,5,1,defective,1
CASE-0343,7335.88,10,4,2,1,0,14,5472.21,0,0.656,2,5,1,duplicate,1
CASE-0344,1373.01,78,3,3,1,0,19,553.73,4,0.634,4,3,3,item_not_received,0
CASE-0345,722.82,7,0,0,1,18,3,1141.11,2,0.212,1,6,0,item_not_received,1
CASE-0346,19074.87,19,0,0,0,4,17,33095.66,4,0.198,1,1,5,unauthorized,0
CASE-0347,18798.3,4,0,0,0,23,3,25078.89,0,0.131,0,1,5,duplicate,0
CASE-0348,1067.91,2,0,0,1,0,19,2556.67,14,0.204,0,6,0,item_not_received,1
CASE-0349,12649.5,4,6,2,1,0,10,4714.38,3,0.901,0,4,2,item_not_received,0
CASE-0350,126130.69,73,2,2,0,26,29,245399.82,12,0.237,0,4,2,duplicate,0
CASE-0351,9764.96,4,2,2,1,19,3,19122.98,2,0.145,1,6,0,item_not_received,1
CASE-0352,620.06,2,5,6,1,20,38,267.39,9,0.463,0,4,2,item_not_received,0
CASE-0353,19981.44,8,0,1,0,19,17,14553.06,9,0.131,2,2,4,unauthorized,0
CASE-0354,1466.01,55,0,0,1,0,23,1488.62,0,0.024,0,3,3,item_not_received,1
CASE-0355,17950.88,1,3,0,1,0,2,39569.11,0,0.503,2,5,1,item_not_received,1
CASE-0356,1494.72,3,9,0,1,0,4,1525.09,5,1.0,0,6,0,defective,1
CASE-0357,16760.08,28,0,0,1,0,5,22221.22,1,0.043,4,3,3,item_not_received,1
CASE-0358,902.01,9,0,0,1,0,12,1962.87,3,0.067,0,5,1,item_not_received,0
CASE-0359,14984.48,2,0,2,1,0,5,34735.11,1,0.198,0,6,0,duplicate,1
CASE-0360,2941.49,1,0,0,1,26,1,1183.57,6,0.062,4,4,2,defective,1
CASE-0361,18916.79,15,1,0,1,0,19,42237.04,3,0.181,4,5,1,unauthorized,0
CASE-0362,945.94,4,2,1,1,0,9,477.11,4,0.51,2,4,2,unauthorized,1
CASE-0363,50973.4,19,1,1,0,29,5,116154.84,0,0.234,1,3,3,item_not_received,0
CASE-0364,87432.53,4,0,0,1,1,14,206064.67,4,0.202,6,4,2,other,1
CASE-0365,6244.34,18,4,3,0,3,1,9353.84,13,0.727,1,2,4,defective,0
CASE-0366,37284.92,1,3,0,1,0,5,28911.35,3,0.615,1,5,1,defective,1
CASE-0367,10775.76,6,0,2,1,0,3,19928.27,14,0.045,0,5,1,defective,1
CASE-0368,14847.56,3,0,0,0,7,62,26149.49,1,0.292,0,1,5,item_not_received,0
CASE-0369,1290.61,16,0,6,1,10,5,2111.83,3,0.006,0,5,1,defective,1
CASE-0370,117147.25,17,3,7,1,0,64,116018.09,3,0.543,0,1,5,unauthorized,0
CASE-0371,692.68,78,0,0,0,21,7,994.76,3,0.101,0,4,2,item_not_received,0
CASE-0372,7854.93,1,0,0,0,26,10,5497.82,3,0.511,0,3,3,item_not_received,0
CASE-0373,109923.35,18,1,1,1,2,16,94361.36,0,0.339,1,5,1,unauthorized,1
CASE-0374,984.93,8,0,0,0,28,5,1554.33,0,0.454,0,3,3,unauthorized,0
CASE-0375,970.31,4,0,0,1,0,17,324.34,7,0.322,0,6,0,defective,1
CASE-0376,2882.51,8,0,0,0,6,6,5411.31,0,0.208,0,2,4,unauthorized,0
CASE-0377,442.47,2,0,6,1,0,4,307.47,2,0.051,0,5,1,item_not_received,1
CASE-0378,488.78,3,0,2,1,0,1,845.94,0,0.179,0,4,2,item_not_received,1
CASE-0379,1252.47,59,8,1,1,0,5,1174.32,0,0.806,0,5,1,other,1
CASE-0380,116506.71,1,0,0,1,20,2,167185.97,7,0.219,0,4,2,item_not_received,1
CASE-0381,1250.46,15,1,0,1,0,1,590.13,4,0.232,0,4,2,unauthorized,1
CASE-0382,14672.58,19,0,0,1,26,6,10111.64,4,0.137,0,6,0,item_not_received,1
CASE-0383,14534.85,71,0,7,0,21,32,6698.57,5,0.15,0,4,2,unauthorized,0
CASE-0384,305.67,1,4,1,0,27,28,281.17,4,0.657,0,4,2,defective,1
CASE-0385,501.75,3,0,0,1,0,36,750.66,1,0.139,6,5,1,item_not_received,1
CASE-0386,1875.24,3,3,0,0,12,1,3605.02,3,0.418,2,3,3,item_not_received,0
CASE-0387,41247.98,2,1,0,0,19,3,29023.12,1,0.265,4,2,4,item_not_received,1
CASE-0388,6670.56,10,3,0,1,10,11,10978.86,4,0.607,0,6,0,unauthorized,1
CASE-0389,1404.52,45,0,7,1,16,1,1677.79,1,0.16,0,6,0,item_not_received,1
CASE-0390,18072.59,68,2,0,0,9,12,41361.9,4,0.252,0,0,6,item_not_received,0
CASE-0391,4725.69,2,0,0,1,18,1,9509.31,3,0.05,0,5,1,unauthorized,1
CASE-0392,373.73,17,3,2,0,22,23,287.27,4,0.627,0,4,2,item_not_received,0
CASE-0393,116543.87,4,0,2,1,0,88,238377.34,6,0.382,0,6,0,item_not_received,1
CASE-0394,16470.0,2,5,0,1,0,25,21309.67,6,0.361,0,6,0,defective,1
CASE-0395,58319.03,30,0,0,1,0,20,92397.04,0,0.09,0,5,1,item_not_received,1
CASE-0396,1909.18,18,0,0,0,27,76,2258.45,2,0.172,0,3,3,unauthorized,0
CASE-0397,46127.07,10,1,0,1,0,26,24589.02,1,0.264,0,4,2,defective,1
CASE-0398,1971.62,4,5,0,0,3,4,888.08,3,0.513,2,1,5,item_not_received,0
CASE-0399,6963.37,61,2,0,1,16,27,9243.09,8,0.205,0,4,2,item_not_received,1
CASE-0400,30614.91,5,3,0,1,29,14,20262.56,7,0.63,2,6,0,item_not_received,1
CASE-0401,1024.59,2,5,1,1,1,29,2070.22,3,0.33,0,5,1,item_not_received,1
CASE-0402,7858.54,3,2,0,1,0,14,6563.31,5,0.238,0,5,1,unauthorized,1
CASE-0403,13039.18,8,4,2,1,13,21,25655.77,8,0.566,0,4,2,defective,1
CASE-0404,57364.41,17,0,0,1,0,22,64823.33,3,0.221,0,4,2,unauthorized,0
CASE-0405,6250.31,55,3,1,1,0,10,12484.19,3,0.301,3,5,1,item_not_received,1
CASE-0406,59529.32,6,1,0,1,0,16,121178.29,4,0.334,0,5,1,defective,1
CASE-0407,534.07,60,1,0,1,0,3,1229.54,4,0.249,0,6,0,defective,0
CASE-0408,139473.71,11,1,0,1,0,14,197982.62,14,0.15,0,4,2,duplicate,1
CASE-0409,19925.64,3,1,0,1,0,56,20314.16,10,0.345,2,3,3,duplicate,1
CASE-0410,609.07,1,0,7,1,2,78,578.34,2,0.12,6,2,4,unauthorized,0
CASE-0411,201.24,8,0,1,1,0,32,446.57,14,0.115,2,5,1,unauthorized,1
CASE-0412,11389.33,16,0,1,0,17,14,17245.73,4,0.042,0,2,4,item_not_received,1
CASE-0413,46757.08,13,7,1,0,13,8,72336.18,4,0.85,0,4,2,item_not_received,0
CASE-0414,255.87,4,6,1,1,29,12,622.17,2,0.471,1,5,1,item_not_received,0
CASE-0415,144482.16,13,2,0,0,10,7,295226.06,10,0.463,0,1,5,other,0
CASE-0416,1725.87,13,3,2,1,0,13,3621.13,0,0.228,0,2,4,item_not_received,1
CASE-0417,7649.69,70,6,2,0,3,8,11046.95,1,0.597,0,2,4,unauthorized,0
CASE-0418,1857.73,9,2,0,1,0,25,3050.2,1,0.211,3,5,1,item_not_received,1
CASE-0419,17204.3,93,9,1,1,0,21,11979.42,2,0.934,0,4,2,duplicate,1
CASE-0420,1923.11,10,5,0,1,0,42,931.84,2,0.868,0,5,1,unauthorized,1
CASE-0421,75795.59,19,0,0,1,0,48,166560.17,7,0.142,5,5,1,item_not_received,1
CASE-0422,1879.37,1,0,2,0,2,28,3489.34,0,0.145,2,2,4,unauthorized,0
CASE-0423,115981.01,18,1,0,1,10,89,223892.38,0,0.302,0,5,1,item_not_received,1
CASE-0424,14568.72,8,0,0,0,18,12,29817.18,0,0.045,0,2,4,unauthorized,0
CASE-0425,1884.87,5,2,0,0,1,5,2642.35,0,0.211,2,3,3,duplicate,0
CASE-0426,107286.62,11,9,1,1,0,1,53162.33,3,0.988,5,5,1,duplicate,1
CASE-0427,121219.98,8,0,0,1,0,3,149215.89,2,0.308,0,4,2,other,0
CASE-0428,6338.87,7,0,2,1,0,22,12095.41,4,0.06,0,5,1,defective,0
CASE-0429,6131.36,4,0,2,1,0,4,10079.19,13,0.188,0,5,1,item_not_received,1
CASE-0430,1496.39,2,9,0,1,0,6,3719.51,1,1.0,0,5,1,unauthorized,0
CASE-0431,359.07,70,8,0,0,25,26,796.78,0,1.0,1,3,3,unauthorized,0
CASE-0432,14415.83,18,1,0,1,22,12,9516.07,3,0.098,2,3,3,unauthorized,1
CASE-0433,1036.85,7,9,0,0,17,8,1531.97,0,1.0,0,3,3,defective,0
CASE-0434,1320.08,57,3,1,0,22,26,1799.42,9,0.149,0,4,2,defective,1
CASE-0435,15654.93,1,0,0,0,24,8,35476.86,4,0.265,0,4,2,unauthorized,0
CASE-0436,4477.93,84,1,0,1,0,14,2839.97,0,0.233,5,5,1,duplicate,1
CASE-0437,3919.1,41,7,0,0,10,6,2133.22,4,0.812,0,3,3,defective,0
CASE-0438,6473.07,17,0,1,1,15,3,4781.92,0,0.188,0,5,1,unauthorized,1
CASE-0439,1565.17,4,8,0,1,0,19,2981.99,4,1.0,2,5,1,item_not_received,1
CASE-0440,1750.56,21,0,1,0,10,20,3825.76,0,0.116,6,3,3,unauthorized,0
CASE-0441,131158.9,19,3,0,1,0,3,101265.23,0,0.205,2,4,2,item_not_received,1
CASE-0442,131615.41,84,0,4,1,0,42,274653.56,3,0.137,0,6,0,unauthorized,0
CASE-0443,15849.07,11,3,5,0,27,4,26817.16,1,0.429,0,3,3,duplicate,0
CASE-0444,953.19,16,0,0,0,5,8,1463.99,0,0.104,0,2,4,item_not_received,0
CASE-0445,7747.38,2,3,0,1,0,21,9153.87,1,0.258,0,3,3,item_not_received,1
CASE-0446,517.23,19,8,0,1,0,15,402.78,3,0.761,0,5,1,defective,0
CASE-0447,1102.03,1,2,0,1,0,27,2106.99,3,0.531,1,4,2,item_not_received,1
CASE-0448,535.17,8,0,0,1,0,9,239.42,2,0.158,2,4,2,item_not_received,1
CASE-0449,86548.48,4,0,0,1,20,12,101892.1,1,0.163,0,5,1,unauthorized,0
CASE-0450,6956.78,8,3,0,1,0,8,5288.59,1,0.541,0,4,2,item_not_received,1
CASE-0451,17130.05,21,3,0,0,8,8,32984.19,7,0.331,1,4,2,duplicate,0
CASE-0452,140440.53,41,0,0,1,0,5,152935.73,8,0.025,0,6,0,duplicate,1
CASE-0453,122637.91,73,0,0,1,28,48,225727.0,7,0.457,0,5,1,defective,1
CASE-0454,27041.68,2,0,0,1,6,19,55746.34,3,0.46,1,3,3,item_not_received,1
CASE-0455,1492.35,67,6,2,0,16,11,728.96,11,1.0,1,3,3,item_not_received,0
CASE-0456,32430.78,16,1,0,1,0,62,25087.42,2,0.068,1,3,3,defective,0
CASE-0457,16778.16,3,0,0,1,22,8,7858.19,3,0.095,0,6,0,defective,1
CASE-0458,7008.74,19,0,0,1,0,4,11519.41,7,0.259,0,6,0,defective,1
CASE-0459,15582.62,6,0,0,1,4,24,25397.47,3,0.193,0,3,3,defective,1
CASE-0460,63306.32,5,0,0,0,24,23,22936.23,0,0.256,0,1,5,item_not_received,0
CASE-0461,7454.51,19,0,3,1,0,23,3875.98,3,0.068,6,4,2,item_not_received,0
CASE-0462,1637.57,5,3,0,1,0,22,675.49,3,0.459,2,5,1,item_not_received,1
CASE-0463,19255.82,17,0,0,1,0,2,26553.48,12,0.318,4,5,1,item_not_received,1
CASE-0464,124948.08,4,2,0,0,29,17,152615.99,3,0.324,0,2,4,unauthorized,0
CASE-0465,17790.81,12,5,0,1,9,3,36859.23,10,0.797,0,5,1,duplicate,1
CASE-0466,106425.5,72,3,0,1,0,25,250039.17,9,0.759,1,6,0,duplicate,0
CASE-0467,201.17,54,0,6,1,11,39,61.17,0,0.362,0,4,2,item_not_received,0
CASE-0468,474.8,3,0,1,1,0,2,586.9,1,0.065,0,6,0,duplicate,1
CASE-0469,1327.78,4,0,0,0,7,20,1007.4,0,0.027,2,4,2,unauthorized,0
CASE-0470,8345.68,7,0,2,0,22,74,14338.52,14,0.105,1,5,1,item_not_received,0
CASE-0471,6874.77,39,1,4,0,13,85,13254.03,4,0.319,5,5,1,item_not_received,0
CASE-0472,333.4,18,8,0,1,0,1,815.04,0,0.795,1,6,0,unauthorized,0
CASE-0473,1155.08,4,9,0,0,13,26,2361.69,4,1.0,0,3,3,unauthorized,0
CASE-0474,1494.53,3,0,0,0,14,35,3604.15,0,0.009,1,3,3,item_not_received,0
CASE-0475,18803.7,3,0,2,0,13,2,46556.15,1,0.065,0,1,5,unauthorized,0
CASE-0476,5750.93,14,2,0,1,7,82,13042.08,10,0.215,0,3,3,duplicate,1
CASE-0477,70565.7,18,0,0,1,0,4,159057.48,0,0.3,2,5,1,other,1
CASE-0478,16540.62,15,3,0,1,0,13,20456.86,13,0.508,0,4,2,duplicate,0
CASE-0479,19952.1,2,3,1,1,0,1,10181.89,3,0.29,1,6,0,unauthorized,0
CASE-0480,8665.45,42,0,0,1,16,48,11404.88,0,0.116,0,5,1,duplicate,1
CASE-0481,1747.59,8,2,0,0,27,8,2764.59,2,0.358,0,2,4,item_not_received,0
CASE-0482,1062.79,11,0,0,1,0,9,850.32,9,0.227,0,5,1,item_not_received,1
CASE-0483,15120.92,17,8,0,1,25,10,29828.44,11,1.0,3,4,2,unauthorized,1
CASE-0484,100576.67,12,2,0,1,19,3,216357.2,0,0.532,0,5,1,item_not_received,1
CASE-0485,41064.76,19,0,0,1,0,85,38736.3,4,0.081,0,6,0,duplicate,1
CASE-0486,355.04,14,0,5,1,0,1,604.76,4,0.141,0,3,3,item_not_received,1
CASE-0487,1109.64,18,0,2,0,19,2,607.56,0,0.261,0,1,5,item_not_received,0
CASE-0488,13945.11,3,0,0,1,0,54,28993.66,2,0.153,0,2,4,defective,1
CASE-0489,5745.28,1,3,2,1,0,61,13236.98,3,0.628,0,4,2,item_not_received,0
CASE-0490,485.33,3,2,0,1,0,28,600.59,2,0.419,0,6,0,item_not_received,1
CASE-0491,1655.86,2,3,0,0,14,49,3473.48,4,0.479,6,3,3,defective,0
CASE-0492,136263.85,1,9,1,1,0,65,84016.44,8,0.891,1,6,0,item_not_received,0
CASE-0493,12625.21,13,0,0,1,26,27,5145.8,3,0.039,0,3,3,duplicate,1
CASE-0494,2247.26,2,6,0,1,0,16,2665.86,4,0.771,0,6,0,defective,0
CASE-0495,1647.67,18,0,6,1,0,16,700.78,0,0.186,0,4,2,unauthorized,1
CASE-0496,123171.58,1,2,0,1,0,29,232790.39,1,0.408,0,2,4,item_not_received,1
CASE-0497,461.18,10,2,2,1,17,62,1091.8,9,0.289,4,5,1,duplicate,1
CASE-0498,1794.37,4,1,1,1,19,29,4114.4,14,0.41,0,6,0,unauthorized,0
CASE-0499,5619.88,33,0,0,1,0,5,13716.34,11,0.347,0,5,1,item_not_received,1
CASE-0500,283.93,2,3,1,1,0,71,144.39,4,0.348,0,4,2,item_not_received,0
CASE-0501,726.37,2,0,0,1,12,25,795.48,11,0.08,1,5,1,item_not_received,0
CASE-0502,131832.1,19,0,0,1,18,1,278601.39,0,0.222,5,4,2,item_not_received,1
CASE-0503,680.51,99,1,1,0,1,1,385.35,0,0.129,4,2,4,other,0
CASE-0504,4694.82,3,0,2,0,27,24,10070.45,4,0.095,0,4,2,unauthorized,0
CASE-0505,324.39,3,3,2,1,23,11,684.25,3,0.313,0,2,4,unauthorized,1
CASE-0506,1480.71,8,2,0,1,0,15,3271.41,0,0.303,2,5,1,defective,1
CASE-0507,10465.33,15,0,0,1,2,30,7144.81,4,0.019,0,6,0,item_not_received,1
CASE-0508,61230.14,17,0,0,0,27,23,148741.2,1,0.033,0,4,2,item_not_received,0
CASE-0509,1325.63,18,0,0,1,0,13,779.95,14,0.186,0,5,1,item_not_received,1
CASE-0510,10939.56,17,0,0,0,9,5,21112.07,2,0.19,0,1,5,other,0
CASE-0511,62296.24,97,0,0,1,19,8,105848.47,0,0.148,0,5,1,item_not_received,1
CASE-0512,111300.62,2,2,0,1,20,46,213448.55,3,0.12,0,4,2,unauthorized,1
CASE-0513,15384.38,3,2,0,1,0,28,29507.19,12,0.4,0,5,1,item_not_received,1
CASE-0514,16726.5,3,0,2,1,0,25,36924.9,9,0.099,0,5,1,item_not_received,1
CASE-0515,827.01,1,0,0,1,0,82,252.8,0,0.189,0,5,1,unauthorized,0
CASE-0516,219.36,1,6,0,1,0,19,119.08,10,0.79,0,5,1,item_not_received,1
CASE-0517,1164.75,2,0,0,0,2,22,1406.77,13,0.124,4,1,5,defective,0
CASE-0518,11222.17,4,0,0,0,24,4,4785.25,0,0.301,0,3,3,unauthorized,0
CASE-0519,11158.22,11,0,1,1,0,31,17090.41,9,0.226,6,4,2,item_not_received,1
CASE-0520,11195.4,4,2,1,1,0,1,27044.77,3,0.278,6,5,1,item_not_received,1
CASE-0521,15282.91,96,0,0,0,23,12,21673.58,1,0.152,0,2,4,other,0
CASE-0522,54601.07,2,0,0,0,12,1,98696.03,10,0.05,0,2,4,defective,0
CASE-0523,17008.24,8,0,2,1,12,12,20090.95,0,0.178,0,4,2,unauthorized,1
CASE-0524,11512.75,1,0,1,1,7,6,17123.73,4,0.166,6,5,1,item_not_received,1
CASE-0525,2050.24,63,0,5,1,0,86,1288.21,1,0.259,0,1,5,defective,0
CASE-0526,1103.38,25,8,0,0,12,21,1318.98,5,1.0,1,3,3,unauthorized,0
CASE-0527,15552.92,2,8,2,1,11,16,30552.14,4,1.0,2,3,3,other,0
CASE-0528,1365.62,3,3,0,1,8,20,820.44,8,0.64,0,4,2,item_not_received,1
CASE-0529,1175.61,74,1,0,1,0,58,1452.35,1,0.255,0,5,1,item_not_received,0
CASE-0530,234.83,55,3,2,1,18,12,548.94,2,0.467,0,2,4,unauthorized,1
CASE-0531,68250.5,14,0,0,0,6,16,44086.99,0,0.131,1,5,1,other,0
CASE-0532,11153.94,4,5,0,1,0,1,10788.51,4,0.68,2,3,3,item_not_received,1
CASE-0533,113917.65,10,8,0,1,29,18,218570.88,12,0.926,2,5,1,duplicate,1
CASE-0534,1695.14,10,0,0,0,25,4,558.01,14,0.203,0,3,3,item_not_received,1
CASE-0535,1816.32,4,0,1,0,14,20,3107.37,0,0.363,2,3,3,defective,0
CASE-0536,11531.19,15,0,0,1,0,5,28587.28,1,0.339,0,4,2,item_not_received,1
CASE-0537,1073.38,2,3,1,1,0,21,2068.13,1,0.367,0,4,2,item_not_received,1
CASE-0538,13793.41,3,0,0,1,0,71,18916.61,1,0.067,2,5,1,item_not_received,1
CASE-0539,4152.56,4,5,0,1,15,12,1438.41,4,0.459,0,3,3,defective,0
CASE-0540,17056.48,10,0,0,1,29,3,28495.97,3,0.107,1,5,1,defective,0
CASE-0541,11172.52,64,0,0,1,27,11,23683.8,1,0.306,0,3,3,duplicate,1
CASE-0542,1039.17,26,0,1,1,13,24,1956.89,1,0.04,1,4,2,item_not_received,1
CASE-0543,1354.29,1,3,0,1,22,59,1090.24,10,0.529,0,6,0,other,0
CASE-0544,352.28,44,0,2,0,29,8,202.87,4,0.179,2,3,3,duplicate,0
CASE-0545,54864.13,12,3,0,1,0,20,43579.92,0,0.56,0,6,0,item_not_received,1
CASE-0546,857.21,4,2,3,1,29,16,871.11,4,0.311,0,5,1,unauthorized,1
CASE-0547,123488.74,66,0,0,1,0,2,88389.34,5,0.082,0,6,0,unauthorized,1
CASE-0548,11922.93,5,0,0,0,25,29,4028.54,10,0.046,0,3,3,item_not_received,0
CASE-0549,1452.16,3,2,0,1,0,65,2036.53,0,0.363,0,5,1,defective,0
CASE-0550,208.7,2,8,7,1,0,14,217.33,13,0.89,0,6,0,item_not_received,0
CASE-0551,1766.53,13,0,0,1,0,4,1139.33,0,0.04,5,5,1,item_not_received,1
CASE-0552,958.22,16,2,0,1,26,10,1973.68,1,0.402,0,3,3,defective,0
CASE-0553,11511.54,4,6,3,1,0,28,21252.11,3,0.813,0,5,1,other,1
CASE-0554,11723.73,5,0,0,1,0,28,7645.0,11,0.074,0,5,1,defective,1
CASE-0555,5928.56,82,2,0,1,0,56,2852.51,0,0.429,0,4,2,duplicate,0
CASE-0556,4159.95,10,3,1,1,23,7,5138.83,3,0.61,0,6,0,other,0
CASE-0557,548.4,7,0,1,1,0,5,823.67,3,0.211,2,2,4,defective,1
CASE-0558,3675.41,2,3,0,1,7,15,7847.29,0,0.185,1,5,1,duplicate,1
CASE-0559,7158.6,9,0,1,1,0,20,7482.23,4,0.172,0,3,3,defective,1
CASE-0560,3311.41,2,0,0,1,0,29,1398.38,0,0.137,0,6,0,unauthorized,1
CASE-0561,851.64,2,0,0,0,9,76,514.35,1,0.249,0,1,5,defective,0
CASE-0562,1781.71,6,0,6,0,23,5,2489.82,10,0.257,0,2,4,duplicate,0
CASE-0563,6019.22,50,5,2,1,23,82,14256.75,0,0.591,0,3,3,defective,0
CASE-0564,138237.36,75,0,0,1,0,20,268956.1,1,0.13,1,2,4,item_not_received,1
CASE-0565,14879.74,5,0,0,1,16,19,25716.67,0,0.071,0,6,0,item_not_received,1
CASE-0566,1027.21,17,0,1,1,0,1,902.67,1,0.131,6,5,1,item_not_received,1
CASE-0567,11100.66,9,0,0,0,28,42,21111.34,1,0.123,2,2,4,defective,0
CASE-0568,6113.53,35,0,2,1,21,6,3080.17,0,0.172,1,4,2,defective,1
CASE-0569,2720.46,3,0,0,1,13,31,3360.37,11,0.142,0,5,1,defective,1
CASE-0570,132605.97,93,0,2,1,7,9,50471.47,13,0.077,0,4,2,item_not_received,1
CASE-0571,93998.77,10,0,0,1,0,5,228088.07,1,0.16,2,4,2,defective,0
CASE-0572,38162.27,4,8,0,0,14,63,17557.9,11,0.823,2,4,2,item_not_received,0
CASE-0573,19382.27,17,1,2,1,5,73,42293.94,2,0.187,0,5,1,item_not_received,1
CASE-0574,21859.73,2,0,0,1,14,31,53969.07,13,0.466,0,6,0,item_not_received,1
CASE-0575,1008.32,12,0,0,1,0,29,453.35,12,0.114,0,5,1,item_not_received,1
CASE-0576,2035.8,4,2,0,1,9,72,2273.18,4,0.225,2,5,1,item_not_received,1
CASE-0577,8238.27,18,0,0,0,28,7,18809.01,1,0.082,0,6,0,duplicate,0
CASE-0578,85316.59,10,0,0,1,16,25,159512.98,1,0.101,0,3,3,item_not_received,1
CASE-0579,1230.26,2,7,0,1,18,14,2536.9,0,0.602,1,5,1,item_not_received,1
CASE-0580,94013.05,53,0,0,1,0,4,61599.21,3,0.066,0,4,2,item_not_received,1
CASE-0581,1727.49,2,1,1,1,18,1,2340.25,8,0.318,0,4,2,defective,1
CASE-0582,104497.47,82,6,0,1,0,89,153112.01,1,0.572,2,3,3,unauthorized,0
CASE-0583,19486.39,44,0,2,1,0,73,33153.2,2,0.069,0,4,2,item_not_received,1
CASE-0584,1411.2,45,2,1,1,29,14,1170.51,0,0.267,0,6,0,duplicate,0
CASE-0585,3652.41,19,0,4,1,0,14,6501.39,1,0.126,1,4,2,other,1
CASE-0586,14025.85,37,9,0,1,23,29,9691.93,4,0.885,0,4,2,unauthorized,0
CASE-0587,454.27,8,2,0,1,23,5,360.32,3,0.489,0,6,0,duplicate,1
CASE-0588,1499.67,1,0,0,1,21,6,2523.09,1,0.062,6,5,1,defective,0
CASE-0589,49401.67,4,0,0,1,19,6,121861.85,8,0.125,0,5,1,item_not_received,1
CASE-0590,14289.12,14,4,0,1,1,3,17384.31,6,0.548,0,5,1,unauthorized,1
CASE-0591,297.94,86,2,0,1,19,44,643.63,12,0.415,0,6,0,unauthorized,0
CASE-0592,90507.32,73,1,1,0,23,36,49042.33,4,0.417,0,4,2,defective,0
CASE-0593,1615.89,14,8,0,0,22,45,625.47,4,1.0,0,1,5,unauthorized,0
CASE-0594,1146.77,17,0,0,1,0,5,362.97,8,0.204,0,5,1,duplicate,1
CASE-0595,563.5,1,0,1,1,20,26,1153.25,8,0.202,0,4,2,other,1
CASE-0596,640.0,8,0,0,1,0,46,1290.18,9,0.1,0,6,0,item_not_received,1
CASE-0597,51880.5,83,0,0,1,0,6,36524.57,3,0.048,0,5,1,duplicate,1
CASE-0598,17923.41,11,9,4,0,14,7,26654.08,0,1.0,0,3,3,item_not_received,0
CASE-0599,79645.1,13,8,4,1,0,61,137779.49,14,1.0,2,4,2,unauthorized,0
CASE-0600,567.76,7,0,0,1,25,12,1246.86,1,0.039,0,2,4,other,1
CASE-0601,1090.79,90,4,0,1,0,14,2588.77,7,0.414,0,5,1,item_not_received,1
CASE-0602,1320.58,66,8,0,1,0,77,408.27,8,0.743,0,5,1,unauthorized,1
CASE-0603,110683.66,6,0,0,0,19,69,235015.99,10,0.096,5,4,2,unauthorized,0
CASE-0604,439.64,3,1,0,1,0,19,689.06,4,0.31,6,5,1,unauthorized,1
CASE-0605,84736.19,18,3,1,1,0,8,202192.68,4,0.521,0,4,2,item_not_received,1
CASE-0606,1153.17,14,0,0,1,24,21,961.76,14,0.04,0,5,1,unauthorized,1
CASE-0607,325.3,89,0,1,1,0,54,577.85,14,0.106,0,5,1,other,1
CASE-0608,2209.56,8,0,6,1,11,58,1964.18,4,0.22,0,5,1,item_not_received,1
CASE-0609,61761.82,4,0,0,0,28,89,34321.24,5,0.053,2,2,4,unauthorized,0
CASE-0610,668.92,28,0,2,1,0,3,1668.1,4,0.117,5,4,2,item_not_received,1
CASE-0611,1477.2,16,0,0,1,0,20,2228.84,13,0.311,1,5,1,defective,1
CASE-0612,271.34,4,0,0,1,0,27,207.51,0,0.033,0,5,1,unauthorized,0
CASE-0613,25672.89,12,2,0,1,0,1,10781.48,13,0.143,1,5,1,unauthorized,1
CASE-0614,18325.53,11,1,0,1,0,28,16046.91,3,0.102,2,2,4,item_not_received,1
CASE-0615,814.32,12,1,0,1,13,16,2014.08,0,0.457,2,5,1,unauthorized,1
CASE-0616,106257.78,82,0,2,0,19,5,252095.54,10,0.365,0,3,3,unauthorized,0
CASE-0617,11987.05,3,3,2,0,2,11,14491.58,0,0.559,0,2,4,unauthorized,0
CASE-0618,10088.22,18,0,2,0,11,81,4727.1,4,0.108,0,4,2,duplicate,0
CASE-0619,31903.79,11,0,0,0,5,7,43946.41,0,0.056,0,2,4,defective,0
CASE-0620,265.83,12,0,0,0,0,86,317.34,0,0.025,5,2,4,duplicate,0
CASE-0621,3606.48,8,0,0,0,24,4,7525.35,10,0.065,0,2,4,defective,0
CASE-0622,16530.5,3,1,0,1,14,22,12688.19,0,0.395,0,4,2,item_not_received,1
CASE-0623,6009.18,12,0,0,1,0,16,11847.58,2,0.091,0,5,1,unauthorized,1
CASE-0624,1088.21,2,1,0,0,9,8,2310.91,2,0.412,0,3,3,item_not_received,0
CASE-0625,7474.9,63,0,0,0,10,84,16450.64,5,0.423,1,2,4,unauthorized,0
CASE-0626,143288.59,18,0,0,0,25,19,234785.64,4,0.019,0,3,3,item_not_received,0
CASE-0627,8002.26,13,1,0,1,1,57,15173.63,3,0.3,1,5,1,item_not_received,1
CASE-0628,12189.89,1,9,0,0,12,24,27736.97,4,0.967,0,3,3,defective,0
CASE-0629,9053.68,3,0,0,0,21,5,14718.45,4,0.08,2,3,3,defective,1
CASE-0630,1591.7,32,2,1,1,4,9,1380.92,3,0.266,0,5,1,unauthorized,1
CASE-0631,939.87,6,3,7,1,21,20,1871.4,2,0.289,2,3,3,defective,0
CASE-0632,810.1,2,0,0,0,5,20,444.1,14,0.165,2,2,4,defective,0
CASE-0633,72166.98,15,0,1,1,0,25,35292.29,4,0.057,0,5,1,unauthorized,0
CASE-0634,9908.53,14,0,0,1,0,13,17060.45,12,0.198,0,6,0,duplicate,1
CASE-0635,89040.19,5,0,2,1,0,27,60276.49,0,0.164,0,5,1,other,1
CASE-0636,989.77,89,0,0,0,6,3,2409.27,4,0.217,1,5,1,unauthorized,0
CASE-0637,110052.02,7,3,2,1,0,12,155366.97,2,0.697,6,3,3,defective,1
CASE-0638,19074.05,5,3,2,1,23,6,33309.42,13,0.635,0,4,2,item_not_received,1
CASE-0639,581.17,13,1,0,0,5,5,759.74,13,0.195,0,3,3,duplicate,0
CASE-0640,409.0,16,1,0,0,26,4,620.47,4,0.192,0,4,2,item_not_received,0
CASE-0641,19793.31,16,0,0,0,23,15,16524.79,13,0.139,0,3,3,item_not_received,0
CASE-0642,5500.41,7,0,2,1,0,20,7221.22,0,0.303,0,3,3,other,1
CASE-0643,13565.52,59,0,0,1,14,32,31610.54,0,0.099,0,5,1,defective,1
CASE-0644,45211.91,15,1,0,0,24,11,71991.74,0,0.035,0,5,1,item_not_received,0
CASE-0645,1512.84,8,2,0,1,0,1,653.11,3,0.35,0,6,0,unauthorized,1
CASE-0646,9990.98,8,0,0,1,0,85,17088.86,3,0.302,2,4,2,unauthorized,1
CASE-0647,238.07,44,0,0,0,13,46,444.11,4,0.144,2,3,3,duplicate,0
CASE-0648,19885.01,29,0,0,1,0,35,41884.8,11,0.294,1,5,1,item_not_received,1
CASE-0649,2722.67,10,2,0,0,1,18,1959.99,1,0.595,0,2,4,item_not_received,0
CASE-0650,1840.28,38,0,0,1,0,6,3284.64,1,0.13,5,4,2,other,1
CASE-0651,12537.2,22,0,0,1,13,3,3772.96,1,0.117,0,4,2,unauthorized,1
CASE-0652,106244.24,4,0,0,1,0,13,37427.55,8,0.227,2,6,0,item_not_received,1
CASE-0653,18832.52,8,3,2,1,0,42,37115.43,3,0.456,0,4,2,item_not_received,1
CASE-0654,1832.09,19,0,0,0,16,2,2525.97,13,0.098,0,1,5,defective,0
CASE-0655,6104.05,70,2,1,0,2,26,8024.46,4,0.175,0,3,3,item_not_received,0
CASE-0656,14619.58,47,0,0,1,22,4,30034.85,3,0.188,0,5,1,unauthorized,1
CASE-0657,1048.4,2,0,0,1,26,65,1641.97,3,0.165,1,3,3,defective,0
CASE-0658,2718.87,4,1,2,0,6,14,5914.77,2,0.191,0,3,3,item_not_received,0
CASE-0659,8357.06,4,0,1,1,0,6,17084.12,0,0.107,0,5,1,defective,1
CASE-0660,6069.16,15,3,5,0,18,16,6325.68,0,0.551,2,3,3,defective,0
CASE-0661,40791.85,2,3,0,1,0,24,13602.96,4,0.404,2,5,1,defective,1
CASE-0662,1129.62,70,6,0,1,0,21,929.63,1,0.947,0,3,3,unauthorized,0
CASE-0663,11810.29,8,1,0,1,14,16,19823.56,4,0.178,0,5,1,defective,1
CASE-0664,1238.61,8,0,0,0,5,13,1008.55,2,0.226,4,3,3,unauthorized,0
CASE-0665,1686.8,61,3,0,1,20,11,2690.13,2,0.349,0,6,0,unauthorized,0
CASE-0666,15264.37,14,1,0,0,1,3,25809.3,12,0.161,3,3,3,item_not_received,0
CASE-0667,10930.66,38,2,2,1,0,3,3294.28,3,0.326,0,5,1,unauthorized,0
CASE-0668,17760.36,79,0,1,0,6,18,16780.47,4,0.082,0,3,3,defective,0
CASE-0669,1283.88,1,1,0,1,6,5,1373.26,9,0.19,2,6,0,other,0
CASE-0670,833.85,3,1,0,0,7,2,262.27,0,0.182,2,4,2,defective,0
CASE-0671,63880.04,1,0,1,1,21,78,133675.47,5,0.057,3,5,1,unauthorized,1
CASE-0672,1110.05,2,0,0,1,3,17,1301.03,3,0.112,0,4,2,other,1
CASE-0673,14791.79,5,0,0,1,10,2,11058.11,1,0.134,2,4,2,duplicate,1
CASE-0674,293.22,13,0,0,1,12,13,228.34,0,0.196,5,6,0,duplicate,1
CASE-0675,2092.43,1,0,5,0,2,66,1644.21,5,0.022,0,3,3,item_not_received,0
CASE-0676,705.7,18,4,0,1,0,72,1331.25,0,0.504,0,4,2,unauthorized,0
CASE-0677,6682.74,82,0,3,0,13,6,10431.8,3,0.226,2,4,2,item_not_received,0
CASE-0678,104422.95,16,0,0,1,0,7,63580.08,14,0.005,2,5,1,defective,1
CASE-0679,1139.39,7,0,2,1,0,10,1432.58,7,0.146,0,6,0,item_not_received,1
CASE-0680,15444.7,16,0,4,0,10,21,33785.34,1,0.161,0,4,2,item_not_received,0
CASE-0681,82710.24,95,1,0,1,6,83,80633.22,6,0.171,0,5,1,other,1
CASE-0682,1813.91,2,3,0,0,25,3,3015.1,4,0.161,1,5,1,unauthorized,0
CASE-0683,1641.48,9,0,0,1,8,2,1060.08,0,0.042,1,4,2,unauthorized,0
CASE-0684,12474.6,4,9,0,1,0,10,10717.34,1,1.0,1,5,1,item_not_received,0
CASE-0685,2981.08,2,0,2,1,0,30,1141.03,4,0.135,6,4,2,defective,0
CASE-0686,1166.94,9,0,6,1,0,70,1427.25,11,0.123,0,4,2,unauthorized,0
CASE-0687,17231.56,5,0,0,0,4,21,24154.49,0,0.349,3,3,3,unauthorized,0
CASE-0688,690.79,11,0,2,1,0,26,455.84,4,0.36,0,4,2,duplicate,1
CASE-0689,562.41,1,3,1,1,0,19,362.05,0,0.579,0,3,3,unauthorized,0
CASE-0690,1478.98,3,2,0,1,0,20,3289.08,2,0.156,1,3,3,defective,0
CASE-0691,4489.54,60,0,3,1,0,8,4238.71,1,0.07,0,3,3,item_not_received,1
CASE-0692,1103.54,11,1,0,1,7,85,832.21,3,0.136,0,4,2,unauthorized,0
CASE-0693,54803.79,18,0,0,1,8,25,36664.33,1,0.316,2,4,2,unauthorized,0
CASE-0694,6743.98,17,2,0,1,12,24,2534.33,3,0.285,2,5,1,other,1
CASE-0695,1386.83,13,2,0,0,17,20,2409.83,3,0.379,0,1,5,item_not_received,0
CASE-0696,7067.56,19,0,0,1,0,4,14534.54,1,0.156,1,6,0,duplicate,1
CASE-0697,18462.0,4,2,0,1,0,44,21787.91,3,0.447,0,5,1,item_not_received,1
CASE-0698,1387.96,1,0,2,1,0,3,2584.47,1,0.106,0,5,1,other,1
CASE-0699,1626.19,5,0,0,1,0,3,2441.29,1,0.123,0,6,0,duplicate,1
CASE-0700,2211.16,53,0,1,0,25,5,2002.34,3,0.199,2,4,2,duplicate,0
CASE-0701,14866.96,7,3,5,0,19,2,10935.93,7,0.35,2,3,3,other,0
CASE-0702,16563.02,10,2,2,1,13,22,30205.91,2,0.628,0,5,1,item_not_received,1
CASE-0703,9403.87,1,1,0,1,0,2,22145.77,3,0.27,0,4,2,duplicate,1
CASE-0704,105368.66,64,0,0,1,9,4,101439.57,0,0.289,4,3,3,item_not_received,1
CASE-0705,829.8,13,0,0,1,0,31,1810.67,4,0.235,3,4,2,item_not_received,1
CASE-0706,243.53,1,1,0,1,16,4,481.28,2,0.277,5,5,1,unauthorized,0
CASE-0707,59043.85,15,8,0,1,0,2,64006.6,0,1.0,2,4,2,item_not_received,1
CASE-0708,571.01,1,0,0,1,24,29,1404.62,0,0.12,1,3,3,item_not_received,0
CASE-0709,690.36,84,0,0,1,0,4,434.44,4,0.012,2,4,2,item_not_received,1
CASE-0710,135345.89,80,0,0,0,1,4,111194.54,10,0.136,0,1,5,item_not_received,0
CASE-0711,14727.83,13,0,5,1,0,4,7922.6,1,0.162,1,5,1,unauthorized,0
CASE-0712,1356.93,11,2,0,1,0,60,2462.93,0,0.447,0,5,1,item_not_received,1
CASE-0713,16740.32,1,0,0,1,2,16,41836.12,1,0.094,0,5,1,item_not_received,1
CASE-0714,344.72,3,7,7,1,15,29,574.19,0,0.896,6,4,2,item_not_received,0
CASE-0715,111817.4,3,0,2,1,0,23,160359.38,1,0.037,0,5,1,item_not_received,1
CASE-0716,1502.76,3,0,1,0,2,9,2538.91,3,0.182,6,3,3,unauthorized,0
CASE-0717,28908.59,12,0,0,1,6,44,60008.41,12,0.032,2,6,0,defective,1
CASE-0718,1843.8,11,2,0,0,22,48,1988.67,2,0.346,0,3,3,defective,0
CASE-0719,127507.01,10,3,1,0,14,41,128272.85,4,0.498,3,4,2,defective,0
CASE-0720,6121.63,6,0,0,1,20,16,14061.63,0,0.167,0,5,1,other,1
CASE-0721,561.62,3,0,0,0,9,21,1062.39,8,0.118,0,1,5,unauthorized,1
CASE-0722,1211.89,2,0,2,1,0,29,2072.01,2,0.241,0,4,2,unauthorized,1
CASE-0723,879.58,45,2,4,1,0,88,1799.74,2,0.163,0,5,1,item_not_received,1
CASE-0724,110727.07,4,0,0,0,28,16,164460.74,0,0.263,0,2,4,defective,0
CASE-0725,2727.23,1,8,1,1,0,25,2466.14,0,1.0,2,4,2,unauthorized,1
CASE-0726,1124.42,14,1,0,1,0,12,2083.21,0,0.218,3,5,1,item_not_received,1
CASE-0727,298.44,34,0,0,1,0,21,184.02,5,0.244,0,6,0,item_not_received,1
CASE-0728,1260.93,4,0,0,1,0,14,1087.82,0,0.063,4,5,1,item_not_received,1
CASE-0729,6723.47,17,0,0,0,19,28,15600.65,4,0.084,2,4,2,defective,0
CASE-0730,1022.85,2,7,1,0,23,48,816.5,0,0.975,0,3,3,other,0
CASE-0731,6714.5,10,0,2,1,0,1,10762.49,14,0.087,3,4,2,unauthorized,1
CASE-0732,1149.19,1,6,0,0,19,24,1871.63,1,0.607,0,3,3,defective,0
CASE-0733,912.9,1,3,5,1,15,3,2228.0,1,0.382,0,4,2,defective,0
CASE-0734,39910.71,3,1,0,0,21,20,40017.68,4,0.631,0,4,2,defective,0
CASE-0735,35372.1,57,0,0,1,0,6,73805.41,0,0.142,0,6,0,other,1
CASE-0736,1770.68,13,0,0,1,0,17,1293.65,12,0.451,0,4,2,item_not_received,1
CASE-0737,1172.93,4,0,1,0,24,4,1639.95,1,0.28,0,2,4,defective,0
CASE-0738,562.91,4,0,0,1,0,68,1114.87,0,0.166,0,5,1,item_not_received,1
CASE-0739,1089.69,86,1,0,1,0,45,1622.54,10,0.251,0,3,3,defective,1
CASE-0740,2227.33,3,0,0,0,7,21,4909.49,5,0.439,2,2,4,item_not_received,0
CASE-0741,145412.75,15,0,0,1,0,1,256453.46,1,0.086,5,2,4,item_not_received,1
CASE-0742,5772.18,24,3,6,1,18,5,2364.05,3,0.497,1,3,3,defective,0
CASE-0743,464.65,82,0,2,1,28,72,672.67,1,0.017,0,5,1,defective,0
CASE-0744,571.92,2,3,1,1,0,29,977.77,14,0.465,0,4,2,item_not_received,1
CASE-0745,101150.01,15,0,0,1,0,17,154431.72,8,0.407,6,3,3,defective,1
CASE-0746,13957.27,2,2,0,1,0,3,25832.68,12,0.545,0,5,1,unauthorized,1
CASE-0747,5925.42,17,0,0,0,21,43,10520.69,7,0.183,0,6,0,item_not_received,1
CASE-0748,2265.86,10,0,0,1,4,77,4888.34,9,0.093,0,4,2,duplicate,1
CASE-0749,15568.75,65,0,0,1,0,2,17839.03,4,0.3,0,6,0,item_not_received,1
CASE-0750,12109.93,7,0,0,1,0,3,9926.4,4,0.095,2,5,1,other,1
CASE-0751,4722.49,4,2,1,0,26,26,9438.39,1,0.166,0,1,5,duplicate,0
CASE-0752,600.28,6,1,2,1,4,13,822.05,2,0.178,0,4,2,defective,0
CASE-0753,60005.01,7,9,2,0,14,1,147288.21,6,1.0,0,4,2,item_not_received,0
CASE-0754,70429.68,3,2,2,1,0,4,173440.59,0,0.178,1,5,1,defective,0
CASE-0755,3352.42,82,3,0,1,7,25,1080.16,0,0.535,0,4,2,item_not_received,0
CASE-0756,1347.74,85,4,1,0,8,11,2411.88,1,0.759,5,1,5,defective,0
CASE-0757,66331.49,9,3,1,1,0,26,98900.88,0,0.689,1,4,2,item_not_received,0
CASE-0758,14427.09,2,1,0,1,0,71,14098.74,3,0.08,0,6,0,defective,1
CASE-0759,68380.16,64,3,0,1,6,46,35890.04,11,0.488,0,3,3,item_not_received,0
CASE-0760,18481.57,13,0,0,1,0,8,27061.33,2,0.131,0,4,2,unauthorized,1
CASE-0761,4317.99,18,1,2,1,0,22,3841.93,2,0.235,0,6,0,item_not_received,1
CASE-0762,17734.48,1,0,0,1,15,35,36232.67,9,0.21,0,5,1,item_not_received,1
CASE-0763,545.74,15,5,0,0,20,49,1318.84,3,0.72,0,4,2,item_not_received,0
CASE-0764,1483.37,4,0,2,0,8,6,3081.97,3,0.139,0,3,3,defective,1
CASE-0765,51939.81,9,2,0,1,0,5,89505.65,0,0.495,0,3,3,item_not_received,1
CASE-0766,17744.56,38,0,0,1,22,6,17524.99,2,0.064,0,5,1,defective,1
CASE-0767,1016.0,2,0,0,1,0,24,2538.88,0,0.11,5,4,2,item_not_received,1
CASE-0768,15261.58,19,3,1,1,0,9,12879.75,0,0.23,1,3,3,unauthorized,1
CASE-0769,1340.6,11,2,2,1,0,21,2812.25,14,0.192,0,4,2,other,1
CASE-0770,12043.73,12,0,0,1,0,28,7070.22,2,0.198,0,4,2,unauthorized,1
CASE-0771,62234.68,17,3,1,1,3,3,80610.17,13,0.202,1,6,0,defective,1
CASE-0772,1207.6,6,0,0,0,15,5,854.92,4,0.217,0,1,5,defective,0
CASE-0773,124478.21,9,0,0,1,0,2,275893.65,4,0.113,0,6,0,item_not_received,1
CASE-0774,1467.55,11,0,0,0,7,21,3557.26,6,0.101,0,1,5,defective,0
CASE-0775,12437.64,3,9,5,1,0,5,29479.85,1,1.0,0,4,2,defective,0
CASE-0776,554.87,2,1,2,1,6,11,415.83,3,0.345,3,4,2,defective,1
CASE-0777,121848.19,18,0,0,0,7,2,47955.55,0,0.211,1,2,4,unauthorized,0
CASE-0778,1663.32,51,5,3,1,10,29,641.98,0,0.605,0,5,1,unauthorized,1
CASE-0779,726.43,23,2,0,1,0,11,1592.65,12,0.267,0,6,0,other,1
CASE-0780,122568.97,1,1,0,1,17,37,231116.02,1,0.274,0,6,0,item_not_received,1
CASE-0781,103396.54,16,6,2,1,0,5,233110.51,0,0.568,3,4,2,defective,0
CASE-0782,1401.39,4,2,7,0,14,6,1405.45,3,0.275,0,2,4,unauthorized,0
CASE-0783,709.27,83,2,0,1,10,6,1056.43,12,0.165,6,4,2,unauthorized,1
CASE-0784,135443.93,3,0,0,1,0,29,249411.95,2,0.358,0,6,0,unauthorized,1
CASE-0785,16565.7,28,5,0,1,17,6,29760.81,2,0.573,0,6,0,unauthorized,1
CASE-0786,14474.1,6,2,0,0,11,4,36105.8,1,0.278,0,2,4,unauthorized,0
CASE-0787,10736.37,15,0,7,1,19,4,3885.24,0,0.202,0,5,1,defective,1
CASE-0788,791.37,71,7,2,1,0,11,1281.07,3,0.764,2,5,1,defective,0
CASE-0789,1040.34,59,3,2,0,0,3,711.8,2,0.325,6,3,3,duplicate,0
CASE-0790,17218.24,3,9,1,0,3,17,26359.11,1,0.848,1,3,3,duplicate,0
CASE-0791,96984.08,1,2,0,1,0,29,206367.65,12,0.222,0,5,1,defective,0
CASE-0792,8778.2,22,1,7,1,0,1,5780.79,3,0.043,0,3,3,defective,0
CASE-0793,18040.29,8,0,3,1,0,8,15276.26,11,0.028,0,5,1,defective,1
CASE-0794,107742.02,96,0,2,1,0,50,202022.52,12,0.314,0,5,1,unauthorized,0
CASE-0795,19514.78,18,0,0,0,4,26,30963.59,9,0.141,1,1,5,item_not_received,0
CASE-0796,45166.37,40,2,1,0,1,1,65184.16,0,0.188,0,4,2,other,0
CASE-0797,1709.48,3,0,1,1,26,1,593.26,0,0.121,1,4,2,other,0
CASE-0798,6547.1,64,2,0,1,14,29,13463.85,2,0.324,2,6,0,defective,1
CASE-0799,589.17,9,3,0,1,0,3,802.22,1,0.269,0,4,2,duplicate,1
CASE-0800,11178.05,3,0,0,1,0,2,7914.11,2,0.084,0,5,1,unauthorized,1
CASE-0801,14057.0,16,0,2,1,0,1,21851.82,5,0.165,1,4,2,item_not_received,1
CASE-0802,9596.88,19,3,0,0,15,65,23652.75,5,0.382,0,3,3,unauthorized,0
CASE-0803,95465.76,12,3,0,0,24,17,151850.68,2,0.851,0,3,3,other,0
CASE-0804,94938.82,12,0,0,1,0,14,75071.82,2,0.156,0,5,1,item_not_received,1
CASE-0805,79583.37,2,3,0,1,0,1,180627.8,0,0.525,0,5,1,defective,0
CASE-0806,1945.9,4,2,0,0,4,3,2071.45,2,0.397,0,3,3,item_not_received,0
CASE-0807,1419.6,56,7,2,1,0,72,2354.48,0,0.874,0,2,4,item_not_received,1
CASE-0808,1469.96,16,0,0,1,9,7,1105.09,2,0.136,0,6,0,item_not_received,1
CASE-0809,1357.03,2,1,0,1,24,23,1872.18,5,0.178,1,3,3,defective,1
CASE-0810,12791.11,1,0,0,1,0,3,24235.08,0,0.324,0,5,1,duplicate,1
CASE-0811,5692.64,17,0,2,1,8,19,5930.04,3,0.078,1,4,2,defective,1
CASE-0812,9033.26,15,8,0,1,0,9,8505.42,12,0.853,0,3,3,other,0
CASE-0813,7773.94,69,0,2,1,25,3,12671.07,3,0.16,0,3,3,duplicate,1
CASE-0814,15450.0,27,0,0,1,12,5,9374.47,0,0.412,0,5,1,duplicate,1
CASE-0815,64916.66,3,0,0,1,0,7,45024.19,1,0.04,1,6,0,duplicate,1
CASE-0816,10143.7,14,0,0,1,0,7,25078.71,13,0.226,1,4,2,duplicate,1
CASE-0817,90591.19,10,7,0,0,24,19,126767.41,1,0.67,0,3,3,item_not_received,0
CASE-0818,59577.22,3,0,0,0,19,4,39378.62,3,0.124,0,2,4,item_not_received,0
CASE-0819,9317.42,12,3,0,1,0,13,19015.25,4,0.367,0,6,0,item_not_received,1
CASE-0820,801.01,18,0,0,0,12,24,405.83,0,0.07,0,4,2,item_not_received,0
CASE-0821,12530.98,2,3,0,0,19,71,23992.07,10,0.479,0,1,5,item_not_received,0
CASE-0822,9343.91,99,2,0,1,1,1,7145.65,1,0.269,0,4,2,other,1
CASE-0823,104462.38,16,0,0,1,9,7,189115.83,2,0.191,0,4,2,duplicate,1
CASE-0824,361.08,14,3,0,1,0,7,402.54,2,0.161,0,6,0,defective,1
CASE-0825,904.12,6,1,0,1,24,8,1071.01,4,0.06,1,5,1,item_not_received,1
CASE-0826,12036.84,16,0,1,1,6,3,12272.2,14,0.108,0,6,0,unauthorized,1
CASE-0827,57389.68,11,1,1,1,23,6,49347.76,9,0.176,0,4,2,unauthorized,0
CASE-0828,867.91,9,3,0,1,18,2,1285.57,3,0.377,6,6,0,defective,0
CASE-0829,309.03,74,0,0,1,7,3,462.42,0,0.193,1,3,3,defective,1
CASE-0830,8489.04,71,0,0,1,27,64,10873.42,0,0.41,0,3,3,item_not_received,1
CASE-0831,715.59,5,6,7,1,0,40,1617.11,1,0.686,2,6,0,unauthorized,0
CASE-0832,1082.85,5,0,0,1,12,88,1726.57,3,0.131,1,4,2,item_not_received,1
CASE-0833,43363.93,13,3,0,0,5,22,37898.82,3,0.418,2,3,3,defective,0
CASE-0834,6180.4,11,1,0,1,6,29,15279.33,11,0.149,0,6,0,defective,1
CASE-0835,57377.9,9,0,0,1,0,3,52400.82,9,0.261,2,6,0,defective,1
CASE-0836,1675.74,1,1,0,1,0,24,737.77,0,0.094,0,3,3,defective,1
CASE-0837,1571.82,36,0,2,1,0,3,828.79,7,0.067,1,6,0,other,1
CASE-0838,10768.16,17,6,0,0,13,16,24269.27,1,0.854,0,2,4,item_not_received,0
CASE-0839,15314.23,11,0,0,1,0,25,28967.28,9,0.067,2,4,2,item_not_received,1
CASE-0840,18549.3,4,2,5,1,0,13,13191.58,13,0.424,0,5,1,duplicate,0
CASE-0841,1809.82,15,0,0,1,0,25,4161.7,0,0.092,0,5,1,defective,1
CASE-0842,68878.86,3,0,0,0,19,4,116137.38,0,0.377,0,4,2,defective,0
CASE-0843,12208.9,5,0,0,0,2,1,6169.66,2,0.146,0,1,5,defective,0
CASE-0844,1259.86,4,0,4,0,10,6,1652.66,0,0.082,0,2,4,item_not_received,0
CASE-0845,11316.77,18,0,0,0,23,1,9616.95,0,0.061,1,2,4,defective,0
CASE-0846,148083.63,92,1,0,0,3,6,120761.82,13,0.203,5,4,2,item_not_received,0
CASE-0847,18571.63,6,0,0,0,2,14,29863.21,9,0.261,0,4,2,defective,0
CASE-0848,1041.78,15,0,2,1,20,3,419.2,0,0.092,0,6,0,item_not_received,1
CASE-0849,17983.27,7,2,2,1,0,8,12156.22,2,0.517,0,5,1,item_not_received,1
CASE-0850,18133.38,2,8,0,1,6,11,14757.92,9,0.66,0,6,0,item_not_received,1
CASE-0851,113730.7,40,4,0,1,29,65,178537.0,4,0.402,1,5,1,unauthorized,0
CASE-0852,77514.64,4,6,2,1,0,29,161460.2,0,0.633,2,5,1,item_not_received,1
CASE-0853,57808.7,85,3,0,0,8,18,79956.94,5,0.344,5,4,2,other,0
CASE-0854,4591.3,2,0,3,1,7,68,7977.62,11,0.128,0,4,2,item_not_received,1
CASE-0855,695.19,55,3,2,1,0,7,1661.72,0,0.448,5,4,2,other,0
CASE-0856,12195.78,28,0,1,1,0,24,20211.5,1,0.23,1,4,2,defective,1
CASE-0857,39599.62,13,0,0,1,0,2,82673.99,0,0.034,0,5,1,unauthorized,1
CASE-0858,1717.23,4,3,2,1,1,9,2879.02,0,0.433,0,4,2,defective,0
CASE-0859,1879.19,3,2,0,1,4,20,3321.31,3,0.16,0,4,2,defective,0
CASE-0860,1339.15,4,0,0,0,8,3,2921.56,0,0.066,0,2,4,item_not_received,1
CASE-0861,417.45,9,0,0,1,0,68,358.74,7,0.285,0,6,0,other,1
CASE-0862,6506.27,13,7,0,1,21,17,4614.22,5,0.974,2,4,2,duplicate,1
CASE-0863,22951.97,4,3,1,1,10,9,47530.06,0,0.229,0,4,2,other,1
CASE-0864,1310.62,13,6,2,1,0,15,3135.51,0,0.432,0,4,2,defective,1
CASE-0865,45168.14,8,9,0,0,21,16,24040.41,9,0.864,0,3,3,defective,0
CASE-0866,10703.24,23,0,3,1,14,14,18524.23,2,0.158,0,4,2,other,0
CASE-0867,14188.53,56,0,1,1,18,50,17291.6,7,0.228,2,3,3,unauthorized,1
CASE-0868,99986.95,90,3,0,1,12,72,95932.28,11,0.171,0,6,0,unauthorized,1
CASE-0869,1073.62,4,0,1,1,0,5,1409.69,0,0.123,0,6,0,unauthorized,1
CASE-0870,3764.57,1,3,0,1,22,3,3238.27,14,0.537,2,6,0,duplicate,1
CASE-0871,1087.54,31,3,0,1,0,6,2236.44,0,0.629,0,3,3,other,1
CASE-0872,9327.99,73,0,0,1,0,22,8250.4,10,0.174,1,3,3,defective,1
CASE-0873,320.65,2,4,0,1,0,8,388.69,0,0.528,0,5,1,unauthorized,0
CASE-0874,1664.83,18,0,0,0,14,8,2636.98,0,0.088,0,2,4,item_not_received,0
CASE-0875,16595.77,17,0,1,0,25,5,17110.98,4,0.257,0,4,2,duplicate,1
CASE-0876,46438.89,14,0,2,1,0,27,19385.15,9,0.163,2,6,0,unauthorized,1
CASE-0877,115696.79,15,0,1,1,20,4,117090.79,0,0.263,0,5,1,item_not_received,1
CASE-0878,18692.12,5,3,2,0,0,9,29866.6,0,0.429,2,3,3,duplicate,0
CASE-0879,22910.49,3,0,2,1,20,11,35731.86,6,0.042,0,5,1,item_not_received,1
CASE-0880,8845.97,92,0,6,1,0,3,15981.36,8,0.48,0,5,1,item_not_received,0
CASE-0881,64171.85,18,0,0,1,0,28,107918.4,0,0.311,2,3,3,unauthorized,1
CASE-0882,1159.49,4,0,0,1,0,11,2643.65,5,0.07,2,6,0,item_not_received,1
CASE-0883,17035.09,6,3,2,1,0,19,41500.04,9,0.319,0,1,5,item_not_received,0
CASE-0884,1063.03,9,3,0,1,0,15,2568.29,13,0.422,0,6,0,item_not_received,1
CASE-0885,218.55,5,0,2,1,0,47,303.07,0,0.062,0,3,3,item_not_received,0
CASE-0886,1485.38,61,0,0,1,22,23,2467.62,6,0.179,0,6,0,defective,0
CASE-0887,88089.54,28,1,0,1,0,3,120951.85,4,0.408,0,5,1,other,1
CASE-0888,7443.92,3,0,0,1,0,14,13655.8,10,0.095,0,5,1,item_not_received,1
CASE-0889,19308.82,14,4,0,1,0,24,6055.78,0,0.501,0,4,2,item_not_received,1
CASE-0890,147029.23,15,7,0,1,10,77,173076.12,0,0.543,0,5,1,item_not_received,1
CASE-0891,18006.35,35,0,3,1,20,53,36121.84,5,0.06,2,6,0,item_not_received,1
CASE-0892,928.52,24,0,0,1,0,24,557.48,0,0.239,0,5,1,duplicate,1
CASE-0893,114227.68,8,2,7,1,23,3,96688.88,2,0.372,0,6,0,defective,1
CASE-0894,535.68,16,2,0,1,0,5,526.47,8,0.555,6,6,0,unauthorized,1
CASE-0895,829.18,16,6,1,1,26,23,525.82,1,0.596,2,3,3,item_not_received,1
CASE-0896,79962.78,19,3,1,1,0,19,173123.37,0,0.705,0,2,4,unauthorized,1
CASE-0897,7896.91,3,3,0,1,25,25,6163.66,13,0.421,0,3,3,item_not_received,0
CASE-0898,7185.96,16,0,0,0,28,5,9946.35,12,0.217,1,5,1,other,0
CASE-0899,286.92,93,3,0,0,24,16,615.31,0,0.633,0,3,3,unauthorized,0
CASE-0900,127412.57,4,6,0,1,0,12,300745.73,9,0.734,2,5,1,item_not_received,1
CASE-0901,1857.49,1,2,0,0,22,14,3542.32,1,0.394,0,3,3,item_not_received,1
CASE-0902,1592.2,43,0,0,1,0,6,1709.82,13,0.255,0,5,1,other,1
CASE-0903,519.11,11,3,4,1,7,67,624.64,0,0.414,2,5,1,defective,0
CASE-0904,12090.08,19,0,7,0,25,6,23616.64,6,0.256,1,3,3,defective,0
CASE-0905,1931.78,8,0,0,1,3,10,3600.03,1,0.118,0,5,1,item_not_received,1
CASE-0906,76795.19,6,5,2,0,0,24,25467.68,0,0.701,2,4,2,duplicate,0
CASE-0907,149314.66,5,9,0,0,0,4,313732.47,1,1.0,5,3,3,unauthorized,0
CASE-0908,57121.38,73,7,0,0,6,19,31494.2,3,0.852,0,1,5,unauthorized,0
CASE-0909,2580.12,19,3,0,0,19,29,2716.66,4,0.441,1,0,6,duplicate,0
CASE-0910,326.34,7,2,1,1,0,89,366.07,2,0.493,0,5,1,item_not_received,1
CASE-0911,10628.57,54,3,0,0,14,12,8354.05,0,0.211,0,4,2,other,0
CASE-0912,1525.95,8,3,0,1,24,75,2939.99,6,0.459,0,5,1,other,1
CASE-0913,1837.17,3,0,2,1,0,2,2848.3,0,0.172,3,6,0,item_not_received,1
CASE-0914,975.92,5,0,0,1,0,53,390.18,5,0.086,0,4,2,item_not_received,1
CASE-0915,1856.19,13,0,7,1,14,20,2750.69,0,0.164,0,4,2,item_not_received,0
CASE-0916,77726.27,1,0,0,1,12,16,183237.99,3,0.197,0,5,1,item_not_received,1
CASE-0917,715.44,14,0,0,1,0,12,1702.72,2,0.051,0,3,3,unauthorized,1
CASE-0918,112359.24,12,3,0,0,1,2,89289.62,1,0.394,1,2,4,defective,0
CASE-0919,73350.48,40,8,0,1,3,15,96696.95,0,1.0,0,3,3,item_not_received,0
CASE-0920,1980.84,3,0,2,0,20,13,1384.28,1,0.103,0,3,3,unauthorized,0
CASE-0921,12926.59,14,0,0,0,1,3,16974.57,6,0.315,0,4,2,item_not_received,0
CASE-0922,103627.96,7,3,0,0,8,7,108578.41,2,0.413,0,2,4,unauthorized,0
CASE-0923,1833.81,18,3,0,0,0,26,3794.92,6,0.456,1,2,4,duplicate,0
CASE-0924,107404.78,19,0,0,0,23,19,170845.35,9,0.112,0,5,1,unauthorized,0
CASE-0925,11209.82,7,5,0,1,4,45,12147.48,0,0.421,0,3,3,item_not_received,0
CASE-0926,1480.7,12,3,0,1,0,19,866.61,4,0.577,0,5,1,item_not_received,1
CASE-0927,36595.48,7,0,0,1,28,11,16502.95,2,0.17,0,5,1,item_not_received,1
CASE-0928,1445.93,18,0,0,1,0,29,833.91,13,0.303,2,4,2,defective,1
CASE-0929,359.18,4,0,1,0,10,5,526.38,3,0.088,0,1,5,item_not_received,0
CASE-0930,4925.37,3,0,0,1,0,27,6457.34,0,0.127,0,5,1,defective,1
CASE-0931,668.99,1,0,0,1,18,79,578.47,1,0.297,3,5,1,item_not_received,1
CASE-0932,117508.18,8,0,0,1,13,44,88660.95,12,0.03,2,6,0,unauthorized,1
CASE-0933,2203.06,13,0,0,0,14,44,1728.26,5,0.103,2,6,0,unauthorized,0
CASE-0934,13581.13,16,0,0,1,22,15,13150.48,2,0.186,0,5,1,defective,1
CASE-0935,916.98,15,0,0,1,0,88,1823.75,1,0.031,0,5,1,unauthorized,1
CASE-0936,1047.04,11,0,7,1,0,22,2012.01,11,0.059,0,6,0,item_not_received,1
CASE-0937,2564.79,13,5,2,1,0,17,3623.15,4,0.533,3,5,1,item_not_received,0
CASE-0938,14904.73,6,0,2,1,4,17,29015.87,1,0.091,0,4,2,duplicate,1
CASE-0939,61794.34,3,1,2,1,0,5,127752.44,2,0.152,0,6,0,item_not_received,1
CASE-0940,108466.84,26,9,0,1,0,85,74384.18,8,1.0,0,6,0,unauthorized,0
CASE-0941,986.61,2,0,1,1,24,16,1144.88,4,0.115,0,6,0,unauthorized,1
CASE-0942,12444.3,2,0,0,0,8,81,24399.74,4,0.212,0,5,1,unauthorized,0
CASE-0943,9608.45,17,0,0,1,0,27,5184.24,1,0.096,0,5,1,unauthorized,1
CASE-0944,49114.02,2,0,2,1,0,16,86791.19,1,0.188,0,4,2,unauthorized,1
CASE-0945,5662.84,19,3,1,1,13,11,6358.42,0,0.332,0,4,2,item_not_received,1
CASE-0946,11456.51,1,3,0,1,0,3,10009.22,3,0.503,0,5,1,item_not_received,1
CASE-0947,116983.54,11,0,0,1,0,83,55319.39,1,0.046,0,5,1,item_not_received,1
CASE-0948,1542.14,12,0,3,1,0,1,1083.65,0,0.127,2,4,2,unauthorized,0
CASE-0949,7526.25,12,0,2,1,13,2,8656.82,14,0.177,0,6,0,duplicate,1
CASE-0950,491.5,49,0,0,1,0,63,545.29,3,0.086,0,4,2,other,1
CASE-0951,12820.71,80,0,2,1,0,3,8887.36,8,0.236,1,5,1,item_not_received,1
CASE-0952,309.83,4,3,0,0,16,77,663.85,3,0.404,0,1,5,duplicate,0
CASE-0953,264.5,18,8,0,0,8,1,349.63,10,0.935,2,2,4,defective,0
CASE-0954,73664.38,23,9,0,1,0,6,31060.33,1,1.0,2,4,2,defective,1
CASE-0955,11293.24,4,7,0,1,11,39,9331.43,0,0.821,0,6,0,duplicate,0
CASE-0956,1913.0,2,0,0,1,22,11,2824.21,7,0.101,0,6,0,item_not_received,1
CASE-0957,8024.75,11,4,1,1,5,27,7121.05,0,0.472,0,4,2,duplicate,1
CASE-0958,1092.88,22,1,1,1,22,85,2059.18,0,0.454,0,5,1,item_not_received,1
CASE-0959,4478.95,43,1,1,0,23,2,5079.28,4,0.133,5,3,3,item_not_received,0
CASE-0960,7251.93,2,0,0,0,0,7,2677.8,3,0.087,3,2,4,item_not_received,0
CASE-0961,51622.95,14,0,0,1,0,3,107582.9,0,0.315,1,3,3,defective,1
CASE-0962,123753.83,6,1,1,1,0,18,131284.24,4,0.446,0,6,0,unauthorized,1
CASE-0963,707.87,17,0,0,0,21,16,1664.71,4,0.012,0,5,1,item_not_received,1
CASE-0964,119668.74,78,3,1,0,8,18,226767.06,1,0.581,2,4,2,defective,0
CASE-0965,24912.17,26,0,0,0,16,13,41124.53,0,0.106,0,1,5,unauthorized,0
CASE-0966,113175.35,2,0,2,1,20,4,148871.26,6,0.045,0,4,2,other,1
CASE-0967,72844.72,3,6,0,1,13,78,105603.79,2,0.554,0,4,2,item_not_received,1
CASE-0968,118550.7,12,0,0,1,29,1,263660.28,0,0.182,0,6,0,duplicate,1
CASE-0969,118399.07,2,1,0,1,5,11,138288.11,0,0.334,0,4,2,defective,1
CASE-0970,1900.86,1,0,0,1,0,67,4627.2,12,0.02,1,3,3,unauthorized,1
CASE-0971,1792.31,4,3,0,1,5,7,561.43,6,0.321,0,6,0,item_not_received,1
CASE-0972,1143.59,15,0,0,1,0,23,2505.73,3,0.382,0,6,0,defective,1
CASE-0973,754.3,18,3,0,0,17,26,1127.97,0,0.412,0,5,1,item_not_received,0
CASE-0974,1153.54,12,0,0,1,4,18,2328.34,1,0.212,1,3,3,other,1
CASE-0975,1852.99,4,7,2,1,0,16,2760.49,0,1.0,0,4,2,other,1
CASE-0976,52468.51,52,0,0,0,3,17,75795.59,4,0.091,1,3,3,defective,0
CASE-0977,1363.37,2,0,7,0,18,68,1390.62,0,0.361,0,3,3,unauthorized,0
CASE-0978,1109.01,96,6,0,1,14,9,1648.37,0,0.459,5,6,0,other,1
CASE-0979,1245.52,51,0,0,1,0,5,2442.13,0,0.065,5,5,1,item_not_received,1
CASE-0980,51176.98,29,7,0,1,0,48,76560.24,4,0.917,4,6,0,item_not_received,1
CASE-0981,688.07,14,3,2,1,0,5,895.95,0,0.315,0,5,1,item_not_received,1
CASE-0982,16567.62,2,0,0,0,5,16,39528.44,4,0.082,0,3,3,item_not_received,0
CASE-0983,1073.61,8,2,0,1,0,17,1667.46,2,0.197,0,5,1,other,1
CASE-0984,1897.63,6,7,0,1,8,20,992.07,2,1.0,0,4,2,defective,0
CASE-0985,85847.69,1,2,0,1,0,42,124416.61,3,0.284,1,4,2,duplicate,1
CASE-0986,1788.1,16,2,0,1,0,5,3401.57,0,0.272,0,4,2,duplicate,1
CASE-0987,918.12,11,3,0,0,21,7,594.27,0,0.399,0,1,5,item_not_received,0
CASE-0988,318.74,15,0,0,1,8,13,656.56,2,0.116,2,3,3,item_not_received,1
CASE-0989,35139.75,10,4,2,1,0,52,17718.08,0,0.578,2,4,2,item_not_received,1
CASE-0990,19169.72,19,2,2,0,3,24,31583.75,9,0.432,1,3,3,item_not_received,0
CASE-0991,14717.42,7,3,0,1,0,2,22886.33,0,0.531,2,6,0,unauthorized,1
CASE-0992,797.14,15,1,2,1,19,16,1039.32,1,0.293,0,5,1,item_not_received,1
CASE-0993,11859.08,50,0,1,1,0,2,15998.42,1,0.065,1,6,0,defective,1
CASE-0994,12734.23,13,6,2,1,0,29,29747.27,3,0.533,0,5,1,unauthorized,0
CASE-0995,17942.46,12,0,2,1,0,25,26572.99,0,0.166,0,4,2,defective,0
CASE-0996,47215.13,46,0,0,0,22,1,40097.14,3,0.178,1,1,5,unauthorized,0
CASE-0997,132846.97,3,0,0,1,0,4,124205.74,6,0.251,0,6,0,unauthorized,1
CASE-0998,741.65,13,5,1,1,0,71,881.11,0,0.821,0,4,2,item_not_received,1
CASE-0999,140759.17,29,3,0,1,0,52,70557.26,0,0.457,0,5,1,item_not_received,0
CASE-1000,447.95,80,0,2,1,0,4,1047.88,1,0.053,1,6,0,item_not_received,1
CASE-1001,582.11,2,0,0,0,1,24,183.81,1,0.172,0,1,5,item_not_received,0
CASE-1002,56148.29,86,3,0,1,17,88,60611.54,2,0.496,0,4,2,duplicate,1
CASE-1003,1138.54,17,1,1,1,5,9,574.71,3,0.154,0,6,0,unauthorized,1
CASE-1004,5910.75,91,1,0,0,0,17,8278.14,3,0.035,0,4,2,unauthorized,0
CASE-1005,6685.59,4,1,7,1,21,12,11954.26,6,0.189,0,5,1,defective,0
CASE-1006,102332.82,10,5,0,0,5,4,252688.86,1,0.392,0,4,2,unauthorized,0
CASE-1007,16291.83,63,0,2,0,26,12,15388.21,13,0.249,0,3,3,defective,0
CASE-1008,1031.18,2,0,2,1,24,25,2100.41,1,0.315,0,5,1,item_not_received,1
CASE-1009,1491.23,12,9,0,0,18,4,1001.29,14,0.812,0,2,4,unauthorized,0
CASE-1010,321.45,14,0,2,1,22,6,408.04,3,0.144,1,6,0,duplicate,1
CASE-1011,3878.51,72,9,0,1,8,22,1209.4,4,1.0,0,5,1,unauthorized,1
CASE-1012,663.07,2,0,1,0,2,85,936.57,2,0.47,6,2,4,unauthorized,0
CASE-1013,135273.99,13,0,3,0,11,71,221500.2,0,0.16,1,1,5,other,0
CASE-1014,149358.66,1,3,0,1,0,6,51818.63,3,0.486,0,5,1,other,1
CASE-1015,1836.96,4,0,4,1,0,2,2041.2,0,0.128,0,6,0,other,1
CASE-1016,1035.57,2,3,2,1,0,15,1424.79,0,0.546,1,6,0,item_not_received,1
CASE-1017,9267.76,18,0,0,1,3,2,17256.95,3,0.156,0,5,1,duplicate,1
CASE-1018,116145.48,1,9,0,0,11,7,182774.16,13,0.771,5,4,2,duplicate,0
CASE-1019,628.8,12,0,2,1,0,19,978.72,10,0.075,4,5,1,duplicate,0
CASE-1020,1388.0,82,2,0,1,15,27,2498.61,0,0.387,1,4,2,defective,1
CASE-1021,15070.75,2,8,6,0,25,4,5137.9,3,0.651,0,1,5,unauthorized,0
CASE-1022,372.96,6,0,6,1,1,22,739.36,2,0.281,0,5,1,duplicate,1
CASE-1023,125377.19,3,3,0,1,0,17,226544.05,5,0.535,2,6,0,other,1
CASE-1024,9413.34,15,2,2,1,0,13,19161.83,1,0.176,1,4,2,unauthorized,0
CASE-1025,59331.21,1,3,0,1,10,7,48245.27,2,0.364,0,4,2,item_not_received,1
CASE-1026,1866.98,19,3,0,1,0,22,3901.63,0,0.306,4,5,1,defective,1
CASE-1027,59691.43,62,3,0,1,0,17,101856.35,10,0.584,0,4,2,item_not_received,1
CASE-1028,67331.09,8,7,0,0,3,83,55840.12,0,0.725,0,2,4,unauthorized,0
CASE-1029,127283.54,15,1,0,1,0,24,129934.77,2,0.113,0,5,1,unauthorized,1
CASE-1030,1240.44,8,2,0,1,0,1,578.76,0,0.225,0,4,2,unauthorized,1
CASE-1031,4241.63,17,0,1,1,6,24,1461.88,3,0.136,5,4,2,item_not_received,1
CASE-1032,141176.55,1,0,0,0,2,68,285660.22,0,0.099,0,2,4,unauthorized,0
CASE-1033,222.96,2,2,0,1,0,5,68.12,2,0.427,0,5,1,other,1
CASE-1034,14605.78,2,0,3,1,3,27,11917.96,3,0.122,2,5,1,item_not_received,1
CASE-1035,992.13,2,0,2,0,3,6,2359.5,1,0.25,0,1,5,duplicate,0
CASE-1036,51856.45,14,0,0,1,0,29,121046.35,1,0.36,0,3,3,item_not_received,1
CASE-1037,112895.36,19,1,0,1,0,18,98859.49,11,0.072,0,5,1,unauthorized,1
CASE-1038,11245.99,2,0,7,0,14,25,6566.71,0,0.108,2,3,3,unauthorized,0
CASE-1039,11956.92,5,0,0,0,1,28,14015.83,3,0.153,0,2,4,unauthorized,0
CASE-1040,18777.95,4,0,2,0,26,3,40172.46,0,0.331,1,3,3,item_not_received,0
CASE-1041,847.21,57,0,2,1,0,5,1326.21,0,0.051,1,3,3,unauthorized,1
CASE-1042,1818.49,68,0,7,1,0,71,1013.86,1,0.344,0,5,1,duplicate,0
CASE-1043,11373.58,16,0,6,1,25,68,16043.92,4,0.194,0,3,3,defective,1
CASE-1044,3848.18,10,0,0,1,6,5,4979.8,2,0.187,0,5,1,item_not_received,1
CASE-1045,122397.84,1,0,6,0,9,27,199438.16,14,0.324,3,3,3,defective,0
CASE-1046,75683.4,83,0,1,0,24,35,107058.89,10,0.126,0,4,2,item_not_received,0
CASE-1047,432.4,2,0,0,1,0,16,1034.15,4,0.119,0,5,1,other,1
CASE-1048,3666.04,2,0,0,1,27,14,1385.88,4,0.038,2,6,0,defective,1
CASE-1049,67807.61,93,9,0,1,0,4,61261.55,2,1.0,0,4,2,other,0
CASE-1050,18441.72,15,2,0,1,18,75,12292.64,0,0.278,0,5,1,item_not_received,1
CASE-1051,15937.15,4,0,1,1,0,26,31300.6,13,0.445,0,5,1,unauthorized,1
CASE-1052,18162.88,7,4,0,1,10,10,45083.49,2,0.696,0,3,3,item_not_received,1
CASE-1053,1528.38,9,0,0,1,8,6,2883.86,2,0.25,1,6,0,unauthorized,1
CASE-1054,94890.9,3,0,2,1,28,9,169015.13,0,0.208,6,5,1,item_not_received,1
CASE-1055,1973.91,3,0,0,1,12,52,4506.65,2,0.096,0,4,2,defective,1
CASE-1056,2590.98,8,0,0,0,28,2,3124.62,8,0.184,0,5,1,unauthorized,1
CASE-1057,381.51,7,0,0,0,0,4,889.49,2,0.131,6,4,2,unauthorized,0
CASE-1058,891.1,70,0,0,1,17,14,1993.22,0,0.221,2,6,0,item_not_received,1
CASE-1059,11187.61,3,0,1,1,0,19,10371.9,2,0.248,0,4,2,duplicate,1
CASE-1060,110272.97,3,1,0,1,0,2,151119.1,4,0.178,0,5,1,item_not_received,1
CASE-1061,149854.95,79,5,0,1,0,1,323662.98,0,0.82,0,3,3,item_not_received,1
CASE-1062,54169.74,9,8,2,1,17,1,70596.31,0,0.988,0,5,1,unauthorized,1
CASE-1063,44825.35,19,0,1,1,0,10,22456.27,4,0.201,6,5,1,unauthorized,1
CASE-1064,11558.39,6,4,0,0,24,49,17954.28,9,0.824,0,3,3,unauthorized,0
CASE-1065,1985.76,1,3,0,1,11,23,3453.13,13,0.183,0,5,1,item_not_received,1
CASE-1066,15474.27,4,4,1,1,6,21,12378.42,9,0.387,1,5,1,item_not_received,1
CASE-1067,9090.78,10,1,0,1,0,21,20127.36,0,0.332,0,5,1,other,1
CASE-1068,77069.61,17,0,0,0,27,47,91020.22,4,0.326,0,4,2,other,0
CASE-1069,1292.9,2,0,2,1,0,26,1580.0,1,0.089,0,4,2,duplicate,1
CASE-1070,1304.86,22,0,0,1,0,28,1990.52,5,0.059,0,4,2,item_not_received,1
CASE-1071,3847.2,3,1,0,1,0,27,5646.62,0,0.143,1,6,0,item_not_received,1
CASE-1072,15589.88,10,2,0,1,0,7,18804.94,0,0.247,0,6,0,duplicate,1
CASE-1073,67515.72,5,0,0,1,0,1,112230.37,0,0.506,0,3,3,unauthorized,0
CASE-1074,314.47,43,3,0,0,6,6,622.25,7,0.772,0,3,3,unauthorized,0
CASE-1075,17117.01,1,1,0,1,16,54,18934.36,8,0.219,0,5,1,duplicate,1
CASE-1076,6929.5,4,0,2,1,0,84,6011.11,10,0.15,0,3,3,unauthorized,1
CASE-1077,50609.72,1,1,0,1,18,13,123058.14,5,0.153,2,6,0,item_not_received,0
CASE-1078,2175.76,1,0,0,1,0,20,1395.23,3,0.169,1,5,1,unauthorized,1
CASE-1079,149389.02,7,3,0,0,18,12,319997.04,2,0.291,5,2,4,item_not_received,0
CASE-1080,19859.29,2,8,1,1,0,25,17139.71,6,0.687,0,4,2,other,0
CASE-1081,339.26,76,1,1,1,0,25,665.51,5,0.424,0,5,1,item_not_received,1
CASE-1082,1109.55,3,5,1,1,29,6,1286.7,4,0.54,1,6,0,item_not_received,0
CASE-1083,77776.17,14,3,0,0,14,21,104751.5,3,0.361,1,4,2,other,0
CASE-1084,1192.37,4,0,0,1,0,3,1372.19,4,0.298,0,5,1,unauthorized,1
CASE-1085,7062.86,9,0,2,0,27,22,12890.3,0,0.067,1,2,4,duplicate,0
CASE-1086,97590.76,31,0,0,1,0,20,207294.98,14,0.153,0,5,1,item_not_received,1
CASE-1087,1462.87,3,7,0,1,22,78,3641.77,1,0.931,0,4,2,defective,1
CASE-1088,18746.05,14,0,0,1,0,6,9777.6,4,0.066,0,5,1,defective,1
CASE-1089,10632.96,52,0,2,0,21,68,10149.8,4,0.335,4,3,3,item_not_received,0
CASE-1090,13692.99,3,1,0,1,8,9,26013.32,1,0.159,0,5,1,duplicate,1
CASE-1091,7124.96,9,7,0,1,28,44,15558.42,0,0.62,2,4,2,unauthorized,0
CASE-1092,1940.57,18,7,0,1,10,22,1613.62,12,0.758,0,6,0,item_not_received,1
CASE-1093,114199.14,2,0,0,1,0,26,63617.95,7,0.093,0,4,2,item_not_received,1
CASE-1094,140475.53,16,3,2,1,0,5,264023.46,10,0.213,0,5,1,unauthorized,1
CASE-1095,17731.1,1,3,0,0,14,4,13163.23,1,0.278,3,2,4,unauthorized,0
CASE-1096,1477.85,4,0,1,1,27,14,2142.93,3,0.105,1,4,2,item_not_received,1
CASE-1097,1342.14,15,1,0,1,24,14,1839.84,7,0.149,1,6,0,other,0
CASE-1098,46017.54,7,0,0,1,0,10,37355.27,1,0.108,0,5,1,other,1
CASE-1099,959.44,54,0,0,1,0,12,931.09,2,0.067,0,3,3,unauthorized,1
CASE-1100,34461.89,2,3,2,1,17,23,36859.62,1,0.435,1,5,1,other,1
CASE-1101,101201.39,3,1,0,1,0,18,230911.36,7,0.052,0,5,1,item_not_received,1
CASE-1102,69693.23,22,0,0,1,0,25,168724.34,1,0.283,0,4,2,unauthorized,0
CASE-1103,18872.49,10,0,1,1,0,1,19457.72,0,0.046,2,4,2,defective,0
CASE-1104,147304.6,2,4,1,0,3,27,71970.01,1,0.27,0,4,2,defective,0
CASE-1105,810.24,14,1,0,1,15,12,1353.57,0,0.44,0,5,1,item_not_received,1
CASE-1106,1031.8,2,8,0,1,1,1,423.29,0,1.0,0,4,2,defective,0
CASE-1107,12503.43,86,2,1,1,0,19,30530.58,5,0.167,0,5,1,defective,1
CASE-1108,1515.42,78,3,4,1,0,10,1278.06,10,0.378,1,4,2,item_not_received,1
CASE-1109,19228.74,3,0,1,1,0,20,47839.33,0,0.154,0,5,1,duplicate,1
CASE-1110,323.26,7,2,2,1,0,12,696.55,9,0.406,4,5,1,item_not_received,1
CASE-1111,32629.74,10,5,0,1,11,19,56445.61,2,0.467,0,4,2,unauthorized,1
CASE-1112,1729.63,9,0,1,1,29,55,620.01,0,0.076,0,3,3,item_not_received,1
CASE-1113,3678.63,11,0,0,1,0,71,5529.67,4,0.541,0,5,1,item_not_received,1
CASE-1114,1975.75,49,0,0,1,0,4,3120.13,1,0.108,2,3,3,defective,0
CASE-1115,94578.42,12,0,0,0,15,12,142332.35,0,0.122,3,1,5,duplicate,0
CASE-1116,122516.71,44,1,0,1,0,22,251700.36,14,0.312,1,5,1,defective,1
CASE-1117,9143.33,1,2,0,0,14,26,8485.94,14,0.466,3,3,3,item_not_received,0
CASE-1118,4015.33,1,0,0,1,24,13,8675.41,1,0.175,0,5,1,other,1
CASE-1119,442.26,76,1,2,1,0,72,941.21,2,0.141,0,6,0,duplicate,1
CASE-1120,14079.91,4,6,0,1,0,2,4711.86,1,0.78,0,4,2,unauthorized,1
CASE-1121,445.24,14,0,0,1,13,28,679.17,3,0.065,0,5,1,defective,1
CASE-1122,1520.45,40,0,0,1,0,6,2576.23,3,0.063,0,5,1,defective,0
CASE-1123,775.21,4,0,2,1,0,18,1171.38,4,0.11,0,5,1,item_not_received,1
CASE-1124,728.54,16,0,1,0,19,9,861.13,1,0.262,2,1,5,defective,0
CASE-1125,874.36,25,0,6,0,26,60,392.74,1,0.054,1,3,3,duplicate,0
CASE-1126,80496.67,16,0,0,1,0,16,61752.57,4,0.085,0,5,1,item_not_received,1
CASE-1127,932.86,2,2,0,1,25,6,2122.11,13,0.367,2,5,1,defective,1
CASE-1128,977.1,3,5,0,1,0,15,2194.4,5,0.637,0,6,0,unauthorized,0
CASE-1129,1552.72,3,0,2,1,25,5,1834.87,2,0.095,1,3,3,item_not_received,1
CASE-1130,952.49,18,3,7,0,9,7,518.82,0,0.582,1,1,5,defective,0
CASE-1131,5992.72,12,0,2,1,0,1,9504.76,4,0.255,1,5,1,duplicate,1
CASE-1132,16971.52,58,1,0,1,2,13,28119.64,2,0.32,0,3,3,unauthorized,1
CASE-1133,84035.26,4,0,0,1,0,12,32783.47,0,0.344,0,4,2,unauthorized,0
CASE-1134,520.54,69,0,0,1,0,54,1222.04,1,0.145,0,5,1,item_not_received,1
CASE-1135,647.47,3,1,0,1,0,8,1260.09,12,0.331,0,4,2,unauthorized,0
CASE-1136,22609.57,1,0,0,1,0,1,51386.29,4,0.149,2,2,4,item_not_received,1
CASE-1137,1093.12,1,0,0,0,14,4,2727.99,2,0.038,5,3,3,defective,1
CASE-1138,1198.52,18,9,0,1,0,5,2676.54,7,0.629,1,5,1,other,1
CASE-1139,903.22,9,0,0,0,18,17,1260.11,0,0.068,6,3,3,unauthorized,0
CASE-1140,34750.9,2,0,0,1,0,28,43993.73,10,0.079,0,4,2,other,1
CASE-1141,18283.86,59,0,0,1,20,20,33919.9,2,0.158,0,5,1,item_not_received,1
CASE-1142,5887.96,3,0,3,1,0,72,5094.86,4,0.009,0,5,1,unauthorized,1
CASE-1143,412.32,19,3,2,0,7,23,777.94,1,0.743,0,2,4,other,0
CASE-1144,102440.46,3,2,0,1,0,3,164483.06,1,0.244,0,3,3,item_not_received,1
CASE-1145,334.73,7,0,2,1,18,17,166.0,1,0.168,0,5,1,unauthorized,1
CASE-1146,1108.81,37,0,0,1,0,20,2102.44,0,0.114,2,5,1,duplicate,1
CASE-1147,6451.37,91,2,0,1,0,21,13895.71,4,0.198,0,5,1,item_not_received,1
CASE-1148,28018.27,9,0,2,0,16,76,30393.78,0,0.117,0,0,6,unauthorized,0
CASE-1149,1470.71,10,3,1,1,10,3,3007.63,3,0.66,0,5,1,duplicate,1
CASE-1150,389.83,2,0,1,1,0,68,540.65,4,0.296,2,5,1,item_not_received,1
CASE-1151,2208.27,29,0,0,1,0,30,4297.04,12,0.189,3,4,2,unauthorized,0
CASE-1152,943.83,4,0,0,1,25,5,1636.39,10,0.018,0,4,2,unauthorized,0
CASE-1153,6637.84,4,1,2,1,0,12,6651.33,3,0.262,0,3,3,defective,1
CASE-1154,53911.13,25,3,1,1,0,4,22230.9,8,0.289,0,5,1,item_not_received,1
CASE-1155,581.58,4,3,2,1,0,85,362.81,0,0.75,0,2,4,other,0
CASE-1156,6726.89,2,0,2,1,22,78,8950.38,7,0.071,0,6,0,item_not_received,1
CASE-1157,16040.2,1,1,1,0,18,12,24601.05,4,0.487,0,4,2,other,0
CASE-1158,11485.01,6,5,1,0,7,14,19082.06,2,0.411,0,3,3,item_not_received,0
CASE-1159,4338.96,90,0,0,0,20,14,6427.78,4,0.134,0,1,5,defective,0
CASE-1160,132267.64,2,0,0,0,3,70,239133.16,0,0.112,0,2,4,unauthorized,0
CASE-1161,439.3,7,9,2,1,1,23,773.13,0,0.944,6,5,1,unauthorized,0
CASE-1162,829.26,4,0,7,1,0,23,2063.99,4,0.105,0,6,0,duplicate,1
CASE-1163,34593.2,70,8,0,0,10,23,71194.14,12,0.856,0,3,3,item_not_received,0
CASE-1164,10508.77,4,3,0,0,29,14,25506.98,0,0.24,4,4,2,item_not_received,0
CASE-1165,1926.61,18,0,0,1,0,25,3424.4,11,0.234,1,5,1,other,1
CASE-1166,4750.84,88,9,0,1,20,15,6998.84,6,0.918,1,4,2,unauthorized,0
CASE-1167,101584.53,4,3,0,1,0,39,117549.8,9,0.352,0,5,1,other,1
CASE-1168,17684.17,4,1,0,1,0,18,35703.66,0,0.178,5,6,0,other,1
CASE-1169,372.2,2,0,0,0,24,78,428.28,2,0.116,0,3,3,unauthorized,0
CASE-1170,12730.55,14,0,2,1,0,83,28559.11,1,0.267,0,4,2,defective,1
CASE-1171,68271.37,18,2,7,1,23,13,47509.23,4,0.607,1,5,1,other,0
CASE-1172,7600.37,22,0,2,1,0,9,8419.08,0,0.224,2,5,1,other,0
CASE-1173,11990.0,3,1,0,1,27,74,24686.34,4,0.254,1,5,1,item_not_received,1
CASE-1174,1081.39,35,0,0,0,7,24,701.52,3,0.11,0,5,1,other,0
CASE-1175,7503.06,17,0,0,1,21,21,8738.08,0,0.047,0,6,0,item_not_received,1
CASE-1176,4552.58,5,0,0,0,9,7,3953.5,13,0.169,0,1,5,duplicate,1
CASE-1177,11009.29,5,3,1,1,0,43,22232.44,4,0.34,1,6,0,item_not_received,1
CASE-1178,1486.45,4,2,7,1,27,6,2639.79,0,0.228,0,3,3,duplicate,1
CASE-1179,4699.58,19,2,0,1,0,5,5692.99,3,0.537,0,4,2,item_not_received,1
CASE-1180,1178.42,66,4,1,1,24,23,2942.47,12,0.321,0,5,1,item_not_received,1
CASE-1181,103300.74,16,2,1,1,23,88,39125.76,4,0.385,0,6,0,defective,1
CASE-1182,866.73,14,0,0,1,0,5,1883.54,9,0.03,1,5,1,defective,1
CASE-1183,15234.71,1,2,1,0,15,76,28094.18,0,0.141,0,2,4,defective,0
CASE-1184,1019.04,11,0,0,1,4,4,2347.01,4,0.139,0,5,1,unauthorized,1
CASE-1185,4017.45,12,7,0,1,0,33,5565.12,2,1.0,0,5,1,unauthorized,0
CASE-1186,19712.09,12,0,0,0,9,4,8904.68,2,0.271,0,5,1,item_not_received,1
CASE-1187,15518.36,13,0,0,0,14,16,5571.07,3,0.072,0,4,2,item_not_received,1
CASE-1188,1518.65,7,3,2,1,0,3,1138.97,6,0.346,0,4,2,defective,1
CASE-1189,1441.69,3,3,0,1,0,13,1248.02,0,0.23,2,6,0,defective,1
CASE-1190,8358.75,3,8,0,1,20,19,20637.64,0,1.0,0,4,2,item_not_received,0
CASE-1191,97244.15,5,3,1,1,2,20,212493.19,4,0.484,2,6,0,item_not_received,1
CASE-1192,19829.39,99,3,2,0,22,6,44531.59,3,0.48,0,3,3,unauthorized,0
CASE-1193,1053.5,18,0,2,1,0,5,2475.7,3,0.239,0,5,1,item_not_received,1
CASE-1194,11664.01,10,3,0,1,28,5,8473.59,2,0.181,0,3,3,unauthorized,1
CASE-1195,4187.92,15,2,0,1,0,12,1810.86,1,0.187,0,5,1,unauthorized,1
CASE-1196,60980.64,3,0,0,1,0,28,123706.22,0,0.105,0,3,3,duplicate,1
CASE-1197,48412.98,17,0,1,1,0,17,64565.35,0,0.17,0,2,4,item_not_received,1
CASE-1198,813.18,5,3,0,0,28,26,829.26,3,0.404,2,2,4,item_not_received,0
CASE-1199,18220.29,10,3,0,1,19,9,5970.31,4,0.394,0,6,0,other,1
CASE-1200,138448.54,6,0,3,1,0,70,92081.43,1,0.236,6,1,5,duplicate,0
CASE-1201,1194.8,16,0,0,0,10,13,2650.7,0,0.224,2,4,2,defective,0
CASE-1202,107146.29,49,0,3,0,14,72,216046.53,4,0.228,1,2,4,item_not_received,0
CASE-1203,37342.05,1,1,0,0,27,2,18198.88,2,0.456,1,2,4,item_not_received,1
CASE-1204,61317.07,4,1,0,0,17,21,62550.3,5,0.308,1,3,3,item_not_received,0
CASE-1205,1480.67,9,2,0,1,7,33,2562.88,9,0.075,2,5,1,unauthorized,0
CASE-1206,12881.82,7,0,2,1,0,3,8088.41,0,0.123,0,4,2,defective,0
CASE-1207,1438.85,14,0,2,1,0,5,2975.28,2,0.109,0,5,1,defective,1
CASE-1208,911.94,2,5,0,1,12,4,892.75,0,0.351,0,6,0,defective,1
CASE-1209,823.17,5,0,0,1,0,3,1272.86,12,0.167,0,5,1,item_not_received,1
CASE-1210,17206.83,19,7,0,0,7,19,38547.19,0,1.0,1,1,5,unauthorized,0
CASE-1211,25443.86,69,0,0,0,22,35,9628.09,0,0.045,0,3,3,unauthorized,1
CASE-1212,90308.37,4,0,2,1,7,26,83466.98,0,0.264,0,5,1,unauthorized,1
CASE-1213,20838.77,80,3,2,1,18,19,35178.12,4,0.502,1,5,1,other,0
CASE-1214,125356.35,82,0,0,1,0,57,83655.55,2,0.097,4,5,1,item_not_received,1
CASE-1215,10687.08,36,1,0,0,5,55,23637.77,9,0.258,1,1,5,item_not_received,0
CASE-1216,8563.16,66,8,0,1,23,78,19707.29,2,1.0,0,5,1,defective,0
CASE-1217,684.14,12,0,6,1,0,6,1171.34,4,0.212,2,5,1,item_not_received,1
CASE-1218,33091.49,18,0,1,1,13,17,13569.98,11,0.13,0,3,3,defective,1
CASE-1219,15700.17,4,3,0,0,19,34,12986.55,3,0.418,1,3,3,item_not_received,0
CASE-1220,17848.0,44,3,0,1,22,2,17755.93,3,0.519,0,4,2,duplicate,1
CASE-1221,1628.22,1,1,0,1,0,16,835.82,0,0.152,0,4,2,item_not_received,1
CASE-1222,17938.62,2,0,0,1,24,30,23631.6,2,0.085,0,4,2,duplicate,1
CASE-1223,2746.65,13,6,7,0,9,34,5422.55,4,0.574,0,4,2,unauthorized,0
CASE-1224,1282.61,8,0,5,1,5,57,3106.01,14,0.155,2,3,3,unauthorized,0
CASE-1225,13115.17,3,0,0,1,0,17,5533.6,10,0.212,0,4,2,item_not_received,1
CASE-1226,13087.59,12,0,0,1,17,26,23525.66,6,0.141,0,5,1,item_not_received,1
CASE-1227,4986.41,4,3,0,1,17,5,11855.87,1,0.372,0,5,1,duplicate,1
CASE-1228,15280.47,4,2,0,1,0,26,14080.88,4,0.195,0,5,1,defective,1
CASE-1229,390.54,3,8,5,1,0,57,230.37,4,0.871,0,5,1,unauthorized,0
CASE-1230,57136.9,2,0,0,1,20,21,124665.78,0,0.118,3,3,3,other,1
CASE-1231,11389.45,14,0,3,1,0,8,22967.16,0,0.172,0,6,0,item_not_received,1
CASE-1232,12849.83,9,1,0,0,21,28,9763.95,1,0.149,0,4,2,unauthorized,0
CASE-1233,2744.05,19,7,0,1,0,88,5490.1,0,0.651,3,5,1,defective,0
CASE-1234,130587.02,4,0,4,1,0,13,113870.94,12,0.217,0,4,2,other,0
CASE-1235,30122.02,10,1,5,0,0,5,59360.77,0,0.29,1,1,5,unauthorized,0
CASE-1236,402.34,1,2,0,0,8,38,837.04,0,0.201,0,2,4,unauthorized,0
CASE-1237,527.02,4,1,0,0,13,3,1271.39,0,0.141,0,2,4,defective,1
CASE-1238,233.55,60,1,5,0,11,21,448.17,3,0.315,0,4,2,item_not_received,0
CASE-1239,1860.77,13,3,1,0,9,9,4405.63,0,0.676,1,3,3,item_not_received,0
CASE-1240,119472.5,74,0,0,1,0,26,59193.9,1,0.124,1,4,2,duplicate,1
CASE-1241,50288.1,17,0,0,1,0,27,107094.92,0,0.304,0,6,0,other,1
CASE-1242,480.86,1,0,0,1,0,9,301.29,0,0.252,0,6,0,unauthorized,0
CASE-1243,1648.73,17,2,1,1,0,4,1105.81,3,0.36,1,5,1,unauthorized,0
CASE-1244,808.81,90,7,2,0,5,16,1008.82,14,0.832,0,5,1,defective,0
CASE-1245,6180.78,89,0,6,0,23,45,2557.29,2,0.084,0,2,4,item_not_received,0
CASE-1246,1585.4,13,0,2,0,4,9,1563.79,3,0.148,1,2,4,item_not_received,0
CASE-1247,11492.23,13,0,0,1,13,4,10231.65,0,0.125,2,3,3,other,1
CASE-1248,16583.26,56,0,0,1,25,20,27933.73,4,0.088,2,5,1,duplicate,1
CASE-1249,14387.75,12,2,0,1,4,24,35560.58,8,0.228,0,5,1,defective,1
CASE-1250,1244.49,2,0,0,0,5,17,663.79,12,0.032,0,3,3,defective,0
CASE-1251,1084.41,4,2,1,0,18,36,1476.67,4,0.452,0,3,3,unauthorized,0
CASE-1252,711.79,2,3,0,1,19,80,1174.92,1,0.576,0,3,3,item_not_received,1
CASE-1253,16882.28,13,3,0,1,0,23,14981.05,1,0.461,1,4,2,item_not_received,1
CASE-1254,1108.39,20,1,0,1,3,74,1292.27,1,0.135,2,4,2,defective,1
CASE-1255,263.95,18,9,0,1,0,12,554.35,4,1.0,0,6,0,item_not_received,0
CASE-1256,106181.92,16,2,0,1,0,4,48499.28,3,0.293,1,5,1,unauthorized,0
CASE-1257,10214.72,16,0,5,0,19,8,8425.15,0,0.029,1,1,5,item_not_received,0
CASE-1258,12073.18,15,0,0,0,28,60,10992.59,4,0.165,2,3,3,defective,0
CASE-1259,1886.78,1,0,0,0,12,3,4705.75,0,0.036,0,5,1,defective,1
CASE-1260,314.96,11,1,0,0,0,1,555.42,2,0.346,0,2,4,defective,0
CASE-1261,106608.47,13,1,0,1,0,14,211110.36,14,0.392,3,5,1,other,1
CASE-1262,1565.78,65,0,1,0,20,8,2565.31,0,0.126,1,1,5,item_not_received,0
CASE-1263,17118.61,4,0,2,1,0,23,35119.57,3,0.171,1,5,1,defective,1
CASE-1264,27578.3,1,3,5,1,22,21,15085.7,1,0.378,0,6,0,other,1
CASE-1265,15909.9,9,0,0,1,0,2,29496.39,0,0.114,0,3,3,defective,1
CASE-1266,1298.76,4,3,0,1,10,12,638.92,0,0.553,0,5,1,item_not_received,1
CASE-1267,922.49,8,0,2,1,4,15,884.59,2,0.307,2,3,3,item_not_received,1
CASE-1268,1244.06,18,0,0,1,0,48,1965.63,9,0.05,1,5,1,item_not_received,1
CASE-1269,16779.12,17,0,1,1,0,74,39243.43,2,0.006,1,3,3,item_not_received,0
CASE-1270,1415.99,6,0,1,1,0,16,433.24,1,0.062,0,4,2,item_not_received,1
CASE-1271,509.61,1,3,0,0,9,2,823.7,4,0.528,4,3,3,item_not_received,0
CASE-1272,1237.01,16,2,0,1,0,3,483.28,2,0.211,0,5,1,unauthorized,1
CASE-1273,12055.15,14,0,5,1,7,25,25637.53,12,0.104,0,5,1,unauthorized,0
CASE-1274,54619.12,6,2,0,1,7,1,68613.6,2,0.191,0,5,1,item_not_received,1
CASE-1275,708.79,14,1,0,1,0,19,703.38,3,0.19,0,4,2,duplicate,1
CASE-1276,131191.96,3,0,2,1,20,20,284143.42,9,0.199,0,5,1,item_not_received,0
CASE-1277,134259.34,16,0,0,0,24,2,272127.71,1,0.048,0,3,3,defective,0
CASE-1278,15754.21,63,1,0,0,22,1,35097.11,3,0.354,0,3,3,item_not_received,0
CASE-1279,1645.86,15,3,0,1,22,59,3941.48,5,0.217,0,6,0,item_not_received,1
CASE-1280,1224.77,18,0,0,0,1,17,1045.65,0,0.45,0,1,5,item_not_received,0
CASE-1281,216.3,37,0,2,0,2,5,189.76,6,0.343,0,4,2,duplicate,1
CASE-1282,19773.66,12,0,2,0,1,2,26512.51,8,0.135,1,4,2,unauthorized,0
CASE-1283,17015.1,4,3,0,1,26,7,23063.77,0,0.305,0,5,1,item_not_received,1
CASE-1284,127043.69,79,2,2,0,13,76,64757.35,1,0.126,2,5,1,defective,0
CASE-1285,11137.79,2,9,0,0,27,3,17435.72,3,1.0,0,4,2,unauthorized,0
CASE-1286,306.59,2,1,0,1,0,29,698.06,0,0.23,0,3,3,unauthorized,0
CASE-1287,1408.34,5,9,0,1,6,89,1267.4,2,1.0,0,3,3,item_not_received,1
CASE-1288,38898.36,56,0,1,1,0,16,43719.5,0,0.053,0,5,1,unauthorized,1
CASE-1289,1121.26,9,6,2,0,15,13,1730.52,2,1.0,0,3,3,unauthorized,0
CASE-1290,1680.65,11,0,0,1,11,23,2957.06,3,0.067,0,4,2,duplicate,1
CASE-1291,21317.27,23,0,2,1,0,3,35171.72,6,0.022,0,4,2,unauthorized,0
CASE-1292,1889.07,9,0,6,1,6,20,4662.6,1,0.465,2,5,1,defective,0
CASE-1293,113169.42,18,0,2,0,2,4,52769.28,8,0.145,0,4,2,unauthorized,0
CASE-1294,16318.32,6,0,0,1,0,28,12034.85,0,0.048,0,2,4,item_not_received,1
CASE-1295,1927.72,18,0,0,1,0,28,2503.12,14,0.029,6,6,0,other,1
CASE-1296,110993.05,18,0,0,0,23,8,62465.23,10,0.217,0,3,3,item_not_received,0
CASE-1297,17476.02,4,3,0,0,6,42,7310.89,14,0.325,0,3,3,defective,0
CASE-1298,1519.04,17,1,0,1,0,27,2401.1,0,0.123,0,4,2,item_not_received,1
CASE-1299,9723.44,16,0,0,1,14,26,11687.77,13,0.166,0,6,0,defective,1
CASE-1300,1149.52,58,7,5,0,12,24,1933.18,7,0.589,0,3,3,other,0
CASE-1301,15171.59,1,0,1,0,20,25,35116.43,0,0.142,0,2,4,duplicate,1
CASE-1302,346.42,16,5,0,0,2,13,551.34,10,0.876,0,3,3,unauthorized,0
CASE-1303,3660.36,6,1,1,1,10,6,4680.65,1,0.363,0,4,2,item_not_received,1
CASE-1304,1198.81,1,1,0,1,19,10,953.67,8,0.216,2,6,0,unauthorized,1
CASE-1305,1741.13,16,0,0,1,0,15,2830.63,10,0.142,4,5,1,item_not_received,1
CASE-1306,1699.17,2,0,0,1,15,66,3502.48,0,0.121,2,5,1,defective,1
CASE-1307,4645.98,14,0,2,1,0,4,6383.99,0,0.258,5,3,3,item_not_received,1
CASE-1308,13521.0,98,0,4,1,6,14,22441.33,2,0.192,0,4,2,duplicate,1
CASE-1309,5370.67,1,2,0,1,10,22,3528.33,2,0.224,0,4,2,unauthorized,1
CASE-1310,8368.57,65,2,0,1,5,12,11685.6,0,0.371,0,5,1,defective,1
CASE-1311,1431.54,13,0,0,1,19,26,1563.38,2,0.043,1,2,4,other,1
CASE-1312,1597.88,1,0,0,0,8,62,2215.99,4,0.31,5,3,3,defective,0
CASE-1313,98008.49,1,4,0,1,0,23,86582.69,2,0.445,0,3,3,unauthorized,0
CASE-1314,141734.15,3,0,0,0,1,1,221846.32,4,0.059,4,1,5,defective,0
CASE-1315,126241.49,18,0,0,1,14,15,124118.84,2,0.197,0,4,2,item_not_received,1
CASE-1316,19267.95,8,0,0,0,17,13,30995.21,4,0.191,0,4,2,unauthorized,0
CASE-1317,1292.48,4,2,0,1,25,38,2892.86,2,0.191,0,4,2,unauthorized,1
CASE-1318,18336.04,19,5,1,1,0,13,38261.31,0,0.735,0,6,0,defective,1
CASE-1319,856.37,4,0,0,0,16,1,1594.94,0,0.172,0,3,3,item_not_received,0
CASE-1320,87570.42,17,1,2,1,0,22,171831.49,0,0.345,0,3,3,duplicate,1
CASE-1321,19065.39,19,0,1,1,14,1,32654.08,11,0.089,0,6,0,unauthorized,1
CASE-1322,14550.48,4,3,0,0,9,1,23008.42,7,0.196,0,3,3,duplicate,0
CASE-1323,20805.21,80,0,1,1,0,12,28692.83,0,0.279,0,4,2,item_not_received,1
CASE-1324,5966.82,12,3,1,1,8,2,10271.64,4,0.346,2,6,0,item_not_received,1
CASE-1325,11438.23,4,0,0,0,18,28,11295.3,3,0.18,1,2,4,item_not_received,0
CASE-1326,2864.62,8,2,1,1,0,21,1182.5,8,0.726,0,5,1,duplicate,0
CASE-1327,825.13,12,7,1,1,0,14,479.33,2,0.967,0,5,1,item_not_received,0
CASE-1328,1545.61,19,0,0,0,21,2,1701.67,1,0.206,0,3,3,other,1
CASE-1329,823.79,6,0,0,0,7,10,919.84,0,0.071,1,4,2,duplicate,0
CASE-1330,1387.91,34,0,0,1,0,21,2047.78,4,0.253,2,5,1,item_not_received,0
CASE-1331,138967.25,5,0,0,1,0,10,344654.91,5,0.714,5,6,0,item_not_received,1
CASE-1332,11625.51,13,0,0,0,12,23,6678.37,7,0.282,2,5,1,unauthorized,0
CASE-1333,1989.72,11,0,0,1,0,4,2418.62,0,0.129,0,4,2,item_not_received,1
CASE-1334,1738.55,18,5,0,1,12,4,2880.34,2,0.787,1,3,3,duplicate,0
CASE-1335,134450.09,1,0,0,1,0,18,245981.71,1,0.173,0,5,1,defective,0
CASE-1336,657.02,2,0,1,0,1,69,1153.25,1,0.167,0,1,5,unauthorized,0
CASE-1337,4302.86,12,0,0,1,0,7,6901.87,0,0.199,0,4,2,item_not_received,1
CASE-1338,1790.69,3,3,1,1,0,1,4428.42,3,0.296,0,5,1,item_not_received,1
CASE-1339,14834.97,78,2,0,1,5,28,27298.83,2,0.423,0,5,1,item_not_received,1
CASE-1340,347.91,15,0,1,1,23,9,405.8,2,0.121,0,6,0,item_not_received,1
CASE-1341,111173.69,85,1,0,0,24,19,96839.96,1,0.251,1,2,4,unauthorized,0
CASE-1342,610.21,45,1,2,0,20,3,386.78,2,0.345,1,4,2,item_not_received,0
CASE-1343,2479.99,2,0,2,0,20,23,4900.05,0,0.032,2,3,3,defective,0
CASE-1344,1158.21,19,0,0,1,0,28,2795.42,12,0.232,0,5,1,duplicate,1
CASE-1345,135914.03,7,3,0,1,0,22,122187.42,4,0.36,0,6,0,defective,1
CASE-1346,959.27,13,1,0,1,24,24,1252.63,6,0.289,3,5,1,unauthorized,1
CASE-1347,944.89,14,9,0,0,8,4,1979.77,9,1.0,1,3,3,item_not_received,0
CASE-1348,146645.18,2,0,0,1,0,22,344163.78,0,0.071,1,4,2,defective,0
CASE-1349,1536.29,61,2,2,1,29,2,3822.75,5,0.346,0,5,1,item_not_received,1
CASE-1350,8913.35,4,0,3,1,8,23,19526.79,1,0.173,0,1,5,duplicate,0
CASE-1351,686.42,2,0,1,1,0,14,1356.99,0,0.238,0,3,3,unauthorized,1
CASE-1352,1722.13,1,2,0,0,24,28,554.46,10,0.293,0,3,3,other,0
CASE-1353,1159.93,3,3,0,0,6,5,2365.27,11,0.52,0,3,3,other,0
CASE-1354,126678.12,2,8,6,0,20,3,281874.26,3,1.0,0,5,1,defective,0
CASE-1355,669.47,4,2,0,1,0,24,1110.73,0,0.099,1,6,0,defective,1
CASE-1356,289.7,12,0,0,1,24,53,308.12,10,0.133,0,5,1,defective,1
CASE-1357,16031.94,13,6,0,1,29,6,12288.86,2,0.637,3,4,2,item_not_received,1
CASE-1358,16277.17,1,0,5,1,13,15,30913.58,0,0.15,0,2,4,unauthorized,0
CASE-1359,18090.46,15,2,0,1,0,8,20620.2,13,0.183,0,5,1,defective,1
CASE-1360,1519.84,4,0,1,0,2,16,773.2,14,0.22,0,4,2,item_not_received,1
CASE-1361,1831.45,4,0,0,1,20,6,3207.78,4,0.171,0,4,2,unauthorized,1
CASE-1362,19759.83,1,0,0,1,0,17,31261.62,1,0.204,0,3,3,unauthorized,1
CASE-1363,1158.31,14,0,1,1,0,14,2375.29,2,0.232,2,3,3,unauthorized,1
CASE-1364,53523.86,63,0,0,1,1,19,63353.4,0,0.146,2,5,1,item_not_received,1
CASE-1365,4977.96,2,0,0,1,0,24,9952.83,1,0.215,0,3,3,other,1
CASE-1366,12309.25,15,1,1,1,0,74,24681.18,0,0.089,0,4,2,defective,1
CASE-1367,603.4,1,0,0,1,0,55,1079.25,10,0.263,1,5,1,other,1
CASE-1368,865.23,3,1,0,0,19,12,1737.16,4,0.221,1,5,1,defective,0
CASE-1369,108532.75,51,0,0,1,21,22,152401.38,8,0.082,0,6,0,unauthorized,1
CASE-1370,16384.69,2,2,0,1,0,3,21687.98,4,0.321,0,5,1,defective,0
CASE-1371,509.06,53,0,5,0,1,22,877.73,4,0.212,0,5,1,item_not_received,1
CASE-1372,44321.21,19,1,0,0,17,23,106419.74,4,0.353,0,4,2,item_not_received,0
CASE-1373,63557.3,78,7,7,1,0,39,151365.99,8,0.922,0,6,0,unauthorized,0
CASE-1374,106188.27,2,0,1,1,1,10,228122.9,0,0.177,0,4,2,item_not_received,1
CASE-1375,387.73,61,0,7,1,17,20,886.82,1,0.126,0,6,0,defective,1
CASE-1376,16408.06,16,0,1,1,0,62,29000.21,4,0.086,0,6,0,other,1
CASE-1377,6522.07,24,2,0,1,0,27,2589.64,3,0.193,0,6,0,defective,1
CASE-1378,109236.85,4,9,2,1,0,21,149577.3,1,1.0,0,4,2,item_not_received,0
CASE-1379,78523.12,11,2,0,1,15,9,45852.34,0,0.557,0,4,2,duplicate,1
CASE-1380,575.25,25,9,2,1,0,21,248.28,8,0.864,0,3,3,item_not_received,0
CASE-1381,4802.76,3,8,0,1,0,5,9644.26,0,0.852,0,3,3,unauthorized,0
CASE-1382,52798.54,13,0,0,0,0,16,60345.33,1,0.118,0,2,4,other,0
CASE-1383,84741.4,3,0,1,1,16,17,50006.1,1,0.061,0,6,0,defective,1
CASE-1384,1536.28,11,2,0,0,9,17,3544.33,3,0.44,0,4,2,unauthorized,0
CASE-1385,1310.07,3,3,0,1,4,6,1404.08,1,0.367,0,6,0,other,1
CASE-1386,610.71,15,2,1,1,15,19,1475.37,4,0.521,0,5,1,duplicate,1
CASE-1387,1981.66,2,0,2,1,28,20,1005.24,9,0.162,0,5,1,other,1
CASE-1388,680.98,4,9,0,1,0,60,956.82,7,0.765,2,3,3,item_not_received,0
CASE-1389,112484.3,4,3,0,1,0,11,75690.8,0,0.25,0,4,2,defective,0
CASE-1390,39435.37,9,0,0,1,0,83,83445.21,0,0.119,1,4,2,unauthorized,1
CASE-1391,350.13,16,1,1,1,0,18,379.42,3,0.087,1,5,1,item_not_received,1
CASE-1392,55029.1,9,1,2,1,0,3,23502.26,0,0.359,0,5,1,duplicate,1
CASE-1393,5345.12,70,0,0,1,0,6,9422.27,3,0.247,0,6,0,duplicate,1
CASE-1394,499.76,10,0,3,1,29,1,1012.39,4,0.11,0,6,0,unauthorized,0
CASE-1395,33215.52,1,0,0,1,0,18,81691.2,7,0.165,0,6,0,defective,1
CASE-1396,41985.6,8,6,0,1,0,43,79257.87,4,0.723,0,6,0,defective,0
CASE-1397,36486.24,18,3,0,1,11,3,32502.92,4,0.284,0,5,1,unauthorized,1
CASE-1398,1925.38,7,0,0,1,16,3,3790.91,14,0.244,0,3,3,unauthorized,1
CASE-1399,924.39,7,0,0,1,25,9,377.33,4,0.337,0,5,1,item_not_received,1
CASE-1400,12476.97,15,1,4,1,9,4,19221.98,13,0.26,1,6,0,item_not_received,1
CASE-1401,983.7,36,9,0,0,23,9,1433.82,0,0.772,0,3,3,other,1
CASE-1402,10437.91,1,1,0,0,4,8,8548.57,5,0.341,4,3,3,unauthorized,1
CASE-1403,376.38,15,0,1,0,19,5,364.49,4,0.262,0,3,3,item_not_received,0
CASE-1404,348.49,3,0,0,1,0,41,537.57,2,0.053,0,3,3,item_not_received,1
CASE-1405,1722.5,13,2,0,1,25,6,3346.79,2,0.252,0,2,4,item_not_received,1
CASE-1406,12716.08,11,7,0,0,13,50,8326.11,0,0.936,0,4,2,defective,0
CASE-1407,782.89,1,0,1,0,5,3,893.49,2,0.174,6,2,4,defective,0
CASE-1408,18057.47,3,1,1,1,0,29,19950.02,6,0.271,0,4,2,item_not_received,1
CASE-1409,8265.88,12,1,0,1,0,6,17492.17,11,0.197,0,6,0,item_not_received,1
CASE-1410,1250.98,53,3,0,1,0,20,618.93,1,0.623,1,5,1,duplicate,1
CASE-1411,18868.72,10,1,0,1,15,19,19865.1,4,0.361,5,6,0,unauthorized,0
CASE-1412,1721.25,9,5,0,1,0,2,3441.4,2,0.858,2,4,2,item_not_received,1
CASE-1413,609.59,11,0,0,1,0,20,863.34,0,0.007,3,4,2,unauthorized,1
CASE-1414,595.14,5,0,2,1,0,4,906.88,4,0.065,0,6,0,item_not_received,1
CASE-1415,14657.3,12,8,2,1,14,23,27248.39,4,0.815,0,5,1,item_not_received,1
CASE-1416,13862.22,4,0,0,0,7,9,9747.52,2,0.145,0,3,3,unauthorized,0
CASE-1417,842.64,69,5,0,0,24,29,1499.56,10,0.757,1,3,3,defective,0
CASE-1418,11031.78,4,3,2,1,23,14,18570.51,12,0.28,0,6,0,item_not_received,0
CASE-1419,84042.48,3,9,0,1,0,23,48065.77,0,1.0,0,5,1,duplicate,0
CASE-1420,1939.01,96,0,0,0,6,16,1852.7,5,0.17,2,3,3,unauthorized,0
CASE-1421,461.05,4,7,2,1,0,7,840.98,12,0.725,1,5,1,unauthorized,1
CASE-1422,106228.16,15,1,1,0,25,22,69073.41,2,0.095,0,3,3,item_not_received,0
CASE-1423,951.42,10,0,0,0,8,9,1682.95,11,0.03,2,4,2,item_not_received,0
CASE-1424,100391.97,14,3,0,1,19,19,92408.11,2,0.26,1,5,1,defective,0
CASE-1425,125778.54,15,0,3,0,7,4,40017.38,14,0.102,5,1,5,unauthorized,0
CASE-1426,1753.08,1,0,0,1,0,23,3669.09,2,0.296,2,5,1,defective,1
CASE-1427,1736.98,11,0,2,1,0,16,3783.79,3,0.163,1,5,1,item_not_received,1
CASE-1428,140466.37,32,3,0,1,25,19,270288.71,1,0.319,0,4,2,other,1
CASE-1429,43417.89,4,0,0,1,0,67,78749.4,4,0.089,0,4,2,defective,1
CASE-1430,774.22,66,0,0,1,5,6,1396.47,0,0.3,0,5,1,item_not_received,1
CASE-1431,33325.08,16,2,0,1,0,4,68227.06,0,0.158,4,4,2,defective,0
CASE-1432,38542.52,4,3,0,0,18,4,94781.22,13,0.202,4,3,3,other,0
CASE-1433,10368.93,2,0,0,0,9,12,8861.77,4,0.226,2,3,3,unauthorized,0
CASE-1434,1871.06,19,1,0,1,0,17,2598.63,3,0.086,0,5,1,duplicate,1
CASE-1435,3359.16,5,3,0,0,17,17,1196.69,11,0.188,0,4,2,other,0
CASE-1436,2252.89,80,0,0,1,0,6,2210.66,0,0.401,1,5,1,other,0
CASE-1437,2589.02,14,4,0,0,26,49,791.54,0,0.69,0,3,3,item_not_received,0
CASE-1438,1756.02,67,5,1,0,2,20,2803.74,3,0.918,1,2,4,unauthorized,0
CASE-1439,8069.39,2,5,1,1,0,15,12445.85,0,0.6,0,5,1,unauthorized,0
CASE-1440,1065.9,3,0,4,1,26,10,1373.44,3,0.032,0,5,1,item_not_received,1
CASE-1441,7789.1,15,2,7,1,0,6,5964.83,1,0.556,0,4,2,defective,0
CASE-1442,550.15,6,3,0,0,25,4,1096.21,6,0.231,0,1,5,item_not_received,0
CASE-1443,19380.48,2,3,0,1,0,25,35716.93,4,0.339,0,5,1,defective,1
CASE-1444,45576.09,4,5,2,0,10,25,17020.25,8,0.442,0,6,0,item_not_received,0
CASE-1445,91582.2,4,0,0,0,18,24,70703.05,1,0.224,1,3,3,item_not_received,0
CASE-1446,437.21,93,1,0,1,0,21,321.91,0,0.135,3,5,1,other,1
CASE-1447,98377.2,32,2,6,0,13,17,73647.53,1,0.444,0,4,2,item_not_received,0
CASE-1448,29673.51,13,0,0,1,0,10,52344.51,0,0.223,0,3,3,unauthorized,1
CASE-1449,12754.08,42,7,0,0,4,3,15529.02,3,0.901,6,2,4,other,0
CASE-1450,10494.68,15,6,5,1,0,13,10638.6,0,0.84,2,4,2,unauthorized,0
CASE-1451,95430.16,2,7,0,0,20,27,213009.45,5,0.937,1,2,4,defective,0
CASE-1452,1822.63,9,0,0,1,9,7,4371.04,2,0.11,0,5,1,item_not_received,1
CASE-1453,80614.41,1,0,0,0,15,19,150355.57,0,0.034,0,1,5,unauthorized,0
CASE-1454,1563.31,12,0,0,1,4,50,3893.9,9,0.076,2,4,2,item_not_received,1
CASE-1455,1665.21,86,3,1,1,0,19,562.82,2,0.372,0,3,3,unauthorized,0
CASE-1456,8586.51,15,0,3,0,17,22,12057.3,3,0.462,2,3,3,item_not_received,0
CASE-1457,1562.46,16,1,0,1,17,27,866.57,0,0.073,0,5,1,item_not_received,1
CASE-1458,10392.65,3,4,0,0,20,1,4504.95,12,0.524,0,3,3,item_not_received,0
CASE-1459,17906.45,18,8,1,0,7,82,28892.34,1,1.0,5,2,4,item_not_received,0
CASE-1460,1125.72,17,0,0,1,0,31,2530.36,4,0.261,2,5,1,defective,1
CASE-1461,743.37,8,5,0,0,22,6,1206.36,4,0.645,5,3,3,item_not_received,0
CASE-1462,543.9,88,3,0,1,0,17,857.1,1,0.157,0,5,1,defective,1
CASE-1463,1463.46,18,0,0,1,16,10,719.55,14,0.157,2,6,0,item_not_received,1
CASE-1464,8076.8,2,0,2,1,0,6,17627.44,0,0.287,0,5,1,unauthorized,1
CASE-1465,1870.5,5,1,0,0,8,27,1146.16,8,0.251,0,4,2,item_not_received,0
CASE-1466,11777.73,3,0,1,1,23,18,23294.19,5,0.336,0,6,0,unauthorized,1
CASE-1467,69444.36,11,4,2,1,0,19,48986.26,0,0.351,5,4,2,duplicate,1
CASE-1468,19540.44,4,7,0,0,8,17,45841.85,0,0.899,0,2,4,unauthorized,0
CASE-1469,381.71,3,0,0,1,0,5,899.43,2,0.099,0,4,2,unauthorized,1
CASE-1470,3368.37,17,1,1,1,0,64,7569.11,0,0.242,1,3,3,item_not_received,0
CASE-1471,4045.45,10,1,2,1,0,77,8209.11,13,0.194,2,5,1,defective,1
CASE-1472,1159.52,13,0,0,0,6,1,2711.35,0,0.207,0,3,3,unauthorized,0
CASE-1473,11359.26,3,0,1,1,21,6,20244.81,4,0.122,0,6,0,defective,1
CASE-1474,1884.75,11,1,4,0,5,70,1441.34,3,0.382,0,2,4,defective,0
CASE-1475,1894.17,16,1,0,1,0,34,3036.88,1,0.308,0,4,2,defective,1
CASE-1476,491.28,11,0,1,0,17,5,760.1,9,0.091,1,4,2,item_not_received,0
CASE-1477,6441.79,88,4,2,1,1,23,4860.34,4,0.413,2,6,0,item_not_received,1
CASE-1478,1118.3,22,0,1,0,15,6,2345.59,5,0.363,0,4,2,defective,0
CASE-1479,17734.85,73,8,0,1,0,1,31493.6,0,0.433,0,3,3,unauthorized,0
CASE-1480,1039.18,15,0,0,1,0,22,2387.4,3,0.211,0,3,3,item_not_received,1
CASE-1481,1349.63,12,7,0,1,2,1,1115.83,3,1.0,0,3,3,defective,0
CASE-1482,15774.97,89,0,0,1,0,3,32198.03,4,0.079,4,4,2,item_not_received,1
CASE-1483,15868.07,13,0,0,1,14,3,15740.49,1,0.118,2,6,0,item_not_received,1
CASE-1484,8413.53,8,1,5,1,0,24,12578.19,0,0.509,0,3,3,duplicate,1
CASE-1485,878.81,1,0,0,1,0,39,335.64,0,0.289,2,6,0,item_not_received,1
CASE-1486,1739.85,17,3,0,0,7,1,2758.97,3,0.445,5,3,3,duplicate,0
CASE-1487,1133.09,14,2,0,1,0,84,1671.22,7,0.698,0,5,1,unauthorized,0
CASE-1488,19298.52,10,8,2,0,8,62,28561.91,0,1.0,0,1,5,defective,0
CASE-1489,7892.59,10,3,0,0,24,22,5165.05,1,0.411,0,2,4,defective,0
CASE-1490,622.24,87,2,0,1,29,2,890.21,2,0.489,2,5,1,item_not_received,1
CASE-1491,5418.35,3,3,2,1,26,3,8271.49,1,0.731,0,4,2,unauthorized,0
CASE-1492,40492.47,2,0,0,0,13,22,30077.23,4,0.232,2,0,6,duplicate,0
CASE-1493,10181.82,11,1,2,1,0,14,24366.83,2,0.205,6,6,0,item_not_received,1
CASE-1494,382.86,9,2,2,1,17,1,610.33,4,0.711,0,6,0,other,1
CASE-1495,953.21,4,1,1,1,24,43,1918.62,2,0.419,0,3,3,unauthorized,1
CASE-1496,18592.66,84,0,0,1,10,7,22353.55,2,0.086,0,4,2,defective,1
CASE-1497,800.55,3,0,0,0,6,17,1678.59,9,0.219,0,2,4,defective,0
CASE-1498,1454.65,8,3,0,1,10,26,1105.9,6,0.341,0,4,2,item_not_received,1
CASE-1499,1736.95,15,2,2,1,5,11,2346.01,0,0.363,1,5,1,item_not_received,1
CASE-1500,894.11,12,1,2,1,0,23,544.97,4,0.419,0,4,2,item_not_received,1
CASE-1501,1004.13,4,9,4,0,18,26,2096.6,6,0.671,0,2,4,unauthorized,0
CASE-1502,694.82,84,0,0,0,12,9,1275.51,2,0.051,0,2,4,unauthorized,0
CASE-1503,207.92,7,7,0,1,0,64,179.68,1,0.55,2,3,3,item_not_received,1
CASE-1504,134436.55,12,0,7,1,0,46,190533.95,4,0.031,0,5,1,unauthorized,1
CASE-1505,15237.21,15,7,1,1,0,13,31663.1,9,0.831,0,3,3,item_not_received,0
CASE-1506,12504.54,9,0,0,0,8,23,6934.36,0,0.098,0,3,3,other,1
CASE-1507,43218.53,16,0,0,1,0,4,57992.15,0,0.228,0,6,0,item_not_received,1
CASE-1508,19318.52,17,0,6,1,8,19,30798.43,3,0.115,0,4,2,duplicate,1
CASE-1509,1429.63,18,0,4,0,21,16,3255.12,10,0.134,3,2,4,unauthorized,0
CASE-1510,69628.55,3,3,0,1,29,22,78694.71,0,0.374,1,6,0,unauthorized,0
CASE-1511,134317.64,1,1,0,0,2,69,127175.82,4,0.26,2,1,5,item_not_received,0
CASE-1512,72219.08,3,2,0,1,0,6,27897.29,8,0.303,4,6,0,item_not_received,1
CASE-1513,17364.16,3,0,0,1,0,26,8971.22,0,0.206,0,4,2,item_not_received,1
CASE-1514,14265.9,5,0,0,0,9,54,20779.0,0,0.106,0,2,4,item_not_received,0
CASE-1515,44162.53,68,0,0,1,0,2,80554.32,2,0.091,0,3,3,item_not_received,1
CASE-1516,1913.52,3,3,0,1,0,20,2652.48,5,0.548,0,5,1,duplicate,1
CASE-1517,1683.0,13,0,0,1,22,24,4188.82,4,0.206,0,5,1,defective,1
CASE-1518,3879.53,19,0,0,1,0,9,4223.94,0,0.108,2,6,0,item_not_received,1
CASE-1519,135795.62,72,3,1,0,22,15,142182.94,1,0.333,0,1,5,defective,0
CASE-1520,1433.76,14,7,0,0,22,74,3021.62,11,0.465,0,4,2,item_not_received,0
CASE-1521,1986.2,1,2,0,1,0,40,993.5,4,0.486,0,5,1,item_not_received,1
CASE-1522,18356.5,14,8,0,1,0,26,9644.61,0,0.639,0,4,2,other,0
CASE-1523,1008.6,3,2,0,0,16,10,2133.17,0,0.334,5,1,5,other,0
CASE-1524,725.49,14,0,0,1,4,16,609.1,14,0.073,0,6,0,unauthorized,1
CASE-1525,13659.2,13,0,7,1,28,65,17304.93,4,0.112,1,5,1,defective,0
CASE-1526,8033.64,10,0,0,1,23,9,7133.79,4,0.272,2,4,2,other,1
CASE-1527,1665.78,18,0,2,1,0,2,2109.59,4,0.276,0,5,1,duplicate,1
CASE-1528,12652.94,10,1,2,1,13,8,17970.63,4,0.314,1,4,2,duplicate,1
CASE-1529,824.32,5,1,0,1,24,2,255.14,2,0.513,0,3,3,item_not_received,1
CASE-1530,519.99,1,2,1,0,25,15,1234.77,11,0.186,3,3,3,defective,1
CASE-1531,18059.22,11,0,0,0,26,13,15425.62,4,0.158,0,3,3,other,0
CASE-1532,13191.12,2,3,6,0,11,1,10357.48,1,0.4,0,3,3,item_not_received,0
CASE-1533,111586.42,15,0,2,0,14,4,39780.06,3,0.162,0,4,2,defective,0
CASE-1534,1337.53,5,0,2,1,8,9,2014.59,1,0.119,0,6,0,item_not_received,1
CASE-1535,9779.61,1,0,0,1,0,7,18137.61,4,0.067,0,5,1,item_not_received,1
CASE-1536,13261.83,19,7,0,0,20,23,16099.76,11,0.664,0,3,3,item_not_received,0
CASE-1537,7391.77,48,7,0,1,16,26,6815.89,1,0.773,0,5,1,defective,1
CASE-1538,1296.95,2,2,2,1,0,84,1277.61,2,0.394,0,4,2,defective,1
CASE-1539,10118.94,79,0,1,1,13,8,12912.01,3,0.286,0,5,1,item_not_received,1
CASE-1540,112698.66,3,0,0,1,0,3,45760.45,8,0.052,2,4,2,duplicate,1
CASE-1541,132643.98,1,0,2,1,0,75,182787.87,1,0.178,0,5,1,other,0
CASE-1542,553.61,4,3,0,1,7,6,905.87,2,0.395,0,4,2,item_not_received,1
CASE-1543,1338.32,4,3,0,1,0,8,3105.0,7,0.422,0,5,1,item_not_received,1
CASE-1544,16479.43,15,2,1,1,0,4,11555.44,1,0.64,1,3,3,duplicate,0
CASE-1545,21806.44,18,0,0,1,12,20,28956.43,4,0.154,0,5,1,unauthorized,1
CASE-1546,9123.19,5,5,2,0,4,1,16039.7,11,0.869,0,4,2,item_not_received,0
CASE-1547,1011.05,3,0,0,0,27,20,1096.91,1,0.131,0,3,3,item_not_received,0
CASE-1548,12211.7,12,0,5,1,0,13,24269.99,11,0.114,2,5,1,unauthorized,0
CASE-1549,9216.77,15,0,0,0,2,1,22941.99,0,0.093,0,3,3,item_not_received,0
CASE-1550,36309.59,13,3,2,1,0,48,33132.88,4,0.313,2,6,0,item_not_received,1
CASE-1551,500.29,17,0,0,1,1,29,420.66,3,0.153,0,5,1,unauthorized,1
CASE-1552,14930.97,13,0,2,1,5,22,8629.92,2,0.222,5,4,2,item_not_received,1
CASE-1553,1695.39,4,5,0,1,11,2,3943.6,14,0.127,0,6,0,other,1
CASE-1554,1820.81,4,0,0,1,0,16,878.84,0,0.071,0,5,1,unauthorized,1
CASE-1555,16822.46,9,3,0,1,3,29,29931.68,2,0.357,0,4,2,item_not_received,1
CASE-1556,102315.88,4,3,0,1,7,4,125957.54,13,0.604,0,4,2,unauthorized,0
CASE-1557,103388.09,3,2,2,0,24,3,55637.56,0,0.32,3,2,4,item_not_received,0
CASE-1558,428.84,41,0,5,0,13,66,722.72,2,0.146,0,0,6,item_not_received,0
CASE-1559,11480.82,34,9,0,0,15,54,12298.29,3,0.89,0,3,3,unauthorized,0
CASE-1560,118119.74,16,0,2,1,0,16,181174.45,8,0.373,1,5,1,duplicate,1
CASE-1561,16098.01,61,0,3,1,18,11,21668.26,0,0.069,0,6,0,item_not_received,1
CASE-1562,114649.85,4,0,1,1,14,13,73709.15,3,0.062,2,4,2,item_not_received,1
CASE-1563,1929.27,34,0,1,1,13,22,3878.75,0,0.155,0,5,1,item_not_received,1
CASE-1564,6194.48,93,0,6,1,0,1,1886.37,4,0.089,0,5,1,defective,1
CASE-1565,1517.96,7,6,2,1,9,23,475.11,0,0.594,0,5,1,item_not_received,1
CASE-1566,962.42,2,0,0,1,0,39,2034.8,0,0.189,0,5,1,item_not_received,1
CASE-1567,1651.97,3,2,0,1,0,5,517.05,7,0.488,1,4,2,item_not_received,1
CASE-1568,1336.97,4,0,2,1,0,4,2739.31,3,0.161,0,5,1,defective,1
CASE-1569,204.23,1,0,0,1,0,8,358.74,1,0.166,0,5,1,other,1
CASE-1570,1564.17,2,1,6,1,0,10,1873.31,7,0.302,5,5,1,defective,0
CASE-1571,10907.67,3,0,0,1,0,22,8256.87,5,0.224,0,3,3,item_not_received,1
CASE-1572,13651.36,71,1,2,0,8,26,20655.9,3,0.031,0,2,4,other,1
CASE-1573,1650.94,84,0,2,1,12,21,1266.99,1,0.197,0,4,2,defective,0
CASE-1574,14105.9,16,0,0,1,0,21,17790.41,4,0.237,0,3,3,item_not_received,1
CASE-1575,698.75,9,0,1,1,0,19,1420.78,2,0.179,2,6,0,unauthorized,1
CASE-1576,13539.55,3,5,1,1,0,17,9740.53,1,0.783,0,5,1,duplicate,0
CASE-1577,9684.87,12,2,3,1,0,7,21948.86,9,0.307,3,4,2,unauthorized,1
CASE-1578,16191.17,7,0,0,1,0,3,38822.38,4,0.306,0,6,0,defective,1
CASE-1579,146514.89,18,0,1,1,0,84,332401.66,4,0.232,0,6,0,item_not_received,1
CASE-1580,137438.17,60,8,6,1,0,2,167300.72,5,1.0,0,5,1,other,0
CASE-1581,569.52,66,9,0,1,2,15,1417.95,11,1.0,0,2,4,other,1
CASE-1582,2474.5,6,0,0,1,0,11,1473.42,0,0.255,4,3,3,item_not_received,1
CASE-1583,5549.33,4,2,0,1,20,54,13098.02,0,0.3,0,4,2,item_not_received,1
CASE-1584,1791.19,3,3,1,1,12,61,2283.83,3,0.659,1,4,2,item_not_received,0
CASE-1585,12484.7,2,0,0,1,2,17,14627.42,4,0.198,0,5,1,unauthorized,1
CASE-1586,127221.84,12,0,2,1,29,2,138925.53,0,0.206,3,5,1,duplicate,1
CASE-1587,6992.85,13,1,0,0,23,4,15876.42,4,0.158,0,3,3,duplicate,0
CASE-1588,1410.81,13,2,0,1,0,11,2358.85,10,0.274,0,5,1,item_not_received,1
CASE-1589,17222.08,3,0,0,0,24,21,35749.74,14,0.038,2,4,2,unauthorized,1
CASE-1590,383.86,11,0,0,1,0,1,655.12,3,0.141,2,5,1,unauthorized,1
CASE-1591,1212.87,1,2,0,1,0,21,427.85,1,0.346,0,6,0,other,1
CASE-1592,1262.5,3,1,7,1,24,1,1516.85,4,0.291,0,6,0,defective,0
CASE-1593,5477.98,14,0,0,1,23,29,10948.45,2,0.321,0,5,1,defective,0
CASE-1594,9063.03,18,0,0,1,0,4,12901.82,10,0.167,2,4,2,defective,1
CASE-1595,6331.25,7,1,2,1,15,1,15100.38,0,0.116,0,5,1,item_not_received,1
CASE-1596,65494.34,67,0,0,0,29,33,132827.23,0,0.248,0,3,3,defective,0
CASE-1597,15244.6,72,8,1,0,0,53,4723.6,2,0.765,0,3,3,duplicate,0
CASE-1598,144255.71,7,3,2,0,18,25,124408.3,2,0.306,2,4,2,item_not_received,0
CASE-1599,31255.08,8,5,0,0,29,85,50632.73,11,0.487,0,3,3,item_not_received,0
CASE-1600,73208.16,53,3,2,1,12,12,159193.06,12,0.659,0,6,0,defective,1
CASE-1601,40048.88,4,7,2,1,0,12,63777.94,0,0.628,0,3,3,duplicate,1
CASE-1602,1649.52,89,5,0,1,4,3,3062.0,0,0.561,0,4,2,unauthorized,0
CASE-1603,75026.69,17,3,2,1,23,2,138059.42,2,0.396,0,4,2,duplicate,1
CASE-1604,106932.87,4,0,0,0,7,64,260803.73,0,0.118,0,2,4,item_not_received,0
CASE-1605,8118.9,4,9,0,1,0,17,17934.0,1,0.93,0,2,4,defective,0
CASE-1606,89662.85,2,2,0,1,0,8,86845.33,1,0.267,0,5,1,defective,1
CASE-1607,2314.02,1,0,7,1,0,88,3705.27,13,0.106,2,6,0,unauthorized,0
CASE-1608,4619.49,65,0,0,0,24,14,10756.05,0,0.079,0,4,2,item_not_received,1
CASE-1609,61343.74,16,3,2,1,0,24,100507.05,3,0.447,0,5,1,unauthorized,0
CASE-1610,13323.18,4,0,0,0,14,11,20276.8,0,0.063,0,3,3,unauthorized,0
CASE-1611,633.67,19,3,0,1,0,12,805.35,9,0.484,0,4,2,defective,1
CASE-1612,1939.78,14,0,0,0,27,14,3489.05,3,0.091,0,1,5,item_not_received,0
CASE-1613,5762.13,2,0,0,1,0,6,8630.31,0,0.147,0,4,2,unauthorized,1
CASE-1614,98050.58,35,0,2,1,0,18,79088.93,0,0.458,6,5,1,item_not_received,0
CASE-1615,262.91,11,0,2,0,20,73,536.92,1,0.117,1,4,2,item_not_received,0
CASE-1616,954.97,5,4,2,1,21,3,935.23,0,0.484,4,5,1,unauthorized,0
CASE-1617,347.61,10,0,0,1,2,23,749.55,13,0.278,2,5,1,item_not_received,1
CASE-1618,12879.82,1,1,4,0,8,35,20436.52,0,0.284,0,3,3,defective,0
CASE-1619,78969.75,4,0,0,0,27,24,64230.19,1,0.198,0,4,2,unauthorized,0
CASE-1620,1397.53,5,2,1,1,0,18,1500.4,4,0.552,2,5,1,item_not_received,1
CASE-1621,6221.44,1,5,1,0,12,3,6106.52,0,0.802,0,2,4,unauthorized,0
CASE-1622,1189.74,2,0,0,1,0,21,715.45,4,0.067,0,5,1,item_not_received,1
CASE-1623,115158.82,1,0,2,1,0,9,286083.15,3,0.246,0,3,3,item_not_received,1
CASE-1624,18137.29,45,0,0,1,0,8,37004.19,14,0.071,1,6,0,other,1
CASE-1625,14743.92,2,7,0,1,1,18,9719.86,2,0.973,2,4,2,item_not_received,1
CASE-1626,3105.21,11,9,0,0,22,21,1436.62,2,0.911,0,3,3,item_not_received,0
CASE-1627,56871.02,1,3,0,1,0,26,110914.4,0,0.67,0,4,2,other,0
CASE-1628,1365.55,16,0,0,1,20,1,3363.12,5,0.231,0,6,0,defective,1
CASE-1629,39475.1,10,0,1,1,0,25,71500.82,4,0.157,0,5,1,item_not_received,1
CASE-1630,100398.7,69,4,2,1,0,22,239813.13,12,0.81,0,4,2,item_not_received,1
CASE-1631,84932.15,10,7,0,1,4,2,139194.76,1,0.798,1,4,2,defective,1
CASE-1632,8152.44,3,1,2,0,7,11,6013.35,0,0.22,1,3,3,item_not_received,0
CASE-1633,84297.78,10,0,0,1,0,24,61173.57,0,0.118,0,5,1,other,0
CASE-1634,822.66,19,1,1,1,0,85,1577.01,0,0.166,0,4,2,item_not_received,1
CASE-1635,1298.39,1,4,0,1,15,6,2731.02,3,0.401,0,6,0,defective,1
CASE-1636,127992.61,12,2,0,0,12,21,158253.39,0,0.352,1,2,4,other,0
CASE-1637,18275.72,17,9,1,1,0,1,13818.94,6,1.0,0,4,2,item_not_received,1
CASE-1638,11456.45,32,2,0,1,0,3,23233.5,0,0.248,0,5,1,other,1
CASE-1639,5424.59,3,0,1,0,23,21,12587.02,4,0.23,0,4,2,unauthorized,0
CASE-1640,1609.72,2,1,1,1,0,82,2493.1,0,0.113,2,4,2,unauthorized,1
CASE-1641,1053.56,1,0,0,1,0,12,1833.14,12,0.031,0,5,1,unauthorized,1
CASE-1642,17919.89,3,2,0,1,9,2,15314.35,0,0.258,0,5,1,defective,0
CASE-1643,8892.47,16,8,0,1,0,50,13369.66,4,0.92,2,5,1,item_not_received,1
CASE-1644,1722.0,49,2,2,1,4,25,1433.77,1,0.103,4,5,1,item_not_received,1
CASE-1645,404.97,15,3,2,0,24,16,130.38,0,0.433,0,3,3,unauthorized,0
CASE-1646,17287.46,4,0,0,1,0,9,6405.9,4,0.298,0,3,3,other,1
CASE-1647,918.64,4,1,0,1,0,6,1972.5,0,0.33,0,4,2,defective,1
CASE-1648,696.99,96,0,1,1,0,8,1211.93,3,0.109,0,5,1,unauthorized,1
CASE-1649,98855.91,2,3,0,1,0,19,196436.75,5,0.486,0,4,2,item_not_received,1
CASE-1650,123127.14,2,0,1,1,0,61,107134.96,4,0.105,0,5,1,unauthorized,1
CASE-1651,11204.94,6,0,0,1,0,14,6143.31,3,0.099,0,4,2,defective,1
CASE-1652,2732.69,1,0,2,1,0,23,6763.27,1,0.215,0,5,1,defective,1
CASE-1653,1260.05,4,0,0,1,0,16,1697.36,4,0.029,1,5,1,unauthorized,1
CASE-1654,9794.18,17,0,0,0,18,24,13477.42,10,0.05,2,3,3,duplicate,0
CASE-1655,1787.78,1,3,0,1,0,3,4291.2,2,0.222,0,4,2,defective,1
CASE-1656,5309.27,58,2,0,0,4,2,5030.88,0,0.34,4,2,4,other,0
CASE-1657,14335.53,9,0,0,0,11,26,35057.47,2,0.105,0,6,0,item_not_received,0
CASE-1658,11210.78,1,3,1,1,0,2,26534.97,1,0.34,2,5,1,unauthorized,0
CASE-1659,80104.11,3,0,0,0,27,6,54096.24,0,0.059,0,3,3,duplicate,0
CASE-1660,946.93,16,0,5,1,0,13,2219.46,1,0.423,0,4,2,duplicate,1
CASE-1661,1316.94,18,1,7,1,22,2,2476.56,1,0.375,0,6,0,defective,1
CASE-1662,93558.43,8,0,0,1,0,23,130861.0,1,0.08,0,5,1,unauthorized,1
CASE-1663,8504.72,55,0,0,1,0,81,17199.83,7,0.049,0,5,1,duplicate,1
CASE-1664,147535.94,74,0,1,1,0,20,120192.0,5,0.198,0,5,1,item_not_received,1
CASE-1665,1654.01,3,0,0,1,0,5,3740.31,4,0.218,2,6,0,unauthorized,1
CASE-1666,47610.78,70,3,5,1,0,59,24131.1,1,0.647,0,4,2,unauthorized,0
CASE-1667,7136.56,3,4,0,0,23,89,4599.61,0,0.634,6,2,4,item_not_received,0
CASE-1668,1099.99,14,0,2,1,0,1,1184.79,12,0.317,0,5,1,other,1
CASE-1669,23184.89,7,0,0,1,8,1,36256.45,4,0.303,0,4,2,item_not_received,1
CASE-1670,12935.5,4,3,0,0,16,18,21381.75,0,0.384,1,2,4,item_not_received,0
CASE-1671,1783.47,19,2,0,1,0,16,3990.72,2,0.472,2,4,2,other,1
CASE-1672,1241.16,9,0,2,0,19,5,1875.93,9,0.144,0,5,1,item_not_received,0
CASE-1673,578.33,14,5,1,1,0,77,358.14,2,0.615,1,3,3,unauthorized,0
CASE-1674,291.55,48,3,2,1,24,63,634.32,4,0.467,0,5,1,unauthorized,1
CASE-1675,101419.58,3,6,0,1,0,14,132495.4,9,0.735,0,5,1,item_not_received,0
CASE-1676,6604.34,39,1,0,0,7,14,2475.52,0,0.16,0,3,3,unauthorized,0
CASE-1677,141664.85,2,0,0,1,0,64,137201.87,4,0.078,0,5,1,other,1
CASE-1678,7149.21,7,2,0,0,12,3,14838.29,2,0.511,0,2,4,defective,0
CASE-1679,1557.73,12,0,0,1,0,2,2666.53,0,0.315,0,4,2,unauthorized,1
CASE-1680,1572.87,1,0,0,1,21,14,2088.0,1,0.032,1,3,3,unauthorized,1
CASE-1681,19638.57,11,0,0,1,0,6,32447.35,0,0.138,0,3,3,other,1
CASE-1682,1574.92,28,2,0,0,23,4,2398.28,0,0.354,2,1,5,unauthorized,0
CASE-1683,1716.86,5,9,5,1,26,7,907.93,0,0.943,1,2,4,duplicate,0
CASE-1684,358.26,28,0,2,1,13,23,553.33,4,0.176,1,5,1,item_not_received,1
CASE-1685,139039.14,17,5,0,1,0,58,140832.68,0,0.717,2,4,2,item_not_received,0
CASE-1686,13615.39,5,0,3,0,13,10,8990.12,11,0.114,0,3,3,item_not_received,0
CASE-1687,28389.86,27,0,2,1,0,10,64059.49,0,0.034,1,4,2,unauthorized,1
CASE-1688,2833.95,2,0,1,0,15,16,3196.65,0,0.251,1,4,2,item_not_received,0
CASE-1689,17630.32,32,0,0,1,0,18,29907.91,2,0.139,2,4,2,duplicate,1
CASE-1690,1524.14,10,2,1,1,29,1,2107.19,14,0.202,0,5,1,other,1
CASE-1691,54520.64,2,1,0,1,20,24,63855.62,5,0.09,0,6,0,item_not_received,1
CASE-1692,14669.4,13,8,1,1,3,3,17036.81,1,0.878,0,5,1,duplicate,1
CASE-1693,103677.84,42,2,2,1,18,26,107510.55,0,0.54,0,4,2,defective,1
CASE-1694,1990.49,50,2,7,1,0,18,4811.97,4,0.513,0,4,2,unauthorized,0
CASE-1695,1125.65,2,3,0,1,9,4,1689.27,0,0.839,1,5,1,unauthorized,0
CASE-1696,405.44,19,0,2,1,0,76,328.83,4,0.095,0,6,0,item_not_received,1
CASE-1697,107062.59,62,1,1,1,29,8,245267.32,3,0.277,2,5,1,item_not_received,0
CASE-1698,16484.25,1,0,0,0,1,64,19448.34,0,0.187,0,1,5,unauthorized,0
CASE-1699,1362.15,15,0,0,1,15,38,2335.75,0,0.107,0,6,0,defective,1
CASE-1700,1501.84,25,2,0,1,18,18,492.55,0,0.227,0,6,0,duplicate,1
CASE-1701,10445.06,18,0,2,1,0,6,10641.23,12,0.065,0,4,2,item_not_received,1
CASE-1702,46265.78,3,1,1,1,12,1,19525.99,8,0.537,0,3,3,duplicate,1
CASE-1703,129665.42,4,0,2,1,0,28,87427.05,2,0.091,0,4,2,unauthorized,1
CASE-1704,12065.0,15,3,0,0,17,80,21583.76,2,0.18,5,2,4,item_not_received,0
CASE-1705,1332.09,4,1,0,1,0,6,1666.21,3,0.207,2,4,2,other,1
CASE-1706,4301.38,2,0,0,1,12,17,4151.79,2,0.019,2,4,2,item_not_received,1
CASE-1707,100164.85,8,3,1,0,14,21,82225.01,0,0.617,0,1,5,defective,0
CASE-1708,91285.08,14,0,1,1,0,1,78666.51,0,0.239,0,6,0,item_not_received,1
CASE-1709,93614.4,10,1,0,0,11,86,187061.36,6,0.351,0,2,4,unauthorized,0
CASE-1710,35143.45,3,4,0,1,24,27,18779.01,0,0.395,0,4,2,duplicate,1
CASE-1711,12305.39,4,0,6,0,25,20,14633.35,4,0.17,2,0,6,item_not_received,0
CASE-1712,902.48,10,3,0,1,5,6,1904.32,1,0.44,1,3,3,item_not_received,1
CASE-1713,145128.59,16,0,1,1,0,19,136759.76,2,0.119,0,4,2,unauthorized,1
CASE-1714,1444.01,11,0,1,0,17,1,2028.86,0,0.226,0,3,3,defective,0
CASE-1715,1698.64,18,0,5,1,0,3,2775.37,2,0.345,4,4,2,defective,1
CASE-1716,12238.03,10,3,0,0,16,55,21106.93,4,0.567,0,5,1,defective,0
CASE-1717,378.9,3,1,1,1,0,54,896.34,3,0.255,0,5,1,item_not_received,1
CASE-1718,16481.86,18,8,7,1,0,25,15293.65,4,0.974,2,6,0,duplicate,0
CASE-1719,16395.69,2,0,1,0,19,3,29538.41,1,0.111,6,3,3,unauthorized,0
CASE-1720,10930.05,1,0,0,0,0,19,5050.42,11,0.104,0,4,2,defective,0
CASE-1721,56903.39,79,3,7,1,14,27,56794.7,0,0.266,6,6,0,unauthorized,0
CASE-1722,14300.15,6,6,1,0,7,4,30165.98,10,0.628,2,4,2,defective,1
CASE-1723,812.39,9,0,0,0,17,88,1691.13,0,0.044,2,3,3,defective,0
CASE-1724,8158.97,9,2,0,1,0,17,17188.47,0,0.492,0,5,1,item_not_received,1
CASE-1725,99086.27,5,0,1,0,10,2,246978.04,0,0.121,0,2,4,defective,0
CASE-1726,16104.63,42,3,0,1,0,6,39802.34,14,0.496,2,4,2,duplicate,1
CASE-1727,1335.13,14,3,5,0,7,20,1706.44,1,0.266,0,2,4,item_not_received,0
CASE-1728,17124.66,1,2,2,0,22,4,9415.8,3,0.316,1,2,4,item_not_received,0
CASE-1729,3453.31,7,0,0,1,10,72,5099.53,14,0.211,0,4,2,unauthorized,1
CASE-1730,61036.42,87,4,2,1,5,24,109206.25,0,0.311,3,5,1,item_not_received,1
CASE-1731,12339.53,2,0,0,1,7,17,25237.38,0,0.181,0,5,1,item_not_received,1
CASE-1732,88384.95,82,0,1,1,0,13,146551.59,10,0.474,2,5,1,item_not_received,1
CASE-1733,1845.51,14,0,6,1,0,74,3701.68,13,0.381,6,5,1,item_not_received,1
CASE-1734,1144.16,1,0,7,0,19,24,2240.87,1,0.135,0,2,4,defective,0
CASE-1735,1534.56,4,6,0,0,17,28,2712.82,4,0.849,3,2,4,duplicate,0
CASE-1736,13599.17,3,0,0,1,3,22,22712.41,1,0.218,0,3,3,item_not_received,1
CASE-1737,15852.73,16,0,0,1,9,28,9314.98,2,0.222,2,5,1,other,1
CASE-1738,214.1,31,1,0,1,14,18,521.99,1,0.539,0,5,1,item_not_received,1
CASE-1739,63924.59,7,5,0,1,0,19,50208.65,4,0.67,0,4,2,unauthorized,0
CASE-1740,124965.5,18,3,0,1,3,23,223013.56,13,0.583,0,4,2,item_not_received,1
CASE-1741,5408.33,4,1,0,1,0,21,11420.99,3,0.391,2,4,2,other,1
CASE-1742,7380.43,47,2,0,1,0,69,16267.22,2,0.304,2,4,2,item_not_received,1
CASE-1743,978.43,14,6,1,1,15,1,1880.26,0,0.589,5,2,4,duplicate,0
CASE-1744,1394.51,2,2,2,1,29,58,1808.85,0,0.48,0,5,1,unauthorized,1
CASE-1745,4782.79,14,0,0,0,21,23,9853.8,0,0.177,0,2,4,unauthorized,0
CASE-1746,17508.54,10,2,6,0,8,13,14843.58,0,0.298,0,2,4,item_not_received,0
CASE-1747,852.28,1,3,0,0,20,4,1797.06,1,0.269,0,3,3,unauthorized,0
CASE-1748,591.58,77,3,0,1,22,3,1086.35,2,0.76,6,6,0,item_not_received,0
CASE-1749,1203.62,16,0,0,0,17,13,1914.17,0,0.018,0,1,5,other,0
CASE-1750,14234.45,34,3,0,0,11,1,6834.75,0,0.415,0,2,4,duplicate,0
CASE-1751,12627.98,6,0,0,0,2,2,26539.42,2,0.176,0,4,2,other,0
CASE-1752,208.99,12,8,2,0,23,12,99.01,3,0.865,0,3,3,item_not_received,0
CASE-1753,686.44,3,0,7,0,2,21,225.43,0,0.199,0,3,3,unauthorized,0
CASE-1754,7887.73,14,0,1,0,8,49,16821.3,2,0.196,0,2,4,defective,0
CASE-1755,1864.13,18,2,0,1,0,3,955.12,5,0.315,5,5,1,item_not_received,1
CASE-1756,4221.53,17,0,0,1,26,18,7757.55,12,0.432,2,5,1,other,1
CASE-1757,571.25,54,2,0,1,4,3,1378.85,0,0.443,0,5,1,item_not_received,0
CASE-1758,15996.63,3,0,0,1,0,70,23184.06,0,0.249,2,4,2,defective,1
CASE-1759,13119.34,3,0,0,1,0,4,14309.97,0,0.059,1,5,1,item_not_received,1
CASE-1760,687.52,33,0,2,1,2,11,753.41,0,0.22,1,3,3,other,0
CASE-1761,14342.01,17,0,6,1,8,1,28989.86,3,0.186,0,5,1,item_not_received,1
CASE-1762,1060.0,75,0,0,1,0,6,606.7,3,0.441,4,4,2,unauthorized,1
CASE-1763,10161.49,84,0,0,1,13,23,3570.37,5,0.302,0,5,1,unauthorized,1
CASE-1764,326.02,2,0,7,0,8,42,706.72,4,0.126,0,3,3,item_not_received,0
CASE-1765,1617.04,1,4,0,0,3,14,3980.83,0,0.317,0,3,3,defective,0
CASE-1766,805.96,4,0,1,1,11,9,691.39,12,0.083,0,4,2,unauthorized,1
CASE-1767,17541.0,74,0,2,0,6,2,18316.22,1,0.357,2,2,4,defective,0
CASE-1768,11628.6,23,0,0,1,26,1,12545.34,12,0.033,1,5,1,unauthorized,1
CASE-1769,99852.5,91,0,0,0,22,2,95025.98,0,0.138,0,2,4,item_not_received,0
CASE-1770,10888.04,2,0,0,1,21,19,25855.59,3,0.398,1,4,2,duplicate,1
CASE-1771,785.28,75,0,2,1,0,25,1044.26,4,0.13,0,6,0,item_not_received,1
CASE-1772,114338.92,16,0,0,1,0,19,86220.95,1,0.158,0,4,2,item_not_received,1
CASE-1773,648.4,77,2,0,0,28,60,1310.52,1,0.586,1,3,3,unauthorized,0
CASE-1774,795.85,95,0,0,1,6,3,1045.11,5,0.098,2,2,4,item_not_received,1
CASE-1775,869.69,52,1,0,0,8,13,1420.01,0,0.235,0,1,5,unauthorized,0
CASE-1776,15690.0,10,4,0,0,22,28,16218.09,3,0.805,0,2,4,other,0
CASE-1777,14620.5,16,0,2,1,0,1,29132.78,4,0.264,3,5,1,duplicate,1
CASE-1778,12188.81,44,0,1,1,0,1,13437.28,14,0.047,1,6,0,other,1
CASE-1779,12990.99,64,2,1,1,0,17,3994.07,2,0.578,0,4,2,defective,0
CASE-1780,457.8,7,1,7,0,25,18,474.62,9,0.161,2,5,1,unauthorized,0
CASE-1781,1812.85,7,9,1,1,0,8,1286.84,12,1.0,2,5,1,other,0
CASE-1782,1833.41,1,0,0,0,4,6,1941.01,4,0.057,2,3,3,defective,0
CASE-1783,19755.47,10,3,2,1,26,11,21908.11,1,0.092,0,4,2,item_not_received,0
CASE-1784,69637.13,1,0,0,1,0,68,40201.2,0,0.499,0,6,0,unauthorized,0
CASE-1785,1898.5,3,0,0,1,0,1,2230.08,4,0.074,0,5,1,defective,1
CASE-1786,143198.16,2,0,0,1,9,34,208181.7,0,0.128,0,6,0,duplicate,1
CASE-1787,15316.48,52,2,1,1,18,16,33975.43,0,0.206,0,6,0,item_not_received,1
CASE-1788,6228.42,9,3,0,1,19,75,5796.01,0,0.324,0,4,2,item_not_received,1
CASE-1789,9516.34,30,0,2,0,3,4,23089.41,7,0.09,0,3,3,item_not_received,0
CASE-1790,1222.16,17,0,3,1,15,6,591.32,14,0.258,0,5,1,item_not_received,1
CASE-1791,1238.14,9,1,0,1,0,4,2794.44,1,0.268,2,3,3,unauthorized,1
CASE-1792,953.02,4,1,2,1,0,15,1251.85,2,0.329,1,4,2,defective,0
CASE-1793,447.6,19,0,0,1,0,43,703.47,4,0.136,0,4,2,defective,1
CASE-1794,104686.22,4,0,0,1,24,22,200510.43,4,0.13,3,5,1,defective,1
CASE-1795,121985.4,7,3,0,0,5,26,158373.88,4,0.137,2,2,4,item_not_received,0
CASE-1796,1237.13,3,3,0,1,12,65,813.73,2,0.661,0,5,1,unauthorized,1
CASE-1797,17417.73,10,1,0,1,0,25,30349.87,2,0.286,0,6,0,item_not_received,1
CASE-1798,17729.56,4,3,4,0,15,17,40022.1,10,0.219,6,2,4,defective,0
CASE-1799,792.77,48,0,7,1,0,25,1480.85,2,0.064,1,6,0,defective,0
CASE-1800,8298.08,53,0,0,0,5,12,6804.91,8,0.235,0,4,2,item_not_received,1
CASE-1801,8773.08,18,0,5,1,0,16,20403.04,0,0.181,1,6,0,duplicate,1
CASE-1802,25784.13,3,0,7,1,9,5,12453.33,2,0.181,2,6,0,item_not_received,1
CASE-1803,1964.35,83,2,0,1,0,22,4255.04,5,0.086,0,6,0,defective,1
CASE-1804,69250.61,2,0,0,1,5,9,142695.8,3,0.245,0,3,3,item_not_received,1
CASE-1805,1680.02,96,0,0,1,9,17,2390.94,4,0.129,1,5,1,unauthorized,1
CASE-1806,3979.98,4,0,0,1,0,24,4140.35,2,0.135,0,4,2,item_not_received,1
CASE-1807,1074.05,4,1,0,1,0,7,830.51,4,0.249,0,4,2,unauthorized,1
CASE-1808,8727.56,2,8,0,0,29,8,11368.45,0,1.0,0,3,3,defective,0
CASE-1809,1255.09,3,0,0,1,0,33,2409.83,1,0.183,0,5,1,defective,1
CASE-1810,14248.0,4,8,2,0,20,14,7143.93,0,1.0,0,2,4,defective,0
CASE-1811,5226.68,1,0,1,0,4,4,2071.57,1,0.286,2,1,5,item_not_received,0
CASE-1812,825.69,3,2,0,0,12,19,1645.35,4,0.454,1,1,5,item_not_received,0
CASE-1813,1636.58,4,2,0,1,0,8,3087.71,3,0.782,0,6,0,defective,1
CASE-1814,917.19,1,3,1,1,0,1,1986.55,1,0.382,0,5,1,item_not_received,1
CASE-1815,14030.06,1,2,0,1,12,3,15834.98,2,0.446,0,6,0,item_not_received,1
CASE-1816,1845.1,2,0,0,1,15,5,749.01,12,0.098,0,5,1,item_not_received,1
CASE-1817,18236.91,15,0,0,1,0,1,38384.17,1,0.072,1,3,3,item_not_received,1
CASE-1818,1116.18,4,0,2,1,5,6,2061.56,0,0.245,0,4,2,item_not_received,1
CASE-1819,12309.14,1,1,6,1,0,6,5314.69,1,0.134,0,4,2,defective,0
CASE-1820,9803.7,10,1,0,1,4,3,14089.81,3,0.019,0,2,4,unauthorized,1
CASE-1821,1918.78,4,3,2,1,28,4,1074.29,0,0.465,1,4,2,duplicate,1
CASE-1822,853.85,2,7,6,1,0,39,737.96,1,0.823,0,4,2,unauthorized,0
CASE-1823,304.58,9,2,0,1,0,11,346.04,0,0.297,1,4,2,unauthorized,0
CASE-1824,5584.69,96,0,2,1,0,13,1784.53,0,0.186,1,4,2,item_not_received,1
CASE-1825,439.89,1,8,7,1,12,7,843.1,12,1.0,0,3,3,duplicate,0
CASE-1826,1128.23,3,9,2,1,0,88,2126.01,0,0.981,0,5,1,unauthorized,0
CASE-1827,1550.73,2,2,0,0,6,13,3522.21,0,0.122,2,2,4,other,0
CASE-1828,1785.8,1,1,0,1,26,67,2573.2,5,0.393,0,5,1,duplicate,1
CASE-1829,15890.71,4,0,1,0,25,13,29374.01,2,0.14,0,1,5,unauthorized,0
CASE-1830,4877.85,7,0,0,1,0,5,6232.82,8,0.058,0,5,1,duplicate,1
CASE-1831,410.79,2,1,1,1,8,2,689.23,1,0.397,0,4,2,duplicate,1
CASE-1832,7589.35,39,2,1,1,0,40,17760.7,2,0.426,2,4,2,item_not_received,1
CASE-1833,9953.8,3,2,1,1,0,56,6900.28,2,0.406,0,2,4,unauthorized,0
CASE-1834,17340.76,3,0,0,1,0,10,21173.5,1,0.185,4,5,1,unauthorized,0
CASE-1835,57462.44,65,0,0,1,23,63,91024.58,0,0.098,0,3,3,other,1
CASE-1836,148867.29,6,0,2,1,0,25,211717.54,1,0.226,0,5,1,unauthorized,0
CASE-1837,699.68,5,0,1,0,0,12,466.94,2,0.072,0,4,2,item_not_received,0
CASE-1838,1224.09,12,0,0,1,22,86,368.85,0,0.173,0,3,3,defective,1
CASE-1839,710.81,76,0,0,1,25,5,598.1,12,0.393,0,3,3,unauthorized,1
CASE-1840,8722.29,1,0,0,0,18,5,21780.8,1,0.235,1,3,3,unauthorized,0
CASE-1841,1211.77,1,0,1,1,0,8,650.31,1,0.08,0,5,1,other,1
CASE-1842,140939.38,51,0,0,1,5,6,85433.31,0,0.17,0,2,4,item_not_received,1
CASE-1843,1883.04,3,0,2,1,3,2,1713.21,9,0.088,0,3,3,unauthorized,1
CASE-1844,982.79,4,0,2,0,13,21,2115.6,3,0.17,0,0,6,other,0
CASE-1845,59446.12,3,0,0,0,17,12,96665.24,2,0.271,0,5,1,item_not_received,0
CASE-1846,1205.51,12,0,0,0,6,24,443.16,13,0.134,1,3,3,item_not_received,0
CASE-1847,337.41,7,0,0,1,0,45,115.52,3,0.17,0,5,1,item_not_received,1
CASE-1848,44632.99,14,4,0,0,2,12,29146.83,4,0.639,0,2,4,duplicate,0
CASE-1849,47356.7,3,0,0,0,14,57,62434.72,0,0.132,0,2,4,unauthorized,0
CASE-1850,11264.04,3,3,0,1,12,11,20985.26,9,0.508,0,6,0,item_not_received,1
CASE-1851,59733.49,45,0,1,0,15,16,43613.76,13,0.095,1,3,3,defective,0
CASE-1852,18741.36,11,3,0,0,24,3,37362.2,3,0.477,2,2,4,duplicate,0
CASE-1853,64775.73,19,3,0,1,0,15,37960.68,0,0.622,3,4,2,item_not_received,1
CASE-1854,5949.55,72,0,2,1,0,3,11281.7,4,0.183,0,4,2,duplicate,1
CASE-1855,334.27,14,0,0,0,11,38,480.29,4,0.14,2,5,1,unauthorized,0
CASE-1856,88033.83,11,0,7,1,0,18,89879.72,6,0.084,0,6,0,other,1
CASE-1857,14990.83,4,0,7,1,0,4,22214.12,0,0.126,0,5,1,defective,1
CASE-1858,1331.73,13,0,0,0,26,2,1747.22,3,0.082,0,4,2,unauthorized,1
CASE-1859,79721.21,1,0,0,1,0,3,122733.33,1,0.021,0,4,2,item_not_received,1
CASE-1860,10375.39,2,1,2,0,15,10,22995.4,12,0.369,0,4,2,item_not_received,0
CASE-1861,13957.13,39,1,2,1,0,16,10066.18,4,0.071,0,5,1,unauthorized,1
CASE-1862,622.69,77,0,2,1,17,82,1420.2,3,0.073,2,3,3,unauthorized,1
CASE-1863,113947.16,9,2,2,1,0,58,65460.64,4,0.226,2,6,0,duplicate,1
CASE-1864,688.64,4,0,0,1,0,48,843.06,6,0.172,1,6,0,duplicate,1
CASE-1865,8397.25,6,1,3,0,5,5,11226.53,1,0.508,0,3,3,item_not_received,0
CASE-1866,14970.87,5,0,0,0,10,5,23057.43,3,0.184,0,5,1,item_not_received,1
CASE-1867,230.55,9,2,0,1,0,11,516.44,8,0.209,0,6,0,other,1
CASE-1868,4764.34,2,3,2,1,0,2,3681.12,10,0.581,0,6,0,unauthorized,1
CASE-1869,667.32,2,7,1,0,17,5,307.22,10,0.73,0,1,5,item_not_received,0
CASE-1870,17145.7,40,0,0,1,0,2,29240.67,1,0.179,0,6,0,unauthorized,1
CASE-1871,1552.75,3,1,0,1,10,2,2951.96,2,0.404,6,5,1,defective,1
CASE-1872,17588.05,6,8,6,1,19,71,36120.53,11,0.909,0,5,1,item_not_received,0
CASE-1873,839.1,12,2,0,1,0,21,606.46,13,0.234,0,6,0,duplicate,1
CASE-1874,14379.06,18,0,1,1,0,26,11736.86,8,0.157,0,4,2,unauthorized,1
CASE-1875,19756.37,8,0,1,1,0,74,42395.3,14,0.03,1,4,2,defective,1
CASE-1876,52212.32,8,5,0,1,0,56,26786.49,0,0.782,0,4,2,item_not_received,0
CASE-1877,361.83,19,0,2,1,25,35,418.3,9,0.084,0,3,3,unauthorized,0
CASE-1878,67160.2,45,1,0,0,4,6,139638.16,4,0.132,0,4,2,item_not_received,0
CASE-1879,857.54,1,5,0,1,28,8,722.58,2,0.669,2,5,1,item_not_received,1
CASE-1880,13938.98,2,0,1,0,14,6,11829.72,4,0.22,4,2,4,defective,0
CASE-1881,940.68,4,0,0,1,20,19,2299.44,2,0.207,2,5,1,defective,1
CASE-1882,927.11,45,2,0,0,10,33,495.16,0,0.201,2,5,1,defective,0
CASE-1883,96304.68,51,3,0,1,0,4,69639.57,2,0.464,0,4,2,other,0
CASE-1884,2601.09,85,0,0,1,0,5,4434.57,2,0.196,0,5,1,unauthorized,1
CASE-1885,14504.18,12,0,1,1,14,15,5550.94,9,0.439,0,4,2,other,1
CASE-1886,1579.02,8,0,1,1,0,23,2748.6,0,0.021,0,5,1,defective,0
CASE-1887,867.58,16,0,1,1,0,3,282.06,3,0.345,0,4,2,item_not_received,1
CASE-1888,114328.56,7,8,0,1,2,7,74877.68,1,1.0,3,3,3,defective,0
CASE-1889,339.93,38,2,1,1,5,7,606.23,0,0.333,0,5,1,item_not_received,1
CASE-1890,60491.38,14,3,1,1,10,80,72993.13,2,0.35,0,3,3,defective,0
CASE-1891,8855.82,39,0,0,1,0,17,2866.8,14,0.3,0,3,3,unauthorized,1
CASE-1892,28633.27,9,0,0,0,28,7,56943.29,0,0.246,0,1,5,item_not_received,0
CASE-1893,99472.56,1,0,2,0,28,7,245896.28,14,0.14,0,2,4,defective,0
CASE-1894,5824.32,3,0,2,1,0,17,11260.82,3,0.254,2,4,2,item_not_received,1
CASE-1895,789.14,75,3,0,1,0,68,1449.63,1,0.585,0,5,1,defective,0
CASE-1896,650.87,6,0,4,0,1,11,954.61,13,0.157,6,4,2,other,0
CASE-1897,1987.66,6,2,2,1,0,65,4100.74,0,0.201,2,5,1,unauthorized,0
CASE-1898,856.06,6,1,0,1,0,12,1400.02,11,0.059,0,5,1,duplicate,1
CASE-1899,541.71,57,0,1,1,8,74,726.29,2,0.135,0,5,1,unauthorized,1
CASE-1900,8709.92,11,0,1,1,0,5,6450.77,1,0.494,6,6,0,unauthorized,0
CASE-1901,140759.09,18,3,0,0,11,7,116584.16,1,0.713,0,2,4,duplicate,0
CASE-1902,1284.83,4,7,0,1,18,4,3038.01,2,0.842,1,3,3,defective,0
CASE-1903,113355.46,3,2,0,0,2,16,278548.57,4,0.252,5,1,5,duplicate,0
CASE-1904,21869.49,56,3,0,1,17,7,6704.17,0,0.595,0,5,1,unauthorized,1
CASE-1905,7788.62,83,0,0,0,28,23,18560.03,0,0.125,0,4,2,duplicate,0
CASE-1906,1659.0,58,4,7,1,0,79,3857.59,11,0.786,6,4,2,defective,0
CASE-1907,727.18,18,0,0,1,20,6,573.49,4,0.118,0,3,3,other,1
CASE-1908,4366.92,3,8,0,1,22,10,2205.25,0,0.499,0,4,2,item_not_received,1
CASE-1909,959.96,1,5,0,1,0,11,1214.41,4,0.517,0,4,2,item_not_received,1
CASE-1910,1666.25,16,0,0,1,27,15,2164.29,0,0.301,0,3,3,duplicate,1
CASE-1911,11472.2,7,0,0,1,0,70,24108.03,4,0.301,0,6,0,unauthorized,0
CASE-1912,1959.77,11,0,0,0,12,4,2233.48,11,0.401,0,4,2,item_not_received,0
CASE-1913,13863.99,17,0,2,1,0,1,21832.57,4,0.144,0,4,2,unauthorized,0
CASE-1914,70334.07,2,0,1,0,1,19,143587.79,12,0.248,0,4,2,unauthorized,0
CASE-1915,9239.23,63,7,0,1,14,11,13124.91,12,0.751,2,5,1,item_not_received,1
CASE-1916,19479.01,3,2,1,1,7,14,35586.57,2,0.391,1,5,1,defective,0
CASE-1917,16370.92,5,6,1,1,13,7,18438.35,3,0.596,0,4,2,duplicate,1
CASE-1918,19058.45,1,3,1,1,0,25,9494.99,2,0.569,0,5,1,item_not_received,1
CASE-1919,18425.41,13,0,0,1,23,5,28310.44,3,0.064,0,5,1,item_not_received,1
CASE-1920,1065.5,6,0,3,1,4,27,921.21,0,0.197,0,3,3,duplicate,1
CASE-1921,79283.91,17,3,2,1,0,9,136598.54,0,0.795,0,4,2,unauthorized,0
CASE-1922,1872.38,10,0,0,1,0,9,2757.7,1,0.073,1,5,1,defective,1
CASE-1923,843.2,2,0,0,1,0,40,1371.83,4,0.099,0,6,0,unauthorized,1
CASE-1924,1306.63,92,0,0,1,0,3,2963.3,0,0.211,1,3,3,unauthorized,1
CASE-1925,14720.04,72,1,0,1,10,11,26903.53,6,0.254,0,4,2,item_not_received,1
CASE-1926,1412.51,27,1,5,1,0,29,2667.1,2,0.272,4,5,1,defective,0
CASE-1927,1821.83,12,0,2,1,3,2,3860.25,10,0.087,0,4,2,defective,0
CASE-1928,1363.45,16,0,0,1,27,29,2219.98,14,0.48,0,5,1,duplicate,1
CASE-1929,96078.98,13,0,0,1,19,23,198342.1,0,0.275,0,4,2,defective,1
CASE-1930,44729.78,2,2,0,1,0,41,26080.61,2,0.413,0,4,2,unauthorized,0
CASE-1931,572.09,4,2,2,1,0,14,314.13,4,0.585,5,4,2,item_not_received,1
CASE-1932,12685.14,14,0,6,1,0,28,16951.96,2,0.181,2,4,2,item_not_received,1
CASE-1933,1096.9,4,0,0,1,22,4,1793.86,4,0.311,0,4,2,duplicate,1
CASE-1934,115324.03,3,8,4,0,7,6,275530.32,7,1.0,0,2,4,item_not_received,0
CASE-1935,16861.0,2,0,0,1,0,13,6719.37,2,0.11,0,4,2,other,1
CASE-1936,1624.7,2,3,0,1,29,3,2582.46,2,0.499,2,2,4,item_not_received,1
CASE-1937,1384.62,15,1,0,1,28,19,2784.5,0,0.199,4,6,0,defective,1
CASE-1938,18621.36,16,0,0,1,0,16,35166.87,1,0.18,0,3,3,item_not_received,1
CASE-1939,82351.12,16,0,0,1,0,4,29957.22,8,0.128,0,5,1,item_not_received,1
CASE-1940,13911.04,22,0,0,0,25,51,10504.73,2,0.06,0,2,4,unauthorized,0
CASE-1941,20803.15,2,0,0,1,0,4,24888.38,7,0.035,2,6,0,defective,1
CASE-1942,106269.84,18,0,0,1,0,28,235440.89,4,0.32,5,5,1,unauthorized,1
CASE-1943,114895.93,4,0,0,0,1,4,96853.78,0,0.202,0,3,3,item_not_received,0
CASE-1944,1042.96,1,7,0,1,0,1,909.51,4,1.0,0,6,0,defective,0
CASE-1945,1662.55,3,0,1,1,12,29,2002.33,2,0.11,2,5,1,duplicate,1
CASE-1946,13505.48,16,3,0,1,0,2,15280.27,0,0.499,0,6,0,defective,1
CASE-1947,76661.94,3,1,0,1,3,3,119340.88,5,0.193,0,5,1,unauthorized,1
CASE-1948,559.49,15,2,5,1,20,76,649.25,5,0.428,0,6,0,item_not_received,0
CASE-1949,825.65,5,0,0,1,0,28,1323.58,6,0.097,0,5,1,item_not_received,1
CASE-1950,1450.58,5,2,0,1,9,47,1453.93,0,0.101,0,6,0,defective,1
CASE-1951,1316.54,17,3,5,1,26,10,2966.28,4,0.352,0,5,1,duplicate,1
CASE-1952,16357.59,17,0,5,1,27,72,9583.71,4,0.258,3,5,1,defective,0
CASE-1953,1014.36,33,8,0,1,0,58,920.25,0,0.715,0,4,2,unauthorized,0
CASE-1954,4459.6,6,0,0,1,29,29,5368.77,4,0.278,0,5,1,unauthorized,0
CASE-1955,4502.52,1,1,0,1,4,21,4412.79,0,0.173,0,5,1,item_not_received,1
CASE-1956,9621.03,46,0,0,0,21,2,18872.21,14,0.09,0,4,2,other,0
CASE-1957,2392.63,1,0,1,1,17,20,5663.46,3,0.168,0,5,1,unauthorized,0
CASE-1958,1260.33,1,0,2,0,28,3,427.71,4,0.137,1,3,3,other,0
CASE-1959,81124.0,19,0,0,1,15,41,81522.06,9,0.142,0,5,1,other,1
CASE-1960,393.56,5,3,1,1,23,84,733.44,0,0.677,0,4,2,other,0
CASE-1961,978.26,1,6,2,1,0,7,2246.76,1,0.503,6,5,1,item_not_received,1
CASE-1962,1486.07,1,3,0,1,2,19,1434.62,4,0.25,3,6,0,defective,1
CASE-1963,1516.63,19,3,0,0,0,15,3136.24,13,0.274,1,3,3,item_not_received,1
CASE-1964,9539.05,14,2,0,0,4,10,15521.42,4,0.221,1,4,2,duplicate,0
CASE-1965,814.05,1,0,0,0,0,16,1668.83,3,0.125,1,3,3,unauthorized,0
CASE-1966,15431.98,8,1,6,1,0,15,8327.79,8,0.457,0,6,0,item_not_received,1
CASE-1967,7347.71,3,0,0,0,2,6,6439.9,0,0.18,1,2,4,unauthorized,0
CASE-1968,99252.96,4,9,0,1,3,53,34283.31,0,0.693,0,6,0,unauthorized,1
CASE-1969,464.51,1,0,1,1,8,89,488.99,1,0.122,4,5,1,defective,1
CASE-1970,1033.24,65,9,0,0,23,12,2275.19,5,0.759,0,3,3,item_not_received,0
CASE-1971,1240.37,89,0,0,1,0,26,2871.87,9,0.21,0,6,0,unauthorized,1
CASE-1972,71713.5,15,9,7,1,1,1,30349.0,1,1.0,0,5,1,unauthorized,0
CASE-1973,12894.5,15,5,0,0,26,14,31300.89,3,0.804,0,2,4,unauthorized,0
CASE-1974,15169.33,17,0,0,1,0,63,9052.65,10,0.165,0,5,1,other,1
CASE-1975,48492.26,48,0,0,1,0,28,119511.01,1,0.256,2,5,1,unauthorized,1
CASE-1976,3946.11,3,2,0,1,19,6,3700.46,2,0.572,0,4,2,unauthorized,1
CASE-1977,1245.64,4,2,0,1,12,4,2466.79,0,0.812,0,3,3,defective,0
CASE-1978,6487.53,90,3,0,1,26,57,14643.18,0,0.343,0,1,5,item_not_received,1
CASE-1979,1935.36,15,3,2,1,0,7,4568.2,3,0.28,0,5,1,item_not_received,1
CASE-1980,139711.44,9,2,0,1,0,29,102630.25,1,0.549,1,3,3,item_not_received,1
CASE-1981,1091.13,44,1,0,0,19,12,2466.89,0,0.082,2,2,4,unauthorized,0
CASE-1982,54419.81,80,0,0,1,0,42,67780.33,3,0.252,0,5,1,item_not_received,1
CASE-1983,291.53,12,0,1,1,0,32,153.63,0,0.115,0,6,0,item_not_received,1
CASE-1984,1858.47,1,0,1,0,25,1,2337.98,2,0.076,0,2,4,other,0
CASE-1985,1144.47,2,0,4,1,0,73,2191.42,0,0.063,3,5,1,item_not_received,1
CASE-1986,336.96,15,0,0,1,0,34,173.57,2,0.111,0,5,1,defective,1
CASE-1987,35103.35,1,0,2,1,0,66,19444.56,4,0.174,0,4,2,unauthorized,1
CASE-1988,1179.63,17,2,0,0,20,5,2096.35,4,0.261,1,2,4,unauthorized,1
CASE-1989,1966.16,3,0,0,1,0,25,3220.13,1,0.024,1,5,1,defective,1
CASE-1990,28550.49,15,4,0,1,4,28,51555.35,0,0.711,0,4,2,unauthorized,0
CASE-1991,103302.98,10,0,0,1,23,24,215493.59,0,0.015,0,3,3,other,1
CASE-1992,920.15,4,0,0,1,0,3,347.19,4,0.193,0,3,3,item_not_received,1
CASE-1993,351.72,4,0,0,1,2,24,660.24,1,0.073,0,5,1,defective,1
CASE-1994,8041.34,1,0,0,1,17,23,3164.61,1,0.226,6,5,1,item_not_received,1
CASE-1995,56832.8,16,0,0,0,11,17,92141.82,0,0.127,0,5,1,duplicate,0
CASE-1996,147290.31,11,0,2,1,0,86,52533.21,3,0.025,0,4,2,duplicate,1
CASE-1997,1430.03,11,1,2,0,24,10,1937.58,1,0.173,2,5,1,duplicate,0
CASE-1998,133366.0,78,3,0,1,0,7,266808.11,0,0.596,0,5,1,unauthorized,1
CASE-1999,6083.49,17,0,1,0,14,17,6891.94,0,0.109,0,2,4,other,0
CASE-2000,759.48,13,0,1,1,13,13,1144.57,0,0.143,1,5,1,duplicate,1
CASE-2001,109611.92,4,4,0,1,0,20,85337.36,4,0.483,0,6,0,item_not_received,1
CASE-2002,51234.58,2,0,0,1,0,2,57710.58,0,0.134,1,4,2,unauthorized,0
CASE-2003,5076.96,1,1,0,0,29,14,5209.87,4,0.159,0,4,2,duplicate,0
CASE-2004,1574.97,13,8,0,0,20,10,647.61,4,0.987,0,4,2,unauthorized,0
CASE-2005,464.82,6,3,0,0,22,22,369.5,10,0.432,0,3,3,duplicate,0
CASE-2006,63333.76,18,7,2,0,29,6,59392.6,1,1.0,0,2,4,defective,0
CASE-2007,13602.51,6,1,2,1,21,17,13114.89,4,0.527,0,3,3,defective,1
CASE-2008,17627.5,71,0,2,1,0,17,26369.16,3,0.156,0,5,1,other,1
CASE-2009,1432.63,3,0,0,1,0,11,2635.15,2,0.364,0,5,1,item_not_received,1
CASE-2010,60309.77,15,4,2,1,25,6,136069.06,7,0.502,0,5,1,defective,0
CASE-2011,3695.4,4,0,0,0,22,13,4083.71,11,0.541,0,2,4,unauthorized,0
CASE-2012,553.12,2,7,0,1,0,58,1274.95,0,0.88,2,5,1,item_not_received,1
CASE-2013,9552.38,12,0,1,1,0,5,12982.36,0,0.085,0,5,1,item_not_received,1
CASE-2014,5995.59,3,3,0,1,20,1,4264.44,4,0.205,0,5,1,unauthorized,1
CASE-2015,7909.22,6,0,1,1,0,16,2614.55,11,0.142,0,4,2,item_not_received,1
CASE-2016,7547.77,1,2,0,1,8,4,9349.29,4,0.108,0,6,0,item_not_received,1
CASE-2017,147297.21,60,1,0,1,0,1,320512.0,2,0.256,2,4,2,item_not_received,1
CASE-2018,33480.76,7,2,0,1,0,1,57549.14,5,0.576,0,5,1,item_not_received,1
CASE-2019,8955.61,4,2,1,1,0,21,11081.3,3,0.426,0,5,1,defective,0
CASE-2020,88326.29,2,1,0,1,0,48,217256.04,1,0.448,6,5,1,item_not_received,1
CASE-2021,12846.46,3,1,0,1,7,29,19410.13,1,0.193,0,5,1,item_not_received,1
CASE-2022,802.2,48,5,0,1,0,18,747.8,3,0.687,0,5,1,item_not_received,1
CASE-2023,1320.22,2,0,0,1,1,88,1263.65,4,0.321,6,3,3,duplicate,1
CASE-2024,11736.5,2,3,2,0,22,5,19867.08,4,0.672,0,2,4,unauthorized,0
CASE-2025,10778.63,73,3,0,1,29,48,21836.5,0,0.094,1,5,1,defective,1
CASE-2026,112266.98,71,0,0,0,12,2,126158.7,7,0.107,0,3,3,item_not_received,0
CASE-2027,19889.2,5,4,0,0,0,19,40486.12,12,0.512,0,4,2,unauthorized,0
CASE-2028,786.14,15,3,2,1,0,9,362.85,2,0.654,0,5,1,defective,1
CASE-2029,899.36,10,7,6,1,28,21,1570.71,4,0.873,0,5,1,item_not_received,1
CASE-2030,17179.53,14,0,4,1,22,21,38281.94,2,0.019,0,5,1,duplicate,1
CASE-2031,670.6,13,0,0,0,23,20,567.81,1,0.082,0,3,3,other,0
CASE-2032,1734.72,12,7,0,1,13,2,1939.88,2,0.879,1,4,2,duplicate,1
CASE-2033,1002.65,10,0,0,0,12,74,459.63,6,0.369,0,3,3,item_not_received,0
CASE-2034,10247.73,5,0,1,1,0,52,8971.67,2,0.157,0,2,4,duplicate,1
CASE-2035,11457.02,3,0,3,0,18,6,21378.59,0,0.097,0,2,4,other,0
CASE-2036,16510.68,86,0,2,1,0,20,14887.11,13,0.19,0,6,0,defective,1
CASE-2037,16585.3,1,2,0,1,0,58,28041.3,3,0.194,0,5,1,item_not_received,1
CASE-2038,1128.07,3,0,0,0,21,76,675.68,0,0.484,0,3,3,defective,0
CASE-2039,6518.62,11,5,1,0,14,82,10212.87,3,0.983,0,4,2,defective,0
CASE-2040,12162.07,16,1,1,1,0,19,16735.9,1,0.254,0,5,1,item_not_received,1
CASE-2041,1311.15,19,0,0,0,9,15,2890.64,4,0.037,1,4,2,other,1
CASE-2042,9130.63,18,0,0,1,0,5,19015.27,2,0.221,6,5,1,other,0
CASE-2043,79614.57,1,2,2,1,0,2,96625.13,1,0.274,0,6,0,unauthorized,0
CASE-2044,8365.95,14,0,0,1,0,33,4991.55,1,0.163,0,4,2,unauthorized,0
CASE-2045,99192.49,19,0,1,0,10,22,167028.39,4,0.067,0,4,2,unauthorized,0
CASE-2046,9149.98,4,1,0,1,12,5,4112.38,3,0.305,1,5,1,unauthorized,1
CASE-2047,16806.69,33,0,0,1,0,4,24028.33,2,0.112,1,5,1,defective,1
CASE-2048,1257.45,16,3,1,0,23,40,435.05,4,0.195,1,3,3,defective,0
CASE-2049,16509.25,3,0,0,1,0,29,38071.45,10,0.385,1,4,2,defective,0
CASE-2050,1168.58,77,2,1,1,21,28,2290.08,3,0.329,0,5,1,other,1
CASE-2051,1313.49,2,0,1,1,26,42,2613.69,3,0.166,0,4,2,item_not_received,1
CASE-2052,832.27,12,3,2,0,23,14,1791.25,13,0.656,0,1,5,item_not_received,0
CASE-2053,9401.9,56,0,0,0,27,9,11903.27,4,0.108,0,5,1,item_not_received,1
CASE-2054,147513.4,2,3,0,1,7,15,227222.44,9,0.496,0,5,1,duplicate,1
CASE-2055,1656.85,3,0,2,0,22,6,3640.14,5,0.19,0,2,4,item_not_received,0
CASE-2056,4803.66,57,1,2,1,25,37,1615.0,5,0.132,0,5,1,other,0
CASE-2057,13141.38,12,3,0,1,0,27,5882.77,2,0.342,0,3,3,item_not_received,1
CASE-2058,19253.61,4,0,1,1,9,6,12357.64,0,0.138,0,4,2,defective,1
CASE-2059,294.12,1,0,0,1,26,26,546.17,5,0.206,2,4,2,item_not_received,0
CASE-2060,14292.55,11,2,2,1,0,3,14502.57,1,0.268,1,4,2,item_not_received,1
CASE-2061,740.05,16,3,1,1,0,18,1077.24,10,0.203,1,5,1,defective,1
CASE-2062,19292.1,11,2,0,1,0,3,23652.87,8,0.146,0,6,0,duplicate,1
CASE-2063,1746.9,11,2,0,0,3,5,1981.36,14,0.254,0,3,3,other,1
CASE-2064,1378.72,95,3,0,1,0,3,755.25,1,0.556,0,4,2,defective,1
CASE-2065,224.02,86,0,0,0,22,26,81.0,0,0.225,0,5,1,item_not_received,1
CASE-2066,13674.56,3,0,0,1,10,6,7287.06,7,0.166,1,5,1,item_not_received,1
CASE-2067,61672.83,55,2,1,1,0,38,86494.54,0,0.235,0,6,0,item_not_received,1
CASE-2068,8447.73,4,4,0,1,0,1,6929.64,2,0.695,0,5,1,defective,1
CASE-2069,4441.39,17,3,0,1,0,15,2486.04,4,0.26,2,5,1,item_not_received,1
CASE-2070,78637.79,2,2,0,1,18,74,149284.99,0,0.101,0,6,0,item_not_received,1
CASE-2071,37340.66,2,0,0,1,0,20,13659.85,2,0.122,0,1,5,duplicate,1
CASE-2072,7068.1,4,1,0,1,2,53,11496.94,4,0.182,0,4,2,item_not_received,1
CASE-2073,280.81,4,0,0,1,10,24,284.19,4,0.204,0,5,1,item_not_received,1
CASE-2074,98144.46,8,0,2,1,6,65,157716.85,2,0.299,6,4,2,defective,0
CASE-2075,71100.46,18,0,2,1,0,16,175695.66,0,0.068,5,4,2,duplicate,0
CASE-2076,9669.27,6,0,0,0,5,29,23218.03,3,0.182,0,2,4,unauthorized,0
CASE-2077,145519.77,17,2,0,0,7,5,233562.18,0,0.193,2,2,4,unauthorized,0
CASE-2078,7182.82,16,0,0,1,19,20,17481.21,14,0.039,0,5,1,item_not_received,1
CASE-2079,61765.77,17,1,3,1,10,18,56580.61,0,0.166,0,3,3,item_not_received,1
CASE-2080,10664.34,3,2,0,1,0,5,4992.74,2,0.359,0,5,1,item_not_received,1
CASE-2081,19720.05,19,3,2,0,26,84,7765.09,14,0.311,4,1,5,unauthorized,0
CASE-2082,103471.79,52,3,2,0,5,4,225490.35,4,0.364,0,1,5,item_not_received,0
CASE-2083,114272.33,67,9,6,1,0,8,58666.83,4,1.0,0,5,1,item_not_received,0
CASE-2084,19574.34,19,0,2,1,8,4,31585.13,3,0.268,0,6,0,unauthorized,1
CASE-2085,987.02,7,2,0,1,0,6,1013.04,9,0.336,1,4,2,defective,1
CASE-2086,5268.3,2,0,0,1,0,5,5793.22,2,0.08,4,5,1,item_not_received,1
CASE-2087,19497.06,14,5,2,1,5,3,26125.87,1,0.926,3,5,1,defective,0
CASE-2088,67075.33,14,1,4,1,25,2,102357.18,3,0.425,0,4,2,unauthorized,0
CASE-2089,966.09,3,0,1,1,0,5,883.82,12,0.295,1,6,0,defective,1
CASE-2090,109113.26,1,0,0,0,20,12,49109.85,0,0.235,1,3,3,unauthorized,0
CASE-2091,10631.52,12,0,1,1,13,3,18249.35,0,0.124,3,5,1,unauthorized,0
CASE-2092,6621.34,11,3,2,1,0,29,16359.95,3,0.463,0,4,2,duplicate,1
CASE-2093,15733.49,4,6,1,1,8,83,19696.73,3,0.926,2,5,1,other,1
CASE-2094,14250.1,22,0,0,0,10,13,28589.1,2,0.091,0,3,3,item_not_received,0
CASE-2095,126124.38,20,2,0,1,29,17,136207.64,4,0.175,0,6,0,item_not_received,1
CASE-2096,15836.61,30,3,0,0,29,4,24534.52,2,0.453,0,4,2,item_not_received,0
CASE-2097,17491.96,15,3,1,1,0,11,19802.16,0,0.473,0,4,2,unauthorized,1
CASE-2098,1016.09,26,8,1,0,10,20,2467.69,10,0.779,2,4,2,duplicate,0
CASE-2099,946.43,7,7,2,1,0,56,1026.13,8,0.879,2,6,0,unauthorized,0
CASE-2100,99808.85,92,0,2,1,0,6,185979.71,3,0.462,5,4,2,item_not_received,1
CASE-2101,2972.62,1,5,0,1,0,3,4848.75,6,0.783,0,5,1,item_not_received,1
CASE-2102,1643.85,19,0,2,1,0,33,2978.73,0,0.127,2,4,2,item_not_received,1
CASE-2103,1067.07,11,0,0,0,22,13,839.52,0,0.194,0,2,4,unauthorized,1
CASE-2104,5011.95,4,9,0,1,0,1,10088.77,0,1.0,0,5,1,other,0
CASE-2105,515.64,15,2,0,1,7,5,505.8,0,0.367,0,5,1,duplicate,1
CASE-2106,1857.69,3,1,5,1,0,4,3741.82,0,0.143,0,5,1,defective,1
CASE-2107,1818.44,1,0,1,0,28,57,1550.16,4,0.319,5,3,3,duplicate,0
CASE-2108,1313.76,5,0,1,1,0,3,1397.92,3,0.153,0,4,2,other,1
CASE-2109,1298.8,36,1,2,1,25,5,1147.45,3,0.42,1,5,1,unauthorized,0
CASE-2110,98632.86,3,0,2,1,13,4,74411.37,4,0.214,0,5,1,item_not_received,1
CASE-2111,269.36,59,0,0,1,7,21,493.18,9,0.062,0,6,0,other,1
CASE-2112,1926.37,4,0,0,1,14,13,4116.19,13,0.103,1,5,1,item_not_received,1
CASE-2113,749.23,1,4,0,0,11,25,1142.46,8,0.313,0,3,3,unauthorized,0
CASE-2114,1069.07,13,0,0,1,22,6,1779.81,8,0.337,6,5,1,defective,1
CASE-2115,11368.84,25,2,0,1,25,22,5049.64,2,0.266,5,5,1,item_not_received,1
CASE-2116,1996.53,63,0,0,1,0,20,1956.41,0,0.041,3,2,4,duplicate,1
CASE-2117,100918.0,88,2,0,0,8,66,189628.36,3,0.302,2,3,3,item_not_received,1
CASE-2118,66826.25,13,0,0,0,22,55,40573.59,4,0.025,0,2,4,unauthorized,0
CASE-2119,85578.76,10,8,0,1,28,2,91290.2,0,0.843,5,5,1,duplicate,0
CASE-2120,7334.49,14,1,1,0,14,86,3124.56,0,0.124,6,2,4,unauthorized,0
CASE-2121,11605.71,62,1,0,1,0,87,10980.63,0,0.316,0,4,2,unauthorized,0
CASE-2122,17661.92,42,2,0,1,7,26,25709.68,0,0.259,0,4,2,item_not_received,1
CASE-2123,13786.92,48,1,0,1,0,16,28221.68,5,0.386,6,5,1,duplicate,1
CASE-2124,1590.44,4,0,0,1,21,59,3459.98,0,0.102,0,4,2,unauthorized,0
CASE-2125,610.02,16,0,0,1,24,9,605.07,1,0.144,6,3,3,defective,1
CASE-2126,132154.57,4,1,0,1,0,14,262246.43,0,0.265,0,6,0,defective,1
CASE-2127,2238.75,14,0,1,1,0,11,4825.28,4,0.168,0,3,3,item_not_received,1
CASE-2128,937.56,86,2,1,1,19,21,1909.47,0,0.158,1,5,1,item_not_received,1
CASE-2129,266.23,37,0,0,1,0,22,587.38,10,0.308,0,4,2,other,1
CASE-2130,11649.2,3,1,0,1,10,14,9723.57,12,0.275,0,5,1,item_not_received,1
CASE-2131,1217.84,7,3,3,1,3,87,1143.44,1,0.273,2,4,2,defective,0
CASE-2132,449.2,3,0,0,0,16,26,913.58,6,0.056,2,2,4,item_not_received,0
CASE-2133,608.38,19,1,2,1,0,12,1255.31,0,0.125,2,3,3,item_not_received,1
CASE-2134,10478.46,2,0,0,0,7,5,12704.41,0,0.197,0,5,1,item_not_received,0
CASE-2135,16763.73,2,9,1,1,3,6,24317.88,12,0.798,0,5,1,item_not_received,1
CASE-2136,65464.27,6,0,0,0,17,9,81381.68,0,0.074,3,4,2,item_not_received,0
CASE-2137,17927.73,6,5,0,0,14,26,31487.39,4,0.669,1,2,4,item_not_received,0
CASE-2138,282.52,16,2,1,1,0,18,269.33,1,0.197,0,4,2,defective,1
CASE-2139,14999.3,3,0,0,1,24,3,26025.54,2,0.275,0,2,4,unauthorized,1
CASE-2140,4889.42,9,3,0,1,0,3,5395.55,9,0.343,0,4,2,item_not_received,1
CASE-2141,128073.83,6,3,0,1,0,5,250226.46,14,0.644,5,3,3,defective,0
CASE-2142,2306.31,18,0,0,0,9,31,2206.28,0,0.138,0,1,5,duplicate,0
CASE-2143,12064.61,2,0,0,1,0,3,24948.64,0,0.266,0,4,2,unauthorized,1
CASE-2144,747.97,6,0,0,1,0,26,445.13,2,0.056,5,4,2,other,1
CASE-2145,7796.4,2,2,0,1,11,3,10375.25,14,0.119,1,3,3,defective,1
CASE-2146,81546.64,12,2,2,1,14,4,114613.43,2,0.129,6,4,2,unauthorized,0
CASE-2147,18153.26,96,1,0,1,0,12,34120.84,14,0.27,0,5,1,defective,1
CASE-2148,8831.03,53,4,0,1,17,62,13503.22,2,0.5,0,2,4,item_not_received,1
CASE-2149,1008.64,12,0,0,0,10,17,1727.64,6,0.378,2,4,2,other,0
CASE-2150,20540.19,4,0,0,1,0,24,17293.19,1,0.102,0,4,2,defective,1
CASE-2151,1090.51,6,0,0,1,0,19,1526.17,0,0.204,0,4,2,item_not_received,1
CASE-2152,1194.98,7,0,2,1,0,6,1308.81,0,0.102,0,4,2,other,1
CASE-2153,911.84,2,2,2,0,5,11,1638.86,1,0.587,0,2,4,item_not_received,0
CASE-2154,4847.27,43,9,0,0,5,23,1624.86,4,0.904,1,3,3,item_not_received,0
CASE-2155,814.78,8,0,2,1,13,24,716.62,10,0.108,1,5,1,duplicate,1
CASE-2156,17031.55,2,0,0,1,3,4,26455.52,0,0.107,0,5,1,other,1
CASE-2157,9855.14,53,6,0,1,21,33,17230.25,4,0.642,0,5,1,other,1
CASE-2158,9793.77,9,0,1,0,0,4,8892.26,2,0.137,0,2,4,item_not_received,0
CASE-2159,762.08,19,1,2,1,4,69,1098.99,3,0.38,0,5,1,defective,0
CASE-2160,1020.91,1,0,0,1,18,2,719.21,13,0.048,0,6,0,duplicate,1
CASE-2161,18704.86,1,2,0,1,10,5,13242.72,0,0.065,2,6,0,item_not_received,1
CASE-2162,8916.19,4,2,2,1,0,18,20142.35,13,0.267,0,5,1,defective,1
CASE-2163,85303.51,98,3,1,0,26,6,48584.67,12,0.632,0,3,3,item_not_received,0
CASE-2164,1417.78,18,3,0,1,16,74,1140.82,2,0.228,0,5,1,item_not_received,1
CASE-2165,71860.88,3,0,2,1,0,21,109334.08,0,0.102,6,4,2,duplicate,0
CASE-2166,9927.99,1,0,0,1,0,22,10438.08,4,0.086,0,6,0,unauthorized,1
CASE-2167,2149.73,14,0,2,1,6,17,1993.82,2,0.079,2,4,2,item_not_received,1
CASE-2168,814.48,2,0,0,0,1,17,1008.28,5,0.236,0,4,2,defective,0
CASE-2169,1843.34,29,0,2,1,0,31,3685.79,3,0.068,3,4,2,item_not_received,0
CASE-2170,581.53,13,2,0,1,0,25,1388.81,5,0.179,1,6,0,item_not_received,1
CASE-2171,91164.22,98,1,0,0,11,80,61058.66,6,0.139,0,4,2,unauthorized,0
CASE-2172,16477.09,71,2,0,1,0,28,9696.87,3,0.281,0,3,3,defective,1
CASE-2173,52912.85,4,3,1,0,7,23,38126.31,7,0.396,0,4,2,item_not_received,0
CASE-2174,391.17,66,0,0,1,0,6,568.08,1,0.043,0,6,0,other,1
CASE-2175,88419.29,11,1,0,1,9,28,77596.52,1,0.087,0,5,1,item_not_received,1
CASE-2176,141274.03,14,0,0,1,0,21,191191.71,13,0.083,2,4,2,defective,1
CASE-2177,4641.94,16,0,1,1,0,26,10617.7,1,0.154,3,6,0,item_not_received,1
CASE-2178,87931.23,5,9,0,0,19,29,63515.67,2,0.623,0,2,4,defective,0
CASE-2179,1615.78,4,3,0,1,0,6,1808.25,2,0.517,0,5,1,defective,1
CASE-2180,116635.14,4,1,2,1,0,31,122209.94,6,0.194,0,5,1,duplicate,1
CASE-2181,10387.55,4,0,0,1,0,54,20012.34,0,0.228,0,5,1,defective,1
CASE-2182,1723.92,4,5,1,0,16,65,2825.61,1,0.766,2,3,3,defective,0
CASE-2183,4325.97,11,1,0,0,7,25,2283.22,5,0.376,2,4,2,unauthorized,0
CASE-2184,14725.55,13,0,2,0,4,12,28626.89,0,0.026,2,4,2,defective,0
CASE-2185,139708.5,17,9,1,1,0,4,89117.86,2,1.0,6,2,4,item_not_received,1
CASE-2186,12427.79,16,0,7,1,10,68,15641.34,3,0.249,0,4,2,defective,0
CASE-2187,93047.3,7,0,0,1,0,17,138920.27,8,0.052,0,6,0,duplicate,1
CASE-2188,10089.66,17,2,2,1,18,21,8138.71,0,0.203,0,5,1,duplicate,1
CASE-2189,12580.64,4,3,2,1,23,21,21769.41,4,0.892,0,5,1,other,0
CASE-2190,1162.79,12,0,1,1,14,1,1487.19,1,0.134,5,5,1,item_not_received,1
CASE-2191,852.99,2,0,1,1,0,42,1789.32,4,0.172,2,6,0,other,1
CASE-2192,1040.62,2,7,2,1,27,10,1597.04,8,0.512,0,3,3,item_not_received,0
CASE-2193,13612.73,1,8,0,1,5,20,17235.89,0,0.844,0,6,0,defective,1
CASE-2194,256.77,2,8,0,1,21,29,188.06,3,0.786,0,4,2,other,1
CASE-2195,1741.72,2,5,0,0,12,49,1060.32,2,0.482,0,2,4,unauthorized,0
CASE-2196,1546.05,15,0,0,0,9,11,2280.82,2,0.111,0,2,4,duplicate,1
CASE-2197,12133.23,47,2,0,0,9,21,22210.2,11,0.213,2,5,1,unauthorized,0
CASE-2198,1424.0,3,1,0,1,0,2,510.12,9,0.308,2,4,2,item_not_received,1
CASE-2199,330.47,10,3,0,0,11,32,456.09,2,0.577,0,4,2,defective,0
CASE-2200,823.82,87,0,6,1,9,5,1442.88,4,0.097,1,6,0,defective,1
CASE-2201,19625.62,97,2,0,1,0,24,24732.79,7,0.414,0,6,0,item_not_received,1
CASE-2202,126457.77,13,0,0,0,10,2,165695.53,1,0.353,0,4,2,duplicate,0
CASE-2203,6955.66,5,0,0,1,23,29,2126.84,1,0.137,0,5,1,duplicate,1
CASE-2204,87379.85,1,0,0,1,0,28,165849.46,1,0.097,0,4,2,other,1
CASE-2205,244.7,6,0,0,1,25,7,591.71,2,0.075,0,6,0,duplicate,1
CASE-2206,18349.89,12,0,1,1,18,74,40190.71,13,0.183,2,3,3,item_not_received,1
CASE-2207,17755.94,19,0,1,0,20,20,23312.56,9,0.356,2,4,2,unauthorized,0
CASE-2208,1218.6,70,2,6,0,19,29,2363.06,1,0.391,0,3,3,other,0
CASE-2209,1181.78,9,3,2,0,20,2,1606.43,0,0.505,0,3,3,item_not_received,0
CASE-2210,2659.45,4,0,2,1,15,1,3720.31,4,0.466,2,4,2,unauthorized,1
CASE-2211,13472.38,7,1,1,1,0,27,7105.86,2,0.056,0,6,0,unauthorized,1
CASE-2212,16281.63,4,0,1,0,24,3,37758.74,8,0.187,4,2,4,defective,0
CASE-2213,60541.83,96,0,0,1,0,3,34999.0,0,0.255,1,5,1,item_not_received,1
CASE-2214,62057.3,47,1,0,1,0,13,51007.18,11,0.261,0,5,1,item_not_received,1
CASE-2215,304.92,3,9,0,0,25,15,606.81,2,0.885,0,3,3,item_not_received,0
CASE-2216,7809.02,3,1,2,1,6,8,4951.5,5,0.197,0,5,1,unauthorized,1
CASE-2217,32668.58,1,0,2,0,23,8,30749.13,3,0.15,2,3,3,unauthorized,0
CASE-2218,9168.22,10,2,0,1,0,59,18054.1,3,0.124,0,6,0,item_not_received,1
CASE-2219,18459.2,54,6,2,1,0,2,15596.47,2,0.542,1,4,2,defective,0
CASE-2220,357.49,2,0,0,1,18,7,574.04,8,0.073,1,5,1,unauthorized,0
CASE-2221,9432.63,9,0,0,1,0,6,6434.84,0,0.072,2,4,2,defective,1
CASE-2222,539.71,6,1,6,0,29,17,172.05,10,0.103,1,3,3,item_not_received,0
CASE-2223,1890.53,1,1,6,1,29,5,608.37,13,0.266,0,5,1,other,0
CASE-2224,131457.81,38,0,3,1,0,28,120239.75,0,0.045,0,4,2,item_not_received,1
CASE-2225,335.85,75,0,0,1,0,5,716.36,4,0.119,0,5,1,item_not_received,1
CASE-2226,1045.44,6,2,0,0,9,15,907.91,0,0.622,0,1,5,unauthorized,0
CASE-2227,1276.69,19,3,0,1,0,24,2720.03,0,0.406,3,4,2,unauthorized,1
CASE-2228,674.06,3,0,0,1,15,5,1145.26,1,0.122,0,4,2,duplicate,1
CASE-2229,440.62,15,4,1,1,0,5,439.98,2,0.314,0,3,3,item_not_received,1
CASE-2230,1072.53,13,2,0,1,0,23,2654.49,4,0.39,0,5,1,item_not_received,1
CASE-2231,497.94,11,0,2,0,12,19,454.73,4,0.05,0,0,6,item_not_received,0
CASE-2232,431.03,9,2,6,0,1,17,280.2,3,0.647,2,3,3,item_not_received,0
CASE-2233,6705.75,18,2,0,1,0,20,4072.47,12,0.433,2,5,1,duplicate,1
CASE-2234,547.41,2,0,0,1,0,7,1344.2,14,0.06,0,4,2,duplicate,1
CASE-2235,946.76,93,0,0,1,2,24,836.12,7,0.164,0,3,3,duplicate,1
CASE-2236,1900.38,65,1,1,1,0,5,2610.7,1,0.159,2,5,1,defective,1
CASE-2237,879.65,19,0,5,1,21,22,1913.1,4,0.512,0,5,1,item_not_received,1
CASE-2238,82260.07,16,0,1,1,0,26,122095.61,6,0.346,1,4,2,unauthorized,1
CASE-2239,800.32,79,6,1,0,17,8,1652.22,4,0.657,0,3,3,duplicate,0
CASE-2240,45790.67,15,5,0,0,26,4,55097.35,0,0.475,0,2,4,defective,0
CASE-2241,12575.96,2,5,0,1,17,4,30264.06,0,0.635,0,4,2,unauthorized,1
CASE-2242,341.25,15,5,6,0,26,1,357.88,3,0.583,0,4,2,unauthorized,0
CASE-2243,12350.2,26,6,0,1,12,59,25839.52,3,0.472,0,3,3,item_not_received,1
CASE-2244,105328.91,2,5,2,1,16,5,233526.41,4,0.794,0,5,1,unauthorized,0
CASE-2245,138866.85,73,2,0,1,0,19,214621.66,0,0.226,1,5,1,item_not_received,1
CASE-2246,13145.71,9,1,0,0,11,6,22666.89,0,0.217,0,2,4,unauthorized,0
CASE-2247,598.34,66,1,1,0,26,11,1290.22,0,0.098,0,2,4,unauthorized,1
CASE-2248,30521.24,84,3,0,1,0,89,64636.84,0,0.379,0,3,3,unauthorized,0
CASE-2249,260.18,14,7,2,1,0,1,264.16,1,1.0,0,3,3,defective,1
CASE-2250,17700.83,1,5,0,0,4,69,22875.59,2,0.719,1,1,5,item_not_received,0
CASE-2251,10991.88,9,0,0,1,14,28,19111.93,3,0.083,2,4,2,unauthorized,1
CASE-2252,698.22,12,0,6,1,0,1,215.28,2,0.096,0,3,3,item_not_received,1
CASE-2253,73426.24,18,3,0,0,21,63,174364.52,7,0.578,0,4,2,duplicate,0
CASE-2254,852.73,82,0,2,1,0,3,1461.02,3,0.216,0,5,1,defective,1
CASE-2255,1095.22,5,2,0,1,0,10,2496.7,11,0.216,0,5,1,defective,1
CASE-2256,83363.07,89,0,0,1,0,5,93735.46,4,0.117,0,5,1,other,1
CASE-2257,346.54,91,2,1,1,0,1,347.15,0,0.303,1,5,1,item_not_received,1
CASE-2258,6137.11,1,0,1,1,0,67,4141.74,2,0.053,0,4,2,duplicate,1
CASE-2259,391.43,3,0,0,0,27,5,753.78,2,0.128,0,2,4,defective,0
CASE-2260,10911.52,18,7,0,1,0,7,13548.92,8,1.0,0,5,1,item_not_received,1
CASE-2261,30948.47,72,2,2,1,7,6,28561.54,2,0.447,2,4,2,item_not_received,1
CASE-2262,4617.91,4,0,0,1,0,69,7220.77,9,0.037,0,5,1,other,1
CASE-2263,5465.68,5,2,2,1,0,60,7485.42,0,0.328,0,6,0,unauthorized,1
CASE-2264,1610.5,13,1,7,1,2,33,3872.57,3,0.287,0,5,1,unauthorized,0
CASE-2265,73016.32,2,7,1,1,25,25,113928.79,2,0.746,0,5,1,unauthorized,1
CASE-2266,8040.0,6,2,0,1,0,2,19519.32,5,0.51,0,6,0,other,1
CASE-2267,14646.63,81,8,0,1,0,70,27819.52,0,1.0,0,5,1,duplicate,0
CASE-2268,64558.36,7,1,0,0,21,8,54594.3,3,0.203,6,3,3,duplicate,0
CASE-2269,592.29,14,1,0,1,16,17,1220.08,5,0.237,0,6,0,duplicate,1
CASE-2270,116909.29,2,0,0,0,3,4,197433.52,0,0.248,0,3,3,item_not_received,0
CASE-2271,710.68,7,4,0,1,5,3,659.2,11,0.631,0,4,2,unauthorized,1
CASE-2272,1121.44,9,2,0,1,0,21,1794.42,14,0.395,0,6,0,item_not_received,1
CASE-2273,1288.89,3,2,1,1,0,15,3166.08,2,0.492,0,4,2,unauthorized,0
CASE-2274,10758.77,1,2,0,0,27,3,5518.67,2,0.345,0,1,5,item_not_received,0
CASE-2275,1635.44,1,2,2,0,22,13,1570.16,2,0.702,0,2,4,other,0
CASE-2276,139071.73,2,0,0,0,2,7,135527.92,2,0.049,0,3,3,defective,1
CASE-2277,210.57,10,0,0,1,0,4,345.01,0,0.199,0,5,1,unauthorized,1
CASE-2278,842.07,79,1,0,0,16,50,775.24,1,0.351,0,0,6,other,0
CASE-2279,413.85,19,3,2,1,2,46,243.86,0,0.448,2,3,3,unauthorized,0
CASE-2280,72552.92,68,1,0,1,19,21,162270.46,14,0.293,2,6,0,other,1
CASE-2281,662.06,4,3,1,1,20,14,1451.17,0,0.345,1,4,2,item_not_received,1
CASE-2282,1197.22,5,1,7,0,0,19,1437.92,6,0.463,0,3,3,item_not_received,0
CASE-2283,3317.76,7,3,0,0,20,27,4938.27,0,0.394,0,3,3,other,0
CASE-2284,149861.06,24,2,0,0,6,57,270266.21,0,0.192,2,3,3,duplicate,0
CASE-2285,703.82,4,1,0,0,18,21,877.99,1,0.22,2,4,2,defective,0
CASE-2286,850.08,3,0,0,1,0,37,446.47,2,0.276,2,3,3,item_not_received,1
CASE-2287,872.73,8,0,2,1,14,4,549.85,8,0.301,4,6,0,defective,1
CASE-2288,1296.46,4,1,2,1,0,1,1562.79,6,0.237,0,3,3,unauthorized,0
CASE-2289,14146.06,58,1,0,1,8,24,23812.14,0,0.195,0,5,1,defective,1
CASE-2290,41179.06,26,9,2,1,0,5,52308.47,5,1.0,0,5,1,unauthorized,1
CASE-2291,139551.73,15,0,0,1,0,73,52939.18,14,0.131,1,4,2,defective,0
CASE-2292,120458.23,2,0,0,1,0,23,206127.12,3,0.258,2,4,2,item_not_received,1
CASE-2293,489.4,79,0,0,1,10,19,1060.69,2,0.239,2,2,4,item_not_received,1
CASE-2294,19554.34,10,0,0,0,4,14,27799.91,5,0.205,2,3,3,duplicate,0
CASE-2295,681.7,1,0,0,1,26,24,1313.62,0,0.06,1,6,0,unauthorized,1
CASE-2296,55077.92,11,4,0,0,1,28,130500.03,8,0.405,6,2,4,unauthorized,0
CASE-2297,27704.85,97,1,0,0,11,6,42191.25,2,0.34,0,3,3,defective,0
CASE-2298,97812.89,1,3,2,1,0,13,229596.22,3,0.312,0,4,2,duplicate,1
CASE-2299,100907.3,11,8,2,1,0,25,211639.47,14,0.973,0,6,0,item_not_received,1
CASE-2300,20713.93,2,1,2,1,26,1,25552.07,9,0.387,3,3,3,unauthorized,0
CASE-2301,78706.77,81,2,0,0,25,19,154122.13,0,0.573,0,3,3,item_not_received,0
CASE-2302,98771.57,6,0,0,0,28,16,105599.23,2,0.148,0,2,4,defective,1
CASE-2303,5422.97,1,3,0,0,18,10,11193.27,0,0.619,1,2,4,item_not_received,0
CASE-2304,1918.49,2,2,0,1,0,8,3363.45,14,0.302,0,5,1,item_not_received,1
CASE-2305,14331.46,2,0,6,0,3,19,22453.65,0,0.169,0,3,3,duplicate,0
CASE-2306,85004.8,18,0,0,0,20,27,192592.91,0,0.212,1,2,4,duplicate,0
CASE-2307,138849.26,4,0,2,1,0,2,309430.25,4,0.137,0,5,1,item_not_received,1
CASE-2308,1893.73,3,0,0,1,11,19,1720.91,0,0.094,2,5,1,other,1
CASE-2309,1320.11,2,2,0,1,0,23,2699.26,4,0.312,0,6,0,item_not_received,0
CASE-2310,16542.65,23,0,1,0,22,5,20879.33,3,0.164,0,5,1,item_not_received,0
CASE-2311,43917.37,11,8,6,1,0,26,35908.9,0,0.528,0,5,1,unauthorized,0
CASE-2312,16097.65,1,6,0,0,20,4,19740.17,6,0.733,0,1,5,defective,0
CASE-2313,1576.06,3,0,0,1,0,2,3442.76,9,0.274,0,5,1,item_not_received,1
CASE-2314,650.06,41,2,0,1,7,2,1265.48,1,0.415,0,6,0,item_not_received,1
CASE-2315,2133.39,1,0,2,0,6,33,2652.17,1,0.104,2,2,4,item_not_received,0
CASE-2316,11269.36,12,3,2,0,5,7,7448.31,1,0.754,1,3,3,defective,0
CASE-2317,1617.82,13,0,0,1,0,2,831.57,3,0.049,0,5,1,duplicate,1
CASE-2318,125242.21,15,1,0,1,0,5,201251.01,4,0.158,0,6,0,item_not_received,1
CASE-2319,14983.14,12,7,2,0,1,17,29603.02,2,0.629,0,3,3,defective,0
CASE-2320,326.14,47,1,2,1,2,1,123.3,9,0.376,1,5,1,unauthorized,1
CASE-2321,1370.55,63,3,0,0,10,1,2009.84,4,0.304,6,4,2,item_not_received,0
CASE-2322,15695.23,3,0,3,1,0,51,21916.7,2,0.03,0,4,2,item_not_received,1
CASE-2323,65002.78,15,0,1,1,25,11,115930.02,0,0.123,4,4,2,item_not_received,1
CASE-2324,1848.02,37,5,2,1,27,15,3137.33,0,0.328,2,4,2,defective,0
CASE-2325,935.46,8,0,1,1,10,66,1762.68,8,0.05,0,5,1,unauthorized,1
CASE-2326,89011.19,1,3,0,1,25,27,171201.25,0,0.771,0,4,2,item_not_received,1
CASE-2327,13554.98,1,2,0,1,0,37,27789.62,3,0.503,6,4,2,item_not_received,1
CASE-2328,1563.97,9,2,0,1,0,38,3064.82,11,0.075,0,4,2,item_not_received,1
CASE-2329,104989.25,4,3,0,1,5,14,147546.61,2,0.81,0,5,1,duplicate,1
CASE-2330,145072.75,4,9,0,1,5,5,329096.36,4,0.668,0,5,1,item_not_received,1
CASE-2331,88462.69,15,1,2,1,0,15,162811.3,12,0.177,0,5,1,item_not_received,1
CASE-2332,110402.92,9,0,0,1,0,25,212094.44,3,0.171,1,3,3,unauthorized,1
CASE-2333,6138.11,2,0,1,1,0,5,9866.73,10,0.089,0,6,0,defective,1
CASE-2334,1069.83,70,3,2,0,27,4,2226.5,4,0.496,0,4,2,defective,0
CASE-2335,111921.47,93,4,5,0,23,32,165124.41,1,0.538,0,2,4,defective,0
CASE-2336,359.87,73,0,0,1,0,24,863.03,1,0.108,0,6,0,item_not_received,1
CASE-2337,1938.04,17,0,0,1,0,26,3555.57,0,0.313,0,6,0,defective,1
CASE-2338,1915.03,1,0,0,1,0,5,3137.13,0,0.199,0,3,3,unauthorized,1
CASE-2339,15586.42,5,3,0,1,0,14,32215.21,0,0.434,1,5,1,defective,1
CASE-2340,4361.01,35,0,1,1,5,28,9397.47,2,0.36,0,5,1,item_not_received,1
CASE-2341,1991.83,23,1,1,1,19,3,3707.84,1,0.362,0,4,2,other,1
CASE-2342,1399.02,3,2,0,0,6,5,1236.3,3,0.439,0,2,4,other,0
CASE-2343,18498.61,11,3,5,1,0,11,19472.09,12,0.523,0,5,1,duplicate,1
CASE-2344,377.77,9,7,0,0,17,6,371.05,1,1.0,0,3,3,unauthorized,0
CASE-2345,12288.35,8,0,1,1,29,16,5325.24,2,0.055,0,6,0,defective,0
CASE-2346,22528.28,75,0,0,1,0,69,55579.82,9,0.056,1,6,0,unauthorized,1
CASE-2347,1641.22,14,0,0,1,0,10,3594.96,2,0.087,5,4,2,defective,1
CASE-2348,69299.46,2,0,0,1,13,27,42577.61,0,0.108,1,6,0,other,1
CASE-2349,81962.96,1,3,0,1,0,28,27890.07,4,0.162,0,3,3,item_not_received,1
CASE-2350,12945.94,1,9,0,1,0,4,22402.55,0,0.89,0,6,0,duplicate,0
CASE-2351,110333.28,53,9,1,1,0,17,111054.59,2,0.746,0,5,1,item_not_received,1
CASE-2352,752.74,1,3,0,0,22,10,1541.87,14,0.605,1,3,3,duplicate,0
CASE-2353,120823.66,18,9,0,0,18,3,41787.74,0,0.71,2,5,1,item_not_received,0
CASE-2354,757.51,12,0,2,1,28,1,682.3,11,0.056,0,6,0,item_not_received,1
CASE-2355,7449.55,47,3,1,1,0,3,18405.32,13,0.463,0,5,1,duplicate,1
CASE-2356,1412.96,9,1,2,1,21,2,1152.6,0,0.208,0,4,2,item_not_received,0
CASE-2357,2903.52,70,3,0,1,0,32,3215.45,3,0.905,0,3,3,item_not_received,0
CASE-2358,4023.57,3,3,0,0,29,25,1959.65,14,0.224,0,2,4,defective,0
CASE-2359,123152.71,1,5,4,0,12,19,133465.43,5,0.611,0,2,4,defective,0
CASE-2360,87053.49,8,0,0,1,15,15,50149.46,0,0.047,0,6,0,defective,1
CASE-2361,5342.69,5,0,0,1,3,19,12520.68,1,0.271,0,1,5,defective,1
CASE-2362,63387.33,3,0,0,1,28,18,114025.19,7,0.052,0,5,1,item_not_received,1
CASE-2363,693.74,4,0,0,1,12,57,1597.97,3,0.161,2,3,3,item_not_received,1
CASE-2364,685.11,8,0,1,1,18,72,380.05,6,0.103,0,6,0,defective,0
CASE-2365,1173.67,7,0,1,0,12,19,2409.24,4,0.329,0,4,2,item_not_received,0
CASE-2366,128742.76,7,0,0,0,5,6,183912.23,0,0.083,0,4,2,unauthorized,0
CASE-2367,70045.57,50,0,6,0,25,11,88975.81,0,0.236,0,3,3,defective,0
CASE-2368,14954.07,18,1,0,1,0,17,15721.93,3,0.49,0,4,2,item_not_received,1
CASE-2369,1547.06,10,6,0,1,0,77,3062.79,14,0.534,0,5,1,defective,0
CASE-2370,2086.67,9,0,1,1,12,22,2405.99,0,0.17,0,4,2,duplicate,1
CASE-2371,1773.98,16,0,0,1,0,75,1579.49,3,0.221,2,5,1,duplicate,1
CASE-2372,5049.51,2,0,1,1,0,1,10807.74,3,0.395,1,5,1,item_not_received,1
CASE-2373,76214.34,20,0,0,1,11,12,32006.7,5,0.212,0,5,1,item_not_received,1
CASE-2374,78534.56,3,2,0,1,0,14,51700.44,0,0.273,0,2,4,item_not_received,1
CASE-2375,18492.08,3,0,0,1,0,60,43426.63,14,0.191,1,3,3,item_not_received,1
CASE-2376,731.08,17,0,0,0,9,29,252.33,0,0.135,4,3,3,item_not_received,0
CASE-2377,2663.36,12,2,0,0,25,16,2096.92,0,0.259,0,3,3,unauthorized,0
CASE-2378,15838.56,15,2,0,0,18,11,12674.39,2,0.414,0,3,3,unauthorized,0
CASE-2379,1026.42,1,0,1,1,0,55,2439.35,2,0.097,0,3,3,unauthorized,1
CASE-2380,1691.96,5,3,5,1,1,10,4006.74,2,0.262,1,5,1,duplicate,0
CASE-2381,728.98,7,1,0,1,0,4,922.16,1,0.171,0,5,1,item_not_received,1
CASE-2382,45844.33,18,0,0,1,0,4,29889.08,8,0.171,0,5,1,defective,1
CASE-2383,9009.48,2,1,0,0,26,2,3743.19,6,0.328,2,2,4,defective,0
CASE-2384,584.01,8,0,0,0,3,21,857.69,3,0.09,0,0,6,unauthorized,1
CASE-2385,11432.2,8,0,0,1,0,3,4681.04,4,0.322,5,6,0,unauthorized,1
CASE-2386,1928.11,1,2,0,0,7,6,2083.61,3,0.528,0,1,5,unauthorized,0
CASE-2387,15901.3,7,2,3,0,11,3,7555.22,0,0.173,6,5,1,unauthorized,0
CASE-2388,80469.64,48,0,1,0,28,30,175202.31,0,0.3,0,3,3,unauthorized,0
CASE-2389,67749.16,6,0,0,1,0,5,167575.81,3,0.228,2,3,3,other,1
CASE-2390,555.94,17,1,0,0,12,79,193.71,3,0.166,2,1,5,duplicate,0
CASE-2391,17661.41,3,0,1,1,0,57,23080.08,0,0.207,0,3,3,item_not_received,0
CASE-2392,12414.56,1,0,0,1,0,13,14777.04,3,0.187,0,6,0,unauthorized,0
CASE-2393,144997.62,1,2,1,1,24,24,153840.05,1,0.334,1,6,0,item_not_received,1
CASE-2394,12777.91,1,0,5,1,5,71,24082.52,0,0.059,5,6,0,item_not_received,1
CASE-2395,103368.11,4,3,0,0,8,25,228187.76,0,0.176,2,1,5,defective,0
CASE-2396,1283.0,35,0,1,0,29,15,2242.18,8,0.061,0,3,3,other,0
CASE-2397,2388.35,2,2,0,0,15,2,4013.6,2,0.233,0,4,2,defective,0
CASE-2398,860.61,9,2,0,1,0,57,280.49,3,0.396,1,4,2,item_not_received,1
CASE-2399,8826.19,4,0,0,1,0,5,8054.54,0,0.415,6,5,1,unauthorized,1
CASE-2400,28580.79,5,0,0,1,27,4,41104.09,1,0.107,2,6,0,defective,1
CASE-2401,1877.72,7,1,4,0,23,11,1659.49,2,0.441,0,2,4,duplicate,0
CASE-2402,118958.11,16,2,0,0,13,3,123676.37,2,0.114,0,4,2,defective,0
CASE-2403,19955.78,2,0,0,1,25,58,31084.04,2,0.126,4,6,0,unauthorized,1
CASE-2404,1702.07,15,0,0,1,0,15,3539.23,4,0.298,1,6,0,duplicate,1
CASE-2405,12917.47,6,1,0,1,17,59,19974.71,2,0.381,2,4,2,other,1
CASE-2406,784.53,9,0,0,0,19,24,555.37,2,0.081,0,2,4,duplicate,0
CASE-2407,19658.65,17,3,0,1,0,25,26530.3,0,0.45,0,6,0,other,1
CASE-2408,672.91,54,3,0,1,25,6,465.44,3,0.176,1,4,2,item_not_received,1
CASE-2409,1931.24,87,0,0,1,0,10,1271.59,3,0.079,0,5,1,duplicate,1
CASE-2410,2500.4,73,0,0,1,9,22,2767.02,7,0.01,0,5,1,unauthorized,1
CASE-2411,11582.32,2,0,0,0,9,5,19019.55,1,0.236,4,1,5,unauthorized,0
CASE-2412,17381.13,13,0,0,1,13,43,24556.59,2,0.166,2,6,0,item_not_received,1
CASE-2413,563.74,4,0,0,1,0,15,1042.21,3,0.137,1,4,2,duplicate,1
CASE-2414,316.06,2,2,2,1,0,49,717.79,0,0.255,0,5,1,item_not_received,1
CASE-2415,5372.38,2,4,1,0,28,24,13314.37,8,0.32,0,4,2,item_not_received,1
CASE-2416,11810.48,11,0,0,1,0,24,16696.55,1,0.05,0,5,1,unauthorized,0
CASE-2417,34809.18,4,0,0,0,22,7,22889.94,3,0.164,1,4,2,unauthorized,0
CASE-2418,99402.64,3,0,0,1,23,44,243972.85,3,0.065,2,4,2,item_not_received,1
CASE-2419,76446.48,6,0,0,0,12,11,164071.8,2,0.127,0,3,3,defective,0
CASE-2420,14476.28,4,1,0,1,0,14,13669.19,3,0.428,1,5,1,item_not_received,1
CASE-2421,127292.13,7,7,3,0,14,66,94324.35,0,1.0,0,1,5,item_not_received,0
CASE-2422,18366.55,18,0,0,0,19,45,35805.86,11,0.106,5,2,4,item_not_received,0
CASE-2423,1939.6,15,0,1,1,0,27,3616.36,6,0.169,0,5,1,duplicate,1
CASE-2424,1759.27,13,2,0,1,27,71,3482.89,4,0.499,0,6,0,unauthorized,1
CASE-2425,4996.86,13,3,1,0,0,5,3665.07,2,0.648,1,2,4,other,0
CASE-2426,8052.96,7,8,6,1,28,24,4976.73,3,0.851,3,5,1,item_not_received,0
CASE-2427,132310.29,19,1,0,1,14,22,307175.69,0,0.31,0,4,2,item_not_received,1
CASE-2428,775.37,2,0,2,1,0,26,1557.35,8,0.088,0,6,0,defective,1
CASE-2429,18996.37,16,7,0,1,2,16,34118.32,3,0.903,0,5,1,item_not_received,1
CASE-2430,977.65,3,2,2,0,28,27,2382.43,0,0.162,0,4,2,item_not_received,0
CASE-2431,1961.95,2,0,0,1,0,2,2206.79,1,0.123,0,6,0,unauthorized,1
CASE-2432,1602.73,25,0,1,1,0,6,600.51,5,0.174,0,4,2,unauthorized,1
CASE-2433,132262.83,13,0,0,1,19,19,49292.54,0,0.196,0,5,1,unauthorized,1
CASE-2434,17706.0,10,0,0,1,0,4,12946.3,0,0.155,5,4,2,item_not_received,1
CASE-2435,832.7,11,3,0,1,10,19,772.07,10,0.751,0,5,1,other,1
CASE-2436,16678.32,1,0,3,0,26,10,14440.0,2,0.11,0,3,3,unauthorized,0
CASE-2437,232.25,3,0,0,0,25,6,554.5,0,0.213,0,4,2,unauthorized,0
CASE-2438,66438.79,1,0,0,1,0,21,103425.3,2,0.203,0,5,1,item_not_received,1
CASE-2439,10014.72,8,1,0,0,21,3,10808.02,0,0.279,1,1,5,unauthorized,0
CASE-2440,1467.95,11,0,0,1,11,17,744.93,0,0.255,0,2,4,unauthorized,1
CASE-2441,826.53,2,2,1,1,0,35,1663.97,0,0.341,2,4,2,other,1
CASE-2442,8372.88,13,0,0,1,0,6,12836.62,0,0.008,0,5,1,unauthorized,1
CASE-2443,12373.0,13,3,2,0,0,51,21464.31,1,0.321,1,3,3,defective,0
CASE-2444,139137.15,5,2,0,1,7,42,253677.48,0,0.325,3,3,3,item_not_received,1
CASE-2445,4267.06,1,2,0,0,13,3,6963.72,9,0.627,0,3,3,unauthorized,0
CASE-2446,1012.2,56,0,7,1,0,2,939.56,1,0.026,0,5,1,unauthorized,0
CASE-2447,1539.28,3,0,0,0,0,26,3321.14,5,0.076,1,5,1,defective,1
CASE-2448,25941.23,75,0,0,1,0,5,20732.92,3,0.042,0,5,1,item_not_received,1
CASE-2449,237.32,17,1,2,1,28,41,504.2,1,0.343,1,6,0,item_not_received,0
CASE-2450,506.62,1,2,1,1,0,5,364.11,8,0.298,0,3,3,defective,0
CASE-2451,18276.74,8,2,2,1,0,14,26429.33,1,0.5,0,4,2,defective,1
CASE-2452,113375.64,9,6,0,1,0,18,63161.78,3,0.883,0,6,0,unauthorized,1
CASE-2453,118023.42,33,0,5,0,29,6,236589.07,4,0.14,0,1,5,defective,0
CASE-2454,65183.11,5,3,0,0,29,2,38111.77,7,0.383,0,4,2,unauthorized,0
CASE-2455,9167.77,6,5,2,1,0,26,18039.1,0,0.873,0,4,2,duplicate,0
CASE-2456,1816.84,18,0,1,1,7,3,1233.06,6,0.16,0,6,0,duplicate,1
CASE-2457,137846.92,18,0,0,1,0,73,117218.89,4,0.093,0,4,2,duplicate,1
CASE-2458,1476.4,7,0,0,1,4,4,1348.76,6,0.023,0,6,0,unauthorized,1
CASE-2459,19246.68,56,2,5,1,1,6,46226.89,0,0.121,0,4,2,item_not_received,1
CASE-2460,7040.47,1,0,2,1,12,3,15912.27,1,0.582,0,5,1,item_not_received,1
CASE-2461,3532.09,3,0,3,1,0,10,8276.4,9,0.028,1,5,1,unauthorized,1
CASE-2462,7833.68,3,0,2,1,0,11,9447.42,4,0.142,3,5,1,defective,1
CASE-2463,385.17,11,1,0,1,17,6,271.09,14,0.207,0,3,3,item_not_received,1
CASE-2464,10361.84,65,0,0,0,12,51,11165.02,4,0.107,0,3,3,defective,0
CASE-2465,8779.1,10,2,6,0,4,15,15215.33,1,0.343,2,3,3,item_not_received,0
CASE-2466,130440.08,39,1,0,1,22,9,163697.26,8,0.109,1,3,3,item_not_received,1
CASE-2467,142352.07,17,3,1,0,14,11,270268.45,4,0.355,0,3,3,unauthorized,0
CASE-2468,882.22,2,3,2,1,9,10,1451.2,12,0.843,0,5,1,unauthorized,1
CASE-2469,689.61,3,5,0,1,3,51,932.23,0,0.398,0,5,1,unauthorized,0
CASE-2470,491.98,2,3,0,1,0,1,766.02,1,0.489,1,4,2,item_not_received,1
CASE-2471,2051.24,18,0,0,1,0,9,1615.96,9,0.122,6,5,1,defective,1
CASE-2472,1930.69,14,5,1,1,0,27,2736.68,1,0.735,0,4,2,unauthorized,1
CASE-2473,7822.82,9,0,0,0,15,3,12950.46,7,0.192,6,2,4,unauthorized,0
CASE-2474,1846.01,1,9,0,1,0,14,3863.14,3,1.0,0,5,1,item_not_received,1
CASE-2475,9271.29,4,3,0,1,0,4,14140.06,4,0.318,0,4,2,defective,1
CASE-2476,53209.78,4,0,2,1,0,10,110076.81,4,0.086,1,4,2,item_not_received,1
CASE-2477,90635.34,4,0,0,1,0,4,34290.56,3,0.125,0,5,1,defective,1
CASE-2478,9140.42,41,0,0,0,10,66,15675.36,3,0.105,0,1,5,unauthorized,1
CASE-2479,50136.53,5,5,2,1,0,3,29399.79,6,0.737,6,5,1,unauthorized,0
CASE-2480,6272.84,17,0,0,1,0,18,9303.43,3,0.251,2,4,2,defective,1
CASE-2481,2679.05,63,0,4,0,6,79,5518.97,14,0.141,0,4,2,item_not_received,0
CASE-2482,18025.73,8,2,1,1,0,20,23415.82,11,0.169,2,5,1,item_not_received,1
CASE-2483,69574.06,1,0,0,0,22,10,64877.89,14,0.13,4,3,3,unauthorized,0
CASE-2484,4202.19,8,0,5,1,0,14,1758.03,7,0.055,0,5,1,item_not_received,1
CASE-2485,7483.46,11,7,2,0,17,28,14792.44,3,0.877,0,0,6,unauthorized,0
CASE-2486,73843.89,19,4,2,1,0,6,64829.6,2,0.562,0,3,3,defective,0
CASE-2487,1163.39,68,0,1,1,10,9,1261.54,13,0.382,0,5,1,item_not_received,1
CASE-2488,138364.86,77,3,2,1,0,16,231031.24,0,0.505,0,3,3,defective,0
CASE-2489,571.02,41,0,2,0,17,3,1266.23,0,0.263,0,3,3,other,0
CASE-2490,276.58,9,0,0,1,12,29,226.29,4,0.179,0,6,0,item_not_received,1
CASE-2491,19047.02,1,3,1,1,0,23,29300.79,0,0.23,0,5,1,duplicate,1
CASE-2492,1515.25,47,5,4,1,0,1,1458.54,0,0.814,0,5,1,unauthorized,0
CASE-2493,13195.2,18,8,0,0,8,16,32226.95,1,0.957,0,2,4,defective,0
CASE-2494,10028.67,52,1,0,1,24,70,5664.35,2,0.035,4,4,2,item_not_received,1
CASE-2495,242.77,28,2,0,1,9,9,263.21,7,0.333,2,3,3,unauthorized,1
CASE-2496,113675.21,18,2,0,0,29,87,140467.6,2,0.454,0,1,5,duplicate,0
CASE-2497,567.35,4,0,0,0,12,16,844.65,2,0.194,2,2,4,item_not_received,0
CASE-2498,12112.79,13,0,0,1,1,12,12393.62,1,0.2,2,6,0,item_not_received,1
CASE-2499,859.69,4,1,0,1,12,88,719.84,4,0.557,0,4,2,defective,1
CASE-2500,749.3,11,0,3,1,0,2,1369.98,2,0.137,0,4,2,unauthorized,0
CASE-2501,471.68,16,0,1,1,0,4,677.17,7,0.228,0,4,2,item_not_received,1
CASE-2502,1047.91,2,2,0,1,8,7,2042.15,0,0.33,0,3,3,unauthorized,1
CASE-2503,841.27,12,0,0,1,0,15,1726.41,1,0.051,2,4,2,defective,1
CASE-2504,917.19,2,2,0,1,18,1,2085.02,2,0.336,0,5,1,item_not_received,1
CASE-2505,1192.43,2,2,0,1,12,28,1116.37,0,0.445,0,1,5,item_not_received,1
CASE-2506,8183.48,15,0,0,1,0,4,15133.29,0,0.169,0,3,3,defective,1
CASE-2507,107297.36,18,0,0,1,0,40,254149.7,11,0.207,0,4,2,unauthorized,1
CASE-2508,411.43,7,9,2,1,0,12,556.09,3,1.0,0,4,2,item_not_received,0
CASE-2509,65429.49,12,3,0,0,8,4,24904.05,0,0.318,0,2,4,unauthorized,0
CASE-2510,9852.56,35,2,0,1,1,12,21058.24,0,0.321,0,4,2,other,0
CASE-2511,963.58,10,3,0,0,25,25,1925.68,0,0.209,1,3,3,unauthorized,0
CASE-2512,115484.77,17,2,0,1,20,5,162759.75,9,0.215,2,6,0,unauthorized,1
CASE-2513,275.66,26,9,0,1,0,5,163.07,0,0.874,1,6,0,other,1
CASE-2514,1936.95,2,0,0,1,0,23,2839.6,0,0.249,1,5,1,duplicate,1
CASE-2515,3598.96,4,0,2,1,7,12,7316.73,1,0.107,0,3,3,defective,1
CASE-2516,141372.58,15,0,0,1,0,26,73284.74,3,0.194,0,4,2,defective,1
CASE-2517,31816.74,94,0,1,0,22,15,49766.57,13,0.071,0,3,3,item_not_received,0
CASE-2518,1509.05,2,0,0,1,0,20,1864.72,3,0.345,2,5,1,item_not_received,1
CASE-2519,14265.67,19,1,2,1,0,10,26828.56,1,0.247,1,4,2,defective,0
CASE-2520,6479.24,88,0,1,1,8,16,6273.71,4,0.093,3,4,2,unauthorized,0
CASE-2521,50070.43,11,3,0,1,0,23,116091.74,5,0.623,0,4,2,other,0
CASE-2522,19778.75,3,3,0,1,0,29,9741.78,5,0.565,2,5,1,item_not_received,1
CASE-2523,1768.14,95,0,0,0,21,7,3702.35,3,0.238,2,4,2,item_not_received,0
CASE-2524,398.06,2,9,2,0,8,74,505.45,1,1.0,0,1,5,defective,0
CASE-2525,144938.06,13,3,2,1,0,25,59664.67,0,0.26,2,6,0,defective,0
CASE-2526,1045.11,4,0,0,0,24,32,2449.15,1,0.261,0,2,4,item_not_received,0
CASE-2527,797.15,4,0,0,0,23,5,1416.04,0,0.131,0,4,2,defective,1
CASE-2528,1119.03,7,3,0,1,0,6,2612.11,4,0.275,0,4,2,defective,1
CASE-2529,9092.14,97,0,0,1,17,17,10108.09,3,0.016,3,4,2,item_not_received,1
CASE-2530,1712.42,17,1,0,1,0,22,3876.82,4,0.118,0,6,0,other,1
CASE-2531,13697.52,4,0,0,1,0,9,6510.68,1,0.136,0,5,1,item_not_received,1
CASE-2532,2624.42,4,0,4,1,0,72,2518.25,3,0.151,0,3,3,item_not_received,1
CASE-2533,1961.23,13,0,0,1,0,83,1012.14,0,0.281,0,4,2,other,1
CASE-2534,145846.7,7,5,0,0,20,22,351718.93,11,1.0,0,5,1,item_not_received,0
CASE-2535,664.47,48,3,0,1,10,84,423.16,7,0.497,2,6,0,item_not_received,1
CASE-2536,99060.62,19,0,0,1,0,10,216907.5,0,0.119,0,4,2,defective,0
CASE-2537,9769.94,83,1,0,0,19,29,14186.25,3,0.192,2,3,3,unauthorized,0
CASE-2538,13309.23,4,0,0,1,0,25,14064.59,2,0.092,0,5,1,unauthorized,1
CASE-2539,3305.46,4,2,0,1,0,28,3749.0,0,0.329,2,3,3,other,1
CASE-2540,88862.57,8,3,0,1,0,7,197515.25,14,0.452,0,6,0,unauthorized,1
CASE-2541,877.34,15,0,0,0,15,22,1900.09,2,0.081,0,3,3,item_not_received,0
CASE-2542,1890.51,2,1,6,0,15,5,1445.62,3,0.296,1,2,4,item_not_received,0
CASE-2543,1194.93,1,0,0,0,17,2,2886.43,11,0.13,0,4,2,unauthorized,0
CASE-2544,81076.01,9,0,0,1,0,49,55263.76,1,0.214,0,6,0,unauthorized,0
CASE-2545,2300.21,4,3,1,1,27,1,1780.31,2,0.258,0,4,2,unauthorized,1
CASE-2546,548.87,13,7,2,0,8,8,730.61,3,0.738,4,3,3,other,0
CASE-2547,138584.57,6,1,0,1,0,9,280663.38,0,0.065,0,4,2,item_not_received,1
CASE-2548,770.38,1,1,0,1,13,6,1329.76,14,0.145,0,5,1,unauthorized,0
CASE-2549,113990.25,1,3,2,0,29,22,141899.07,0,0.547,2,2,4,unauthorized,0
CASE-2550,4693.19,1,3,0,1,19,87,10927.39,0,0.341,0,6,0,item_not_received,1
CASE-2551,5678.74,18,2,2,1,27,16,12648.3,0,0.462,0,4,2,item_not_received,1
CASE-2552,1427.97,17,1,0,0,3,49,1915.46,4,0.4,2,2,4,unauthorized,0
CASE-2553,130456.09,9,0,0,1,0,1,231396.59,0,0.304,0,3,3,other,1
CASE-2554,4699.12,13,0,0,1,0,2,9688.4,0,0.116,2,5,1,item_not_received,1
CASE-2555,57674.5,12,0,0,0,11,30,141412.12,0,0.093,3,3,3,defective,0
CASE-2556,135575.32,12,0,0,0,12,37,327048.83,0,0.229,1,3,3,other,0
CASE-2557,134120.53,18,0,2,0,9,11,131961.57,6,0.253,0,4,2,item_not_received,1
CASE-2558,207.03,15,2,2,1,5,4,84.89,0,0.446,0,5,1,item_not_received,1
CASE-2559,1142.93,3,0,0,1,6,2,950.42,3,0.179,0,5,1,unauthorized,1
CASE-2560,1123.44,17,2,1,1,27,27,1185.68,1,0.365,1,5,1,unauthorized,0
CASE-2561,7364.93,8,0,0,1,0,5,6662.06,0,0.081,2,4,2,unauthorized,1
CASE-2562,1543.32,1,1,1,1,0,6,2481.18,4,0.226,1,5,1,item_not_received,1
CASE-2563,112694.47,5,2,0,1,29,5,53152.55,0,0.176,0,5,1,unauthorized,1
CASE-2564,35440.31,70,0,0,0,20,29,15434.93,3,0.075,1,1,5,item_not_received,0
CASE-2565,46671.58,11,0,4,0,17,4,45609.13,1,0.111,0,0,6,unauthorized,0
CASE-2566,14335.57,4,0,2,1,0,38,34632.03,3,0.237,0,3,3,defective,0
CASE-2567,19016.66,4,3,0,1,2,29,38435.26,0,0.415,6,5,1,unauthorized,0
CASE-2568,72518.08,66,0,0,0,17,2,61791.35,0,0.082,0,3,3,item_not_received,1
CASE-2569,726.65,1,0,1,1,1,6,1696.81,0,0.33,2,4,2,item_not_received,0
CASE-2570,16777.95,2,0,2,1,0,68,29567.45,2,0.065,1,6,0,unauthorized,1
CASE-2571,1150.61,94,0,0,1,0,25,853.82,9,0.095,0,5,1,defective,1
CASE-2572,85535.41,5,0,4,1,14,6,44991.63,3,0.057,2,6,0,defective,1
CASE-2573,105754.03,60,0,0,1,25,4,236840.88,2,0.082,0,3,3,other,1
CASE-2574,1672.61,17,0,0,1,0,12,2555.3,0,0.016,0,4,2,unauthorized,1
CASE-2575,1847.89,8,0,0,1,0,7,1433.47,14,0.242,0,5,1,other,1
CASE-2576,19287.81,3,0,0,0,28,8,30840.59,0,0.042,0,3,3,unauthorized,1
CASE-2577,607.16,18,0,0,1,17,7,1266.05,3,0.224,1,4,2,defective,1
CASE-2578,73230.03,13,2,0,1,0,78,78435.39,6,0.318,0,6,0,item_not_received,1
CASE-2579,2629.69,14,3,0,1,13,1,1340.08,2,0.382,1,5,1,item_not_received,1
CASE-2580,98256.29,9,0,0,0,1,25,38609.32,0,0.154,0,3,3,item_not_received,1
CASE-2581,65314.11,3,3,0,1,0,22,59462.51,14,0.364,2,6,0,item_not_received,1
CASE-2582,366.32,10,9,0,0,2,7,423.06,2,1.0,0,3,3,unauthorized,0
CASE-2583,14932.51,75,0,1,1,4,2,12692.05,1,0.109,2,6,0,defective,1
CASE-2584,77691.88,1,0,0,1,0,4,188376.84,13,0.314,0,5,1,item_not_received,1
CASE-2585,72122.06,27,3,0,1,7,13,31551.62,3,0.538,5,6,0,defective,1
CASE-2586,1915.43,1,0,0,1,0,5,2161.86,9,0.249,2,5,1,item_not_received,1
CASE-2587,604.45,3,9,0,1,0,25,300.36,1,0.65,0,4,2,item_not_received,1
CASE-2588,15880.02,16,4,0,1,0,8,21516.9,0,0.581,2,5,1,item_not_received,1
CASE-2589,9919.85,3,0,0,1,23,29,18985.91,0,0.034,0,4,2,item_not_received,1
CASE-2590,1306.28,5,7,1,0,16,21,1543.7,7,0.677,0,4,2,item_not_received,0
CASE-2591,2990.1,5,1,0,1,0,3,7080.07,8,0.383,1,6,0,other,1
CASE-2592,10037.15,71,0,0,1,0,16,12823.77,4,0.29,1,6,0,unauthorized,1
CASE-2593,53293.06,10,4,1,1,3,52,58906.21,4,0.688,0,5,1,item_not_received,1
CASE-2594,2491.6,7,2,1,1,0,7,1789.38,6,0.542,5,5,1,item_not_received,1
CASE-2595,131678.73,3,6,0,1,0,37,59026.46,4,0.616,1,6,0,other,0
CASE-2596,878.6,1,0,0,0,26,87,1171.92,4,0.078,0,2,4,duplicate,0
CASE-2597,1893.45,12,0,2,1,0,4,4645.37,0,0.339,0,3,3,item_not_received,1
CASE-2598,13731.72,9,2,0,1,26,4,11387.62,0,0.241,0,5,1,defective,1
CASE-2599,6205.82,11,0,0,0,9,18,6359.36,1,0.147,0,3,3,unauthorized,0
CASE-2600,8505.18,4,0,0,1,0,3,19264.07,4,0.33,0,5,1,item_not_received,1
CASE-2601,8499.72,6,1,0,0,6,56,20417.54,1,0.256,0,3,3,duplicate,0
CASE-2602,60235.3,13,8,2,1,29,2,106361.15,3,0.737,0,6,0,defective,1
CASE-2603,38913.32,99,9,4,1,0,5,11726.49,1,1.0,5,5,1,item_not_received,1
CASE-2604,4001.94,41,1,4,1,0,23,5942.69,3,0.56,0,5,1,defective,1
CASE-2605,1345.17,32,0,2,1,15,20,2305.4,12,0.098,2,6,0,unauthorized,1
CASE-2606,113535.56,67,2,0,1,0,30,283565.98,7,0.279,0,5,1,item_not_received,1
CASE-2607,15485.15,17,0,0,1,18,88,34247.72,4,0.162,0,5,1,other,1
CASE-2608,891.64,3,2,0,1,0,15,729.09,2,0.424,0,4,2,item_not_received,1
CASE-2609,1325.33,1,1,0,0,22,7,900.98,3,0.434,0,3,3,unauthorized,0
CASE-2610,915.88,1,8,2,0,24,69,1464.56,2,0.975,5,3,3,item_not_received,0
CASE-2611,12257.6,1,3,0,0,28,2,18619.8,2,0.329,2,3,3,unauthorized,0
CASE-2612,1415.4,15,2,0,1,0,2,897.4,8,0.192,2,5,1,defective,1
CASE-2613,103169.46,5,3,0,0,29,9,141616.52,13,0.675,0,3,3,other,0
CASE-2614,12269.19,14,1,0,1,0,66,6780.5,10,0.309,0,4,2,unauthorized,0
CASE-2615,1357.35,14,2,0,1,0,21,2487.97,12,0.273,0,5,1,duplicate,1
CASE-2616,9260.32,1,0,7,1,0,1,12844.43,0,0.131,0,6,0,defective,0
CASE-2617,112449.88,2,0,0,0,13,71,39258.35,4,0.098,0,5,1,unauthorized,0
CASE-2618,13590.28,4,7,0,0,5,20,7838.03,13,1.0,0,3,3,unauthorized,0
CASE-2619,15377.01,5,0,0,0,13,24,29901.24,3,0.069,1,2,4,item_not_received,0
CASE-2620,1204.06,14,0,0,1,2,67,2749.97,13,0.011,1,5,1,item_not_received,1
CASE-2621,18296.25,19,0,0,1,25,3,17627.23,3,0.394,0,2,4,defective,0
CASE-2622,10810.19,3,9,0,1,0,1,24470.15,1,1.0,2,3,3,defective,0
CASE-2623,1685.99,14,1,0,0,20,2,874.79,2,0.112,0,2,4,unauthorized,0
CASE-2624,19557.43,3,2,0,1,0,21,21183.27,1,0.219,0,5,1,defective,1
CASE-2625,12308.74,15,0,2,1,0,28,6482.1,7,0.279,0,6,0,item_not_received,1
CASE-2626,139227.9,10,3,2,0,9,17,185746.19,4,0.724,0,3,3,item_not_received,0
CASE-2627,358.55,1,5,0,1,0,17,753.78,3,1.0,4,6,0,defective,1
CASE-2628,1158.2,3,0,0,1,21,25,2519.73,1,0.053,3,4,2,other,0
CASE-2629,525.58,18,2,1,1,0,23,388.18,0,0.254,0,3,3,unauthorized,0
CASE-2630,942.39,37,2,2,0,22,74,2211.0,3,0.587,2,4,2,other,0
CASE-2631,834.31,2,5,7,0,6,73,1623.46,1,0.692,1,4,2,unauthorized,0
CASE-2632,81472.66,4,0,0,1,0,7,156485.41,4,0.334,0,5,1,unauthorized,0
CASE-2633,1312.52,6,1,4,1,0,16,2289.62,1,0.066,0,4,2,item_not_received,1
CASE-2634,1384.39,10,0,2,1,0,28,1472.77,4,0.184,0,6,0,unauthorized,1
CASE-2635,813.9,1,0,0,0,14,27,310.6,1,0.103,0,1,5,unauthorized,0
CASE-2636,64033.71,3,0,0,1,0,6,126706.54,9,0.141,0,5,1,defective,1
CASE-2637,70160.21,22,0,0,1,0,3,73056.84,11,0.192,1,4,2,unauthorized,1
CASE-2638,598.47,44,0,1,0,22,1,542.62,7,0.129,0,3,3,duplicate,1
CASE-2639,13497.46,4,1,1,1,0,3,17086.85,14,0.274,0,6,0,item_not_received,1
CASE-2640,4605.6,9,7,0,1,0,18,11148.73,11,0.351,5,5,1,item_not_received,1
CASE-2641,1194.76,2,9,2,1,11,3,1385.6,0,0.715,0,6,0,other,1
CASE-2642,529.94,13,2,0,1,0,48,886.3,2,0.174,1,3,3,defective,1
CASE-2643,5346.96,5,2,1,1,0,18,10098.12,13,0.351,1,5,1,duplicate,1
CASE-2644,50499.04,6,0,0,0,2,4,42362.48,12,0.382,0,4,2,duplicate,1
CASE-2645,5021.6,65,1,0,1,7,71,4243.45,12,0.548,0,4,2,item_not_received,1
CASE-2646,1240.98,3,0,0,1,0,2,2238.9,1,0.054,0,6,0,unauthorized,1
CASE-2647,7169.72,2,0,6,0,9,2,13915.19,14,0.159,0,3,3,item_not_received,0
CASE-2648,613.88,13,3,0,1,0,73,431.88,1,0.28,0,3,3,unauthorized,0
CASE-2649,1885.55,2,3,0,1,0,78,593.44,0,0.533,0,6,0,item_not_received,1
CASE-2650,4083.98,2,0,2,1,10,22,2670.35,1,0.102,6,4,2,item_not_received,1
CASE-2651,15721.72,3,7,0,1,0,5,20316.26,11,0.696,1,4,2,item_not_received,1
CASE-2652,73978.54,6,0,0,1,0,10,149398.31,8,0.25,2,5,1,item_not_received,1
CASE-2653,134033.45,11,0,0,0,3,3,114979.01,12,0.041,0,3,3,item_not_received,0
CASE-2654,1620.01,18,0,3,1,11,6,932.6,2,0.061,1,6,0,defective,1
CASE-2655,18831.03,32,0,3,0,2,23,26060.61,3,0.045,0,0,6,defective,1
CASE-2656,85649.95,13,0,0,1,9,63,189997.83,0,0.015,0,5,1,unauthorized,1
CASE-2657,1862.61,41,0,0,1,28,51,2896.28,4,0.085,3,4,2,defective,1
CASE-2658,9940.13,18,0,1,1,0,69,21413.66,0,0.167,0,6,0,item_not_received,1
CASE-2659,9083.63,1,0,0,1,16,10,10274.96,0,0.086,3,4,2,duplicate,1
CASE-2660,331.78,3,0,3,1,0,26,651.0,0,0.115,0,5,1,item_not_received,1
CASE-2661,29619.8,2,1,0,1,0,80,22189.04,0,0.303,1,5,1,item_not_received,1
CASE-2662,31832.01,13,0,1,0,2,26,48147.6,10,0.076,0,3,3,other,0
CASE-2663,483.02,1,0,0,1,20,2,986.56,8,0.054,0,6,0,item_not_received,1
CASE-2664,10089.0,1,3,0,1,26,86,13292.83,14,0.524,1,6,0,item_not_received,1
CASE-2665,1970.87,96,3,0,1,13,7,2849.65,0,0.655,0,3,3,defective,0
CASE-2666,3232.98,38,2,1,0,24,5,5549.3,2,0.424,0,2,4,item_not_received,0
CASE-2667,19200.27,4,0,0,1,0,29,17014.86,6,0.401,2,5,1,other,1
CASE-2668,1792.51,2,5,0,0,29,29,1607.97,3,0.57,2,4,2,item_not_received,0
CASE-2669,19330.3,22,2,2,1,0,20,21762.36,13,0.306,0,6,0,item_not_received,1
CASE-2670,8659.97,19,0,1,0,9,29,8622.58,3,0.108,6,5,1,item_not_received,0
CASE-2671,59259.62,2,3,0,0,17,9,34504.4,4,0.325,2,4,2,unauthorized,0
CASE-2672,7298.67,4,1,6,1,14,25,2522.12,0,0.383,2,6,0,defective,0
CASE-2673,395.14,4,3,0,1,0,82,780.86,3,0.587,0,5,1,unauthorized,1
CASE-2674,19665.28,11,0,2,0,10,11,30909.3,0,0.273,2,2,4,defective,0
CASE-2675,1781.99,87,0,0,0,26,3,1584.25,4,0.194,0,4,2,unauthorized,0
CASE-2676,17840.37,16,9,0,1,0,16,31058.19,1,0.887,0,5,1,unauthorized,0
CASE-2677,1174.72,56,0,0,0,17,19,528.28,0,0.057,0,4,2,item_not_received,1
CASE-2678,125157.06,2,3,2,0,9,3,97390.75,0,0.683,0,3,3,item_not_received,0
CASE-2679,94695.67,16,1,0,1,14,3,205025.38,0,0.164,0,4,2,item_not_received,1
CASE-2680,13528.8,27,0,1,1,0,25,28265.74,10,0.032,0,4,2,unauthorized,0
CASE-2681,18540.14,9,2,1,1,25,15,18332.58,3,0.191,0,4,2,unauthorized,1
CASE-2682,4497.77,10,0,2,1,0,1,3399.86,4,0.295,1,6,0,defective,1
CASE-2683,14941.52,7,1,1,0,17,75,17087.8,4,0.194,0,2,4,item_not_received,0
CASE-2684,47830.81,32,0,0,1,3,6,116457.69,1,0.142,1,6,0,other,1
CASE-2685,601.44,1,2,0,1,0,7,1219.53,2,0.164,5,3,3,unauthorized,1
CASE-2686,21075.75,2,1,0,0,18,23,49060.61,5,0.222,0,1,5,unauthorized,0
CASE-2687,1070.68,11,0,0,1,0,35,490.45,0,0.206,0,6,0,unauthorized,1
CASE-2688,5140.51,3,1,5,1,0,17,4017.38,3,0.347,0,5,1,item_not_received,0
CASE-2689,16582.32,7,0,0,1,24,3,37703.67,1,0.498,0,4,2,item_not_received,1
CASE-2690,723.04,35,0,2,0,26,4,1311.08,7,0.033,0,4,2,item_not_received,0
CASE-2691,10962.45,8,0,0,1,0,26,13495.88,0,0.087,0,4,2,unauthorized,1
CASE-2692,4387.42,2,3,2,0,25,69,9332.45,2,0.683,6,1,5,unauthorized,0
CASE-2693,7138.63,2,8,0,1,26,56,6739.34,3,0.808,0,5,1,item_not_received,0
CASE-2694,209.25,5,0,0,1,28,6,506.25,12,0.167,0,5,1,unauthorized,1
CASE-2695,326.69,1,0,0,1,0,3,200.89,0,0.529,0,5,1,unauthorized,1
CASE-2696,2653.94,14,1,1,1,19,57,5439.66,10,0.135,0,6,0,item_not_received,1
CASE-2697,16727.77,16,1,3,0,29,15,18475.56,3,0.252,0,3,3,defective,0
CASE-2698,1629.68,3,0,0,1,0,2,2379.66,9,0.137,0,4,2,duplicate,1
CASE-2699,28105.29,19,0,1,1,0,73,11978.46,0,0.267,4,5,1,item_not_received,1
CASE-2700,10915.31,8,2,0,1,0,73,24821.53,0,0.289,0,4,2,duplicate,1
CASE-2701,7021.3,1,0,5,0,3,5,4915.97,4,0.169,0,2,4,item_not_received,0
CASE-2702,11887.53,14,1,6,0,11,18,16454.68,3,0.087,0,2,4,item_not_received,0
CASE-2703,51448.54,4,9,0,0,9,1,112761.38,12,1.0,0,3,3,item_not_received,0
CASE-2704,526.0,4,0,2,1,0,33,1198.62,2,0.261,1,4,2,item_not_received,0
CASE-2705,9625.03,11,7,4,1,0,29,21490.11,0,0.646,0,4,2,unauthorized,0
CASE-2706,130972.43,1,6,2,0,19,22,306543.51,2,0.5,6,2,4,unauthorized,0
CASE-2707,15299.03,10,0,2,1,0,2,30156.07,1,0.335,0,5,1,item_not_received,1
CASE-2708,242.67,13,0,0,1,0,27,459.44,0,0.076,0,3,3,defective,1
CASE-2709,289.52,5,1,2,1,0,5,659.93,0,0.102,0,5,1,item_not_received,1
CASE-2710,15494.81,12,0,0,0,28,4,11661.85,2,0.067,0,3,3,unauthorized,1
CASE-2711,54571.74,17,3,2,0,15,39,58654.91,7,0.643,0,5,1,duplicate,0
CASE-2712,34755.47,2,0,0,1,0,19,78947.37,13,0.163,0,3,3,other,1
CASE-2713,18279.97,2,0,0,1,0,64,21893.21,3,0.077,1,5,1,item_not_received,1
CASE-2714,1713.17,1,0,4,1,0,15,2213.05,14,0.223,2,6,0,defective,1
CASE-2715,7809.68,44,2,0,1,0,15,3932.14,0,0.576,0,6,0,item_not_received,0
CASE-2716,3805.59,12,1,1,1,0,12,2846.38,3,0.23,2,4,2,defective,0
CASE-2717,19120.88,8,4,7,0,12,27,7248.16,1,0.418,2,4,2,defective,0
CASE-2718,1147.41,87,0,0,1,3,1,1150.38,4,0.113,0,5,1,unauthorized,1
CASE-2719,993.11,12,0,0,1,0,13,1233.51,4,0.202,0,5,1,item_not_received,0
CASE-2720,431.77,87,5,0,1,0,12,1039.33,1,0.576,0,5,1,unauthorized,0
CASE-2721,1352.37,18,9,0,0,0,13,1522.69,12,1.0,0,5,1,unauthorized,0
CASE-2722,14439.09,1,0,2,1,0,19,7017.41,10,0.121,0,5,1,duplicate,1
CASE-2723,296.84,14,2,0,0,20,13,674.51,4,0.361,0,2,4,item_not_received,0
CASE-2724,1861.5,5,0,0,0,4,5,4117.88,3,0.144,0,4,2,unauthorized,0
CASE-2725,701.82,35,0,2,1,0,20,847.93,10,0.244,0,6,0,defective,1
CASE-2726,6969.24,19,0,0,1,0,2,6444.63,11,0.086,1,3,3,other,1
CASE-2727,8396.77,4,0,3,1,20,27,20149.59,1,0.068,2,2,4,item_not_received,1
CASE-2728,15850.41,4,1,0,1,0,17,11482.46,1,0.432,4,5,1,other,1
CASE-2729,994.11,6,0,0,1,27,12,941.03,8,0.12,2,1,5,unauthorized,0
CASE-2730,19572.88,2,9,4,1,0,15,24207.95,3,1.0,0,3,3,unauthorized,0
CASE-2731,7171.87,9,0,1,1,0,43,14781.22,0,0.302,0,4,2,other,1
CASE-2732,100185.91,12,3,2,0,27,6,241655.63,5,0.769,0,3,3,unauthorized,0
CASE-2733,24742.08,3,2,0,0,13,25,56321.94,0,0.257,0,5,1,unauthorized,0
CASE-2734,17185.02,1,0,2,0,5,15,18766.26,4,0.063,0,3,3,duplicate,0
CASE-2735,1883.46,1,0,2,1,0,20,3963.68,1,0.051,0,2,4,item_not_received,1
CASE-2736,1717.64,3,0,0,1,0,2,823.34,0,0.07,1,4,2,other,1
CASE-2737,1224.24,55,0,2,1,0,12,2597.0,0,0.111,0,5,1,duplicate,0
CASE-2738,108814.64,3,1,0,1,0,22,56392.59,4,0.505,0,5,1,defective,1
CASE-2739,17235.65,4,0,0,1,0,6,36832.58,2,0.029,0,4,2,defective,1
CASE-2740,109544.32,18,0,0,1,3,41,234633.83,9,0.066,0,6,0,item_not_received,1
CASE-2741,5348.09,9,0,0,0,25,19,7174.84,2,0.346,0,4,2,defective,0
CASE-2742,1339.08,4,2,0,0,26,17,3018.65,1,0.255,0,4,2,defective,0
CASE-2743,2380.77,10,4,2,1,9,1,4885.3,1,0.465,0,4,2,duplicate,0
CASE-2744,22069.55,74,3,0,1,0,55,38896.72,11,0.47,0,2,4,item_not_received,1
CASE-2745,45939.16,19,0,1,1,0,3,55231.28,3,0.337,1,6,0,defective,1
CASE-2746,10191.03,1,3,1,0,29,18,24780.06,0,0.469,0,3,3,item_not_received,0
CASE-2747,1969.54,19,4,0,1,0,1,1718.49,0,0.604,0,5,1,unauthorized,1
CASE-2748,5727.7,92,0,0,1,14,78,3809.65,11,0.07,0,5,1,item_not_received,1
CASE-2749,1255.44,17,8,1,1,15,27,1659.66,10,1.0,0,5,1,unauthorized,0
CASE-2750,42198.62,18,0,0,1,0,15,104444.82,0,0.37,0,5,1,unauthorized,1
CASE-2751,9180.32,29,2,1,1,8,26,4113.18,1,0.524,5,5,1,unauthorized,1
CASE-2752,14509.83,4,0,1,1,0,28,8104.78,2,0.097,2,6,0,defective,1
CASE-2753,514.76,15,0,0,0,25,75,745.57,4,0.241,2,4,2,defective,0
CASE-2754,1534.2,11,0,0,0,21,27,3310.23,3,0.152,1,4,2,unauthorized,0
CASE-2755,1379.19,1,3,0,1,0,10,2034.28,4,0.302,0,5,1,unauthorized,1
CASE-2756,732.68,17,4,1,1,0,6,1230.95,1,0.526,0,4,2,defective,0
CASE-2757,670.23,19,3,0,1,3,27,1319.8,3,0.37,0,5,1,defective,1
CASE-2758,254.2,2,0,0,0,14,87,481.1,2,0.261,5,2,4,defective,0
CASE-2759,125479.19,4,0,0,1,3,9,98763.32,1,0.06,0,4,2,defective,1
CASE-2760,792.09,35,0,7,1,0,5,1655.68,1,0.139,0,5,1,item_not_received,1
CASE-2761,16118.46,2,0,0,0,19,56,36877.93,0,0.122,1,5,1,item_not_received,0
CASE-2762,1268.69,3,2,0,1,4,21,1053.05,3,0.419,0,5,1,defective,1
CASE-2763,12301.23,14,2,7,1,0,29,15927.85,3,0.204,2,4,2,item_not_received,0
CASE-2764,51095.32,11,5,0,1,4,10,120100.28,14,0.704,0,6,0,unauthorized,1
CASE-2765,27283.35,4,3,0,1,0,18,26581.83,5,0.5,0,5,1,other,1
CASE-2766,74488.35,13,2,0,1,29,1,119218.55,3,0.178,0,4,2,unauthorized,0
CASE-2767,770.41,1,5,0,1,1,86,1357.54,3,0.528,0,4,2,item_not_received,0
CASE-2768,120752.2,15,2,0,1,23,8,233233.97,4,0.202,0,5,1,duplicate,1
CASE-2769,32227.92,13,0,0,1,0,60,55570.58,7,0.302,0,4,2,unauthorized,1
CASE-2770,518.51,17,3,0,1,0,72,602.99,13,0.509,0,4,2,item_not_received,1
CASE-2771,4859.13,13,0,0,1,0,28,3528.4,0,0.116,0,4,2,item_not_received,1
CASE-2772,1540.55,37,0,5,1,3,50,1046.78,3,0.043,2,3,3,item_not_received,0
CASE-2773,127508.7,20,0,4,0,20,26,225975.66,0,0.101,2,2,4,item_not_received,0
CASE-2774,19879.31,58,3,1,1,0,21,8391.22,4,0.191,1,2,4,item_not_received,1
CASE-2775,144271.89,3,0,2,0,9,18,193690.66,0,0.195,0,4,2,duplicate,0
CASE-2776,70952.35,2,4,2,1,0,16,92709.11,8,0.762,0,4,2,item_not_received,1
CASE-2777,977.79,1,0,1,1,5,21,1063.08,4,0.073,0,5,1,unauthorized,1
CASE-2778,88598.17,1,0,2,1,0,11,59877.66,0,0.307,4,4,2,unauthorized,1
CASE-2779,78130.98,6,0,0,1,3,3,103502.82,0,0.065,5,4,2,item_not_received,1
CASE-2780,1357.96,18,3,0,1,0,26,706.41,4,0.278,0,4,2,defective,1
CASE-2781,13576.85,7,9,2,0,25,2,14327.6,1,0.9,5,1,5,item_not_received,0
CASE-2782,494.17,5,0,1,0,2,10,494.0,3,0.05,2,3,3,defective,0
CASE-2783,275.55,1,0,1,0,14,22,143.95,4,0.16,0,5,1,defective,0
CASE-2784,10115.41,4,6,1,1,20,19,7614.88,0,0.598,4,4,2,defective,0
CASE-2785,12006.96,1,0,0,1,0,88,6847.09,9,0.257,0,6,0,unauthorized,1
CASE-2786,1545.76,63,0,0,1,0,4,2992.41,0,0.062,0,5,1,item_not_received,1
CASE-2787,422.13,9,0,0,0,4,13,663.39,6,0.031,0,4,2,defective,0
CASE-2788,1392.95,16,1,0,1,0,28,2639.2,1,0.215,0,5,1,duplicate,1
CASE-2789,1657.05,19,0,0,0,24,17,2921.5,3,0.069,3,2,4,unauthorized,0
CASE-2790,1398.88,1,0,0,0,10,6,3307.01,0,0.09,0,2,4,other,0
CASE-2791,18558.76,6,3,1,1,0,82,34985.63,1,0.642,0,6,0,unauthorized,0
CASE-2792,1197.7,9,0,1,1,0,18,2801.69,4,0.414,5,5,1,unauthorized,1
CASE-2793,1915.16,49,3,1,0,0,15,4256.53,7,0.533,0,4,2,item_not_received,0
CASE-2794,86470.15,3,0,0,1,20,18,201720.63,2,0.232,0,5,1,item_not_received,1
CASE-2795,598.61,6,2,2,1,19,11,1493.0,1,0.595,0,6,0,duplicate,1
CASE-2796,1950.44,10,1,1,1,20,54,2062.13,6,0.344,0,6,0,item_not_received,1
CASE-2797,491.36,3,5,6,1,13,73,1179.54,0,0.702,0,4,2,item_not_received,0
CASE-2798,98440.24,19,2,0,0,12,11,90278.86,4,0.25,0,4,2,unauthorized,0
CASE-2799,1034.64,9,0,0,0,18,2,597.08,3,0.124,0,2,4,unauthorized,0
CASE-2800,14048.73,13,0,0,1,0,1,28523.38,3,0.25,0,4,2,defective,1
CASE-2801,9393.96,1,1,1,0,2,3,8807.25,3,0.227,0,1,5,defective,0
CASE-2802,3856.72,4,4,0,0,25,1,3568.75,0,0.467,1,1,5,duplicate,0
CASE-2803,8241.83,1,5,2,1,25,57,3459.39,0,1.0,0,4,2,item_not_received,1
CASE-2804,108081.55,1,0,0,1,6,4,77629.05,10,0.092,0,5,1,other,1
CASE-2805,123720.54,19,1,0,1,8,3,71886.74,1,0.034,0,6,0,item_not_received,1
CASE-2806,81233.02,2,0,6,1,0,4,160061.15,6,0.115,0,4,2,unauthorized,1
CASE-2807,802.68,44,0,1,0,21,24,1838.54,0,0.149,0,2,4,unauthorized,0
CASE-2808,9637.13,6,0,7,0,8,20,9987.9,0,0.044,2,2,4,unauthorized,0
CASE-2809,119395.81,8,1,0,1,0,14,276047.37,13,0.334,0,6,0,item_not_received,1
CASE-2810,10019.64,11,1,0,1,8,60,23443.66,7,0.442,0,6,0,item_not_received,1
CASE-2811,1028.37,13,0,0,1,0,3,750.42,12,0.188,0,5,1,defective,1
CASE-2812,19717.11,72,0,0,1,0,29,36273.95,8,0.18,4,5,1,item_not_received,1
CASE-2813,85561.25,15,0,0,0,19,86,185020.19,2,0.056,0,2,4,item_not_received,1
CASE-2814,13202.23,3,0,1,0,29,21,23108.67,1,0.165,0,4,2,unauthorized,0
CASE-2815,33062.33,6,8,2,1,0,8,45846.65,3,1.0,0,5,1,item_not_received,0
CASE-2816,15614.06,2,0,1,0,27,61,7227.82,0,0.145,0,6,0,item_not_received,0
CASE-2817,867.39,15,3,0,1,0,3,2157.06,6,0.821,0,5,1,unauthorized,0
CASE-2818,132203.58,4,3,1,0,27,73,205535.11,0,0.27,1,6,0,other,0
CASE-2819,1821.62,84,2,1,1,26,86,1839.2,11,0.376,0,3,3,item_not_received,1
CASE-2820,1447.85,1,1,0,0,15,3,2143.66,3,0.085,0,4,2,other,0
CASE-2821,5461.9,1,1,0,1,19,55,11474.9,1,0.198,1,4,2,unauthorized,1
CASE-2822,1135.96,1,0,3,1,0,3,1345.38,2,0.376,1,2,4,defective,0
CASE-2823,586.02,4,0,0,1,23,4,236.97,11,0.073,0,5,1,item_not_received,1
CASE-2824,143329.4,38,3,0,0,12,15,296656.17,4,0.629,0,3,3,unauthorized,1
CASE-2825,1581.5,1,0,5,0,8,22,1916.81,2,0.103,0,4,2,item_not_received,0
CASE-2826,1367.24,1,0,2,0,19,17,927.73,4,0.238,3,4,2,unauthorized,0
CASE-2827,8308.64,10,0,0,1,19,24,7831.67,11,0.408,0,6,0,other,1
CASE-2828,1189.7,17,4,0,1,1,26,2324.04,2,0.781,2,5,1,other,1
CASE-2829,17548.42,57,0,3,0,14,17,6494.49,2,0.3,0,4,2,item_not_received,0
CASE-2830,7292.55,19,1,0,1,0,24,4599.05,0,0.429,0,4,2,unauthorized,1
CASE-2831,1886.59,1,6,1,1,0,11,2764.31,0,0.495,5,5,1,duplicate,1
CASE-2832,15860.72,4,0,2,1,11,25,15912.71,0,0.058,0,6,0,unauthorized,1
CASE-2833,1550.45,12,1,0,1,6,50,1765.48,0,0.2,1,5,1,item_not_received,1
CASE-2834,638.42,10,0,0,0,0,8,1033.56,0,0.021,2,2,4,item_not_received,0
CASE-2835,5740.58,5,0,2,1,13,65,10396.11,4,0.244,2,4,2,item_not_received,1
CASE-2836,30470.67,4,1,3,1,18,5,60457.94,1,0.136,0,6,0,item_not_received,1
CASE-2837,13351.02,59,0,1,0,17,72,30583.75,0,0.235,4,2,4,defective,0
CASE-2838,12453.6,3,0,0,1,25,22,30092.09,2,0.391,0,5,1,unauthorized,1
CASE-2839,1949.41,37,0,2,1,10,20,2820.38,4,0.104,0,6,0,duplicate,1
CASE-2840,9041.72,65,3,0,0,12,25,5062.0,4,0.514,0,2,4,item_not_received,0
CASE-2841,16064.71,9,1,0,0,29,22,10221.51,1,0.157,0,3,3,duplicate,1
CASE-2842,390.87,7,0,0,1,10,78,307.75,0,0.351,1,6,0,unauthorized,1
CASE-2843,3238.03,17,0,0,1,6,5,5275.23,0,0.08,1,6,0,unauthorized,1
CASE-2844,1556.76,14,7,0,1,0,89,1902.66,10,1.0,0,4,2,item_not_received,1
CASE-2845,34128.78,2,5,1,1,3,79,80925.67,2,0.443,0,3,3,unauthorized,0
CASE-2846,14580.19,35,0,2,1,0,9,7121.49,3,0.118,2,4,2,duplicate,1
CASE-2847,64127.15,15,0,0,0,13,27,89803.15,12,0.23,1,3,3,item_not_received,0
CASE-2848,1987.56,4,0,2,0,5,2,4730.33,1,0.281,0,3,3,item_not_received,0
CASE-2849,647.5,64,0,2,1,0,10,1182.46,10,0.214,0,5,1,defective,1
CASE-2850,19157.72,6,0,1,1,0,27,44815.93,4,0.223,0,4,2,defective,1
CASE-2851,111431.87,98,1,0,1,6,4,178959.37,3,0.538,4,5,1,item_not_received,0
CASE-2852,19686.36,4,0,0,1,0,29,45025.12,0,0.203,0,5,1,item_not_received,1
CASE-2853,20941.71,3,0,0,0,24,15,27914.38,1,0.318,0,4,2,item_not_received,0
CASE-2854,11142.91,49,0,0,1,24,59,25345.17,11,0.386,0,6,0,item_not_received,1
CASE-2855,127857.81,17,0,0,1,0,5,215456.73,3,0.006,0,5,1,item_not_received,1
CASE-2856,143798.41,12,1,0,1,0,2,317668.36,0,0.114,0,5,1,other,1
CASE-2857,51969.75,8,0,0,1,0,6,18789.6,7,0.144,1,4,2,unauthorized,1
CASE-2858,803.96,40,0,1,1,8,5,252.39,1,0.178,6,5,1,unauthorized,0
CASE-2859,14806.9,11,3,2,1,0,55,28930.14,3,0.343,0,4,2,item_not_received,1
CASE-2860,142353.31,2,2,0,1,26,19,119227.59,0,0.215,0,6,0,unauthorized,0
CASE-2861,5356.97,4,0,1,0,16,27,8052.38,9,0.132,0,3,3,defective,0
CASE-2862,17880.21,4,0,2,1,0,14,16417.97,4,0.16,4,4,2,unauthorized,1
CASE-2863,1175.41,18,0,1,0,5,3,678.04,0,0.129,0,3,3,item_not_received,1
CASE-2864,426.95,50,5,0,0,26,5,147.56,4,0.295,0,3,3,item_not_received,0
CASE-2865,5279.9,4,1,0,1,4,31,10337.68,4,0.332,3,5,1,item_not_received,1
CASE-2866,1037.11,2,5,0,1,16,21,597.47,2,0.876,0,4,2,unauthorized,0
CASE-2867,1218.55,74,3,3,1,0,1,861.19,5,0.382,0,3,3,defective,1
CASE-2868,553.6,35,0,0,0,9,2,771.56,7,0.351,1,3,3,defective,0
CASE-2869,11965.1,12,1,2,1,25,24,23693.46,9,0.084,1,5,1,item_not_received,0
CASE-2870,874.22,12,1,5,1,0,23,1530.77,0,0.161,1,5,1,defective,1
CASE-2871,19443.23,31,0,0,1,16,6,35201.11,0,0.113,6,4,2,item_not_received,1
CASE-2872,1717.26,15,0,0,1,0,45,1685.05,3,0.164,1,5,1,other,1
CASE-2873,60789.22,4,9,0,0,13,10,145573.79,0,1.0,0,2,4,other,0
CASE-2874,43402.49,36,2,0,0,0,82,67602.5,0,0.286,1,3,3,duplicate,0
CASE-2875,400.79,80,2,1,0,14,25,725.49,3,0.254,0,4,2,item_not_received,0
CASE-2876,19032.36,18,0,6,0,23,2,19047.35,6,0.395,0,2,4,item_not_received,0
CASE-2877,1225.82,3,0,0,0,29,3,914.71,11,0.254,0,3,3,item_not_received,1
CASE-2878,1518.15,4,3,7,0,27,6,470.84,1,0.42,0,2,4,duplicate,0
CASE-2879,9715.17,1,2,0,1,0,6,17056.62,9,0.367,2,5,1,defective,1
CASE-2880,19077.69,5,0,0,1,0,29,12852.38,10,0.076,1,6,0,defective,1
CASE-2881,6197.48,4,1,0,0,17,11,14279.51,0,0.217,5,3,3,duplicate,0
CASE-2882,55591.12,41,2,2,0,11,17,124572.48,0,0.449,0,3,3,item_not_received,0
CASE-2883,1532.62,2,0,0,0,9,3,2885.27,2,0.067,1,3,3,other,0
CASE-2884,1364.95,59,6,0,1,0,61,1587.63,0,0.519,0,4,2,item_not_received,1
CASE-2885,14953.88,2,3,0,1,3,28,22210.52,0,0.336,0,4,2,unauthorized,1
CASE-2886,27384.97,3,0,0,1,0,11,37401.65,1,0.263,0,5,1,unauthorized,1
CASE-2887,1680.9,93,0,0,0,29,49,1937.96,0,0.237,2,4,2,other,0
CASE-2888,1275.63,13,0,0,1,0,39,2308.61,14,0.067,5,4,2,item_not_received,1
CASE-2889,261.42,3,2,0,1,0,29,269.43,0,0.27,0,3,3,unauthorized,0
CASE-2890,6902.02,31,1,2,1,0,4,6315.76,1,0.471,0,3,3,item_not_received,1
CASE-2891,30995.62,2,0,1,1,26,4,54949.04,0,0.407,1,6,0,item_not_received,1
CASE-2892,5942.41,19,1,0,1,0,10,13569.42,0,0.395,0,6,0,unauthorized,1
CASE-2893,3717.48,64,3,1,1,19,28,5131.57,11,0.644,0,4,2,unauthorized,1
CASE-2894,1967.84,15,1,1,0,7,17,1459.35,4,0.123,1,2,4,defective,0
CASE-2895,19415.05,89,0,1,0,13,2,13520.18,3,0.433,0,3,3,item_not_received,0
CASE-2896,90150.17,9,0,0,1,16,13,171260.06,2,0.342,2,6,0,unauthorized,1
CASE-2897,1071.77,63,0,1,0,28,11,1802.12,3,0.061,0,3,3,duplicate,1
CASE-2898,12172.7,14,7,0,1,25,4,11333.49,4,0.645,0,3,3,item_not_received,1
CASE-2899,1477.32,63,0,0,1,0,23,485.44,4,0.346,1,6,0,defective,1
CASE-2900,2499.0,17,0,0,1,0,14,1120.77,4,0.194,0,6,0,item_not_received,1
CASE-2901,8611.75,2,0,0,0,3,3,12277.31,0,0.233,0,1,5,unauthorized,0
CASE-2902,645.93,9,3,1,0,16,82,1008.64,1,0.552,6,4,2,unauthorized,0
CASE-2903,771.57,12,0,2,1,18,14,1923.43,10,0.296,0,5,1,defective,1
CASE-2904,12924.63,18,0,2,1,4,20,25984.74,0,0.102,0,4,2,defective,1
CASE-2905,4051.1,21,3,0,1,0,18,9982.73,5,0.897,0,6,0,duplicate,1
CASE-2906,8528.36,5,0,1,1,21,20,20965.25,10,0.2,2,5,1,unauthorized,1
CASE-2907,1089.28,1,0,1,1,19,24,787.51,2,0.175,1,6,0,defective,0
CASE-2908,12784.77,61,1,0,1,21,83,4232.3,12,0.516,0,5,1,unauthorized,1
CASE-2909,66165.62,42,8,0,1,0,35,19857.83,0,0.682,0,5,1,item_not_received,0
CASE-2910,1181.04,2,4,2,0,23,5,804.77,13,0.621,0,4,2,item_not_received,0
CASE-2911,3978.86,53,1,0,0,29,37,4457.27,3,0.281,1,2,4,item_not_received,1
CASE-2912,17295.91,8,2,1,1,0,7,14784.85,8,0.495,1,5,1,duplicate,1
CASE-2913,7491.81,53,0,0,0,5,3,4009.51,1,0.114,0,3,3,unauthorized,0
CASE-2914,852.41,3,3,2,1,0,5,1364.03,0,0.414,0,5,1,item_not_received,1
CASE-2915,1690.64,59,0,0,1,18,6,3956.57,0,0.145,0,6,0,item_not_received,1
CASE-2916,82045.74,4,0,0,0,6,6,177724.15,4,0.286,0,5,1,item_not_received,0
CASE-2917,18000.62,17,1,0,0,13,25,32834.0,1,0.284,1,3,3,item_not_received,0
CASE-2918,1990.04,40,0,1,1,19,4,4484.33,1,0.354,0,4,2,item_not_received,1
CASE-2919,1406.86,59,0,2,1,0,24,2836.71,12,0.301,0,5,1,other,1
CASE-2920,16427.25,5,0,0,1,6,1,24816.82,4,0.052,0,5,1,duplicate,1
CASE-2921,116864.78,48,4,0,1,17,8,70782.29,4,0.629,3,4,2,defective,0
CASE-2922,5038.79,4,3,0,1,0,26,11401.45,13,0.264,3,3,3,other,0
CASE-2923,1618.99,15,0,0,1,0,11,1106.08,2,0.048,1,5,1,item_not_received,1
CASE-2924,16652.51,7,8,1,1,8,23,32466.21,3,1.0,0,3,3,unauthorized,0
CASE-2925,16479.43,77,0,2,1,0,37,23246.15,0,0.106,1,5,1,duplicate,1
CASE-2926,133406.53,3,0,1,1,7,15,271488.43,4,0.072,2,6,0,duplicate,1
CASE-2927,19071.87,3,2,0,0,13,1,45701.18,3,0.171,0,4,2,item_not_received,0
CASE-2928,37685.7,1,9,0,1,0,29,18877.43,10,0.727,0,4,2,item_not_received,0
CASE-2929,11940.7,13,7,2,1,0,16,12830.07,1,0.868,2,5,1,item_not_received,1
CASE-2930,84223.87,5,0,0,1,0,6,71921.41,0,0.108,1,5,1,unauthorized,1
CASE-2931,15124.46,21,1,0,0,2,70,33811.45,0,0.235,0,3,3,item_not_received,0
CASE-2932,1158.73,2,3,2,1,18,4,1303.03,9,0.472,0,4,2,unauthorized,0
CASE-2933,599.34,17,2,6,1,3,4,199.23,0,0.797,0,6,0,duplicate,0
CASE-2934,11648.12,72,0,0,0,18,16,9397.86,5,0.096,2,3,3,item_not_received,0
CASE-2935,1837.8,19,0,0,1,4,13,2959.38,12,0.242,0,3,3,item_not_received,1
CASE-2936,12138.58,14,3,0,1,0,17,10836.61,2,0.548,1,1,5,defective,0
CASE-2937,145958.89,15,0,0,1,0,27,192332.36,2,0.241,1,6,0,duplicate,1
CASE-2938,71194.29,8,0,2,0,15,6,154582.73,4,0.276,1,5,1,unauthorized,0
CASE-2939,728.65,2,0,2,1,14,9,225.8,4,0.154,2,5,1,other,1
CASE-2940,96512.79,4,9,1,1,0,50,80973.11,4,1.0,0,6,0,other,0
CASE-2941,71230.71,80,0,0,1,0,12,119693.48,6,0.146,0,3,3,duplicate,1
CASE-2942,46601.31,10,9,7,1,24,2,85251.99,0,0.945,0,5,1,unauthorized,0
CASE-2943,64783.07,6,3,0,0,9,87,98234.9,2,0.418,0,1,5,duplicate,1
CASE-2944,19696.43,4,0,0,1,11,19,47120.06,1,0.279,0,5,1,unauthorized,0
CASE-2945,134452.89,1,1,3,1,11,6,164091.55,6,0.123,0,4,2,item_not_received,0
CASE-2946,38562.87,1,8,0,0,23,29,62658.65,1,0.879,0,3,3,item_not_received,0
CASE-2947,148394.62,4,3,0,1,0,14,311984.58,0,0.641,0,3,3,item_not_received,1
CASE-2948,87392.1,14,0,0,1,0,16,59473.86,12,0.103,0,2,4,unauthorized,1
CASE-2949,1169.34,16,0,0,1,0,6,536.19,3,0.279,0,6,0,item_not_received,1
CASE-2950,1555.21,2,1,1,1,0,19,1421.23,3,0.283,0,6,0,unauthorized,1
CASE-2951,56648.5,16,3,5,1,0,28,46870.22,0,0.333,0,3,3,defective,0
CASE-2952,1195.05,16,0,0,0,20,14,2587.0,12,0.065,0,2,4,defective,0
CASE-2953,123393.27,15,3,0,0,12,4,137582.16,0,0.447,1,2,4,unauthorized,0
CASE-2954,4467.21,4,0,0,0,6,8,4591.66,10,0.093,0,2,4,item_not_received,0
CASE-2955,355.39,5,1,0,1,21,5,280.59,0,0.171,0,5,1,defective,0
CASE-2956,4301.5,3,9,2,1,0,12,8275.8,4,1.0,0,6,0,unauthorized,0
CASE-2957,121694.49,10,0,1,1,0,2,229586.65,12,0.35,0,5,1,defective,1
CASE-2958,14893.91,15,0,2,0,27,26,17202.3,1,0.403,2,3,3,defective,0
CASE-2959,503.48,2,0,2,1,0,19,498.75,4,0.139,4,4,2,item_not_received,1
CASE-2960,89688.54,4,0,0,1,27,5,114068.76,13,0.086,0,6,0,unauthorized,1
CASE-2961,1275.51,6,0,0,1,0,30,2129.19,4,0.214,0,4,2,unauthorized,1
CASE-2962,810.82,1,3,0,1,12,63,1687.24,10,0.373,1,5,1,item_not_received,1
CASE-2963,133469.08,17,1,0,0,22,39,181122.08,4,0.12,0,1,5,unauthorized,0
CASE-2964,1429.66,75,1,4,1,0,58,2759.71,2,0.126,1,4,2,item_not_received,0
CASE-2965,63970.11,14,5,0,1,23,2,98415.62,3,0.713,4,4,2,other,0
CASE-2966,110665.07,1,1,0,0,11,5,56699.26,1,0.313,1,4,2,item_not_received,0
CASE-2967,1875.67,4,3,2,1,0,1,2491.3,13,0.371,0,5,1,item_not_received,1
CASE-2968,468.61,2,6,3,1,3,6,795.91,2,0.38,2,5,1,other,1
CASE-2969,1503.82,15,2,1,1,0,4,2043.98,14,0.399,2,6,0,item_not_received,1
CASE-2970,1233.51,10,0,0,1,0,24,1595.03,2,0.324,0,3,3,duplicate,1
CASE-2971,19176.28,16,0,0,1,0,9,25256.22,3,0.173,0,5,1,item_not_received,1
CASE-2972,1074.42,3,4,6,1,0,16,2636.33,2,0.704,0,3,3,item_not_received,1
CASE-2973,107629.94,3,3,2,1,12,4,262603.5,0,0.398,0,4,2,item_not_received,1
CASE-2974,997.62,88,5,2,1,0,9,1575.36,0,0.664,0,5,1,item_not_received,0
CASE-2975,97087.18,10,1,2,1,0,18,148191.36,0,0.194,1,4,2,duplicate,0
CASE-2976,48062.11,13,2,0,1,0,65,54659.67,11,0.528,1,5,1,unauthorized,1
CASE-2977,96980.39,7,0,0,0,10,6,41659.22,0,0.069,0,3,3,unauthorized,1
CASE-2978,1551.21,99,0,0,0,22,1,3382.75,3,0.334,0,2,4,defective,0
CASE-2979,118943.41,2,0,0,1,0,24,221499.95,3,0.191,0,5,1,item_not_received,1
CASE-2980,82892.43,93,0,1,0,2,84,128811.52,2,0.2,0,5,1,unauthorized,0
CASE-2981,85151.58,10,0,1,1,27,12,128260.15,12,0.035,0,6,0,item_not_received,1
CASE-2982,17668.45,4,0,0,1,0,34,9023.42,0,0.136,0,5,1,item_not_received,1
CASE-2983,772.28,9,2,0,1,0,1,1804.93,6,0.492,0,6,0,unauthorized,1
CASE-2984,36323.42,41,0,0,1,0,71,55596.02,10,0.362,2,4,2,item_not_received,1
CASE-2985,14203.52,96,1,2,0,23,11,26972.6,10,0.236,0,2,4,item_not_received,1
CASE-2986,9710.58,1,1,1,0,15,18,3463.39,9,0.101,0,4,2,other,0
CASE-2987,16426.09,16,3,0,0,25,4,33698.44,3,0.428,2,2,4,unauthorized,0
CASE-2988,1619.06,5,8,0,1,0,3,1399.52,10,0.7,1,6,0,defective,1
CASE-2989,112068.0,7,2,0,0,19,5,164897.14,8,0.455,2,4,2,other,0
CASE-2990,61072.23,14,0,0,1,24,10,61124.27,0,0.17,2,2,4,other,1
CASE-2991,896.79,23,0,0,0,22,27,660.07,4,0.328,6,2,4,item_not_received,0
CASE-2992,11315.68,55,0,2,1,0,10,26862.53,1,0.303,4,5,1,item_not_received,1
CASE-2993,58491.9,9,0,0,1,0,55,143914.17,5,0.184,0,4,2,item_not_received,1
CASE-2994,1652.42,2,6,0,1,0,21,3548.45,7,0.587,0,5,1,unauthorized,1
CASE-2995,462.36,2,0,0,0,9,57,711.6,7,0.038,0,2,4,other,0
CASE-2996,1459.13,75,0,0,1,0,1,2200.01,3,0.082,0,5,1,item_not_received,1
CASE-2997,141964.32,3,5,7,1,0,3,132736.68,4,0.622,0,5,1,other,0
CASE-2998,13032.52,11,0,0,1,0,20,26038.78,2,0.045,0,3,3,duplicate,1
CASE-2999,1363.76,3,6,0,1,0,24,1230.78,6,0.838,0,5,1,unauthorized,0
CASE-3000,211.06,6,0,0,0,4,12,247.79,0,0.105,0,3,3,unauthorized,0
CASE-3001,12629.07,5,9,6,1,12,16,10861.26,6,0.746,1,6,0,unauthorized,0
CASE-3002,588.47,58,0,0,1,21,8,213.79,6,0.104,1,3,3,unauthorized,1
CASE-3003,1843.22,10,3,0,1,27,37,2187.38,11,0.132,0,4,2,item_not_received,1
CASE-3004,760.8,2,2,2,0,18,1,1819.87,1,0.245,0,1,5,item_not_received,0
CASE-3005,8894.53,68,3,2,1,20,2,18240.59,3,0.575,0,3,3,item_not_received,1
CASE-3006,1410.97,2,6,0,1,0,3,3321.93,1,0.493,0,5,1,item_not_received,1
CASE-3007,13093.39,8,0,2,0,18,8,30764.69,3,0.184,0,1,5,unauthorized,0
CASE-3008,3243.33,32,3,4,1,20,87,7121.33,1,0.494,0,5,1,duplicate,0
CASE-3009,962.33,1,3,3,1,0,10,1963.84,4,0.384,0,6,0,item_not_received,1
CASE-3010,147253.79,1,0,0,0,29,27,302733.28,12,0.042,6,2,4,other,0
CASE-3011,12377.4,7,1,0,1,0,20,17755.33,4,0.369,1,6,0,defective,1
CASE-3012,637.3,7,0,0,1,0,67,905.25,13,0.067,0,6,0,defective,1
CASE-3013,10131.48,34,0,0,0,17,4,21025.24,4,0.116,0,3,3,unauthorized,0
CASE-3014,143794.43,14,3,0,1,27,5,254520.81,2,0.216,0,4,2,unauthorized,1
CASE-3015,36608.52,5,1,0,0,29,74,74809.3,1,0.287,0,2,4,unauthorized,0
CASE-3016,1371.18,6,2,0,1,0,22,1255.93,1,0.128,1,5,1,other,1
CASE-3017,7033.6,3,6,0,1,0,81,12392.45,12,0.64,0,5,1,item_not_received,1
CASE-3018,4831.94,33,2,1,1,0,25,5559.74,9,0.309,2,5,1,other,1
CASE-3019,81859.97,67,3,1,1,26,9,181319.28,13,0.297,0,6,0,item_not_received,1
CASE-3020,1172.07,1,0,1,1,0,29,2467.56,9,0.045,0,4,2,defective,1
CASE-3021,955.99,12,0,1,0,21,22,1457.87,0,0.253,0,1,5,item_not_received,0
CASE-3022,16832.89,7,1,0,0,25,85,29500.64,5,0.325,6,3,3,item_not_received,0
CASE-3023,8779.7,7,0,0,0,1,26,14840.4,4,0.134,0,6,0,item_not_received,1
CASE-3024,67032.53,1,3,0,0,11,28,136814.84,4,0.565,0,4,2,defective,0
CASE-3025,14240.67,17,5,1,0,16,50,8305.76,7,0.892,4,3,3,unauthorized,0
CASE-3026,227.86,4,0,2,1,0,6,298.23,12,0.119,2,6,0,item_not_received,1
CASE-3027,3142.61,9,6,2,1,0,35,7734.55,2,0.538,0,5,1,item_not_received,0
CASE-3028,5207.28,30,1,2,0,1,12,7610.3,3,0.157,4,5,1,defective,0
CASE-3029,118137.49,11,3,0,1,0,44,190159.67,1,0.509,0,4,2,defective,1
CASE-3030,8347.48,7,3,2,0,26,13,8731.29,4,0.51,0,4,2,other,0
CASE-3031,1983.38,19,9,0,0,12,2,2078.07,3,0.545,0,3,3,unauthorized,0
CASE-3032,981.36,4,0,2,1,0,27,1027.99,1,0.302,0,6,0,unauthorized,1
CASE-3033,11837.31,1,3,0,0,16,6,29107.47,0,0.432,4,4,2,duplicate,0
CASE-3034,459.11,18,1,0,1,9,77,691.39,7,0.212,4,5,1,unauthorized,0
CASE-3035,12962.85,2,3,0,1,0,12,15238.62,4,0.526,0,5,1,item_not_received,1
CASE-3036,34172.22,11,0,0,1,0,29,39467.74,1,0.128,0,5,1,item_not_received,1
CASE-3037,673.14,1,3,0,0,6,23,1140.07,4,0.436,1,3,3,defective,0
CASE-3038,46907.77,4,0,0,1,25,18,43193.41,12,0.101,0,6,0,other,1
CASE-3039,337.89,1,1,2,1,20,13,431.86,0,0.41,2,4,2,defective,0
CASE-3040,824.46,16,2,0,1,0,2,959.16,14,0.33,0,6,0,duplicate,1
CASE-3041,1750.04,8,5,0,0,22,6,611.25,0,0.678,2,2,4,item_not_received,0
CASE-3042,15131.5,96,0,0,1,0,50,27580.0,5,0.057,0,5,1,defective,1
CASE-3043,1950.92,4,0,0,1,14,14,2308.47,1,0.102,0,4,2,item_not_received,1
CASE-3044,39191.45,9,1,0,1,0,61,84963.6,4,0.169,1,3,3,unauthorized,1
CASE-3045,1076.82,15,0,0,1,0,24,474.54,14,0.298,0,5,1,defective,1
CASE-3046,714.95,1,1,1,1,0,23,1023.87,4,0.216,5,5,1,defective,1
CASE-3047,609.95,4,0,2,1,3,4,426.52,2,0.296,0,5,1,defective,1
CASE-3048,56905.16,13,0,0,1,0,5,70858.87,3,0.048,0,6,0,defective,1
CASE-3049,3462.5,17,7,3,1,0,37,3235.21,0,0.541,0,4,2,other,0
CASE-3050,48473.67,13,3,2,1,11,12,45158.56,1,0.581,0,3,3,unauthorized,0
CASE-3051,11347.42,12,2,0,0,9,25,3622.56,2,0.492,0,3,3,duplicate,0
CASE-3052,7056.51,16,5,2,1,15,12,13026.45,5,0.409,0,5,1,item_not_received,1
CASE-3053,1147.26,1,2,0,0,2,52,802.63,3,0.214,1,2,4,item_not_received,0
CASE-3054,650.39,4,2,2,1,0,6,1580.71,1,0.152,0,5,1,unauthorized,1
CASE-3055,11060.82,7,0,0,1,0,2,6056.19,8,0.352,2,6,0,item_not_received,1
CASE-3056,62278.18,1,7,0,1,17,16,63688.3,9,0.744,0,5,1,item_not_received,1
CASE-3057,52969.39,1,0,1,1,16,54,22778.76,0,0.317,2,5,1,duplicate,1
CASE-3058,7287.98,55,0,2,1,0,14,8699.59,2,0.494,0,5,1,duplicate,0
CASE-3059,232.53,4,4,2,0,27,28,261.9,1,0.497,0,3,3,duplicate,0
CASE-3060,1762.03,3,2,0,0,5,46,3865.24,0,0.581,0,2,4,item_not_received,0
CASE-3061,1553.58,7,9,4,0,7,16,1562.31,8,1.0,0,4,2,unauthorized,0
CASE-3062,296.9,3,0,2,1,4,81,607.36,8,0.045,6,3,3,duplicate,0
CASE-3063,1468.72,17,0,1,0,26,27,2686.06,9,0.143,0,3,3,duplicate,0
CASE-3064,21858.62,1,3,0,1,0,1,49466.2,0,0.416,0,3,3,duplicate,1
CASE-3065,60677.79,5,7,0,1,18,68,19909.13,7,0.679,0,5,1,unauthorized,0
CASE-3066,1685.1,3,0,0,1,8,27,3231.97,12,0.241,0,4,2,item_not_received,1
CASE-3067,999.86,2,0,1,1,0,7,1624.18,2,0.055,0,3,3,defective,1
CASE-3068,82775.18,7,0,0,0,0,60,114417.09,0,0.349,0,3,3,unauthorized,0
CASE-3069,1565.98,17,9,0,1,3,38,2480.22,3,1.0,0,4,2,defective,1
CASE-3070,39107.27,16,2,0,0,21,23,33947.88,2,0.361,0,4,2,defective,0
CASE-3071,1784.96,11,2,1,1,11,29,1041.05,4,0.197,4,5,1,defective,0
CASE-3072,1073.22,4,0,0,1,19,10,418.11,1,0.217,0,5,1,item_not_received,1
CASE-3073,9431.49,4,1,2,0,7,31,19182.52,3,0.195,1,1,5,defective,0
CASE-3074,215.33,10,1,0,0,14,71,209.19,12,0.744,0,5,1,unauthorized,0
CASE-3075,13467.3,39,6,0,1,0,6,24983.44,0,0.724,3,3,3,item_not_received,1
CASE-3076,14023.66,24,0,0,0,6,4,18710.28,0,0.1,0,2,4,defective,1
CASE-3077,59744.77,11,0,3,0,21,85,64325.01,3,0.043,0,3,3,unauthorized,0
CASE-3078,1235.96,2,8,2,1,29,50,669.04,0,1.0,0,5,1,duplicate,0
CASE-3079,9219.05,27,0,0,0,1,10,8234.45,0,0.085,1,3,3,item_not_received,0
CASE-3080,4036.65,18,0,3,1,0,80,3796.17,4,0.352,0,5,1,item_not_received,1
CASE-3081,3349.88,13,0,0,0,3,21,3675.67,13,0.118,0,3,3,unauthorized,0
CASE-3082,14788.8,7,0,0,0,6,8,24953.2,0,0.347,0,1,5,defective,0
CASE-3083,103392.7,2,0,0,1,0,29,190867.49,4,0.264,5,5,1,unauthorized,0
CASE-3084,997.64,3,0,0,1,15,2,2252.69,6,0.027,0,4,2,other,1
CASE-3085,15545.96,3,0,0,0,8,71,37405.89,2,0.084,1,2,4,item_not_received,0
CASE-3086,6250.03,79,0,0,1,5,10,15398.72,0,0.085,1,5,1,defective,0
CASE-3087,6069.41,99,0,6,1,0,10,2731.34,0,0.028,2,6,0,item_not_received,1
CASE-3088,1107.97,5,0,1,1,0,4,1441.41,0,0.043,0,5,1,item_not_received,1
CASE-3089,18388.27,1,0,2,0,8,1,31482.35,0,0.201,0,4,2,defective,0
CASE-3090,574.4,4,1,1,1,0,19,913.98,1,0.376,0,4,2,defective,0
CASE-3091,11782.35,68,0,0,0,12,11,27007.23,11,0.081,0,4,2,defective,1
CASE-3092,5336.37,32,2,1,1,18,62,2112.77,0,0.261,2,5,1,item_not_received,1
CASE-3093,1570.85,1,3,1,0,20,23,2805.72,2,0.112,0,1,5,item_not_received,0
CASE-3094,727.61,2,2,2,1,0,28,395.09,3,0.678,0,4,2,item_not_received,1
CASE-3095,8745.17,4,0,0,1,0,80,20693.58,14,0.197,0,4,2,defective,1
CASE-3096,1013.15,2,2,0,1,0,66,1665.38,4,0.128,0,4,2,unauthorized,0
CASE-3097,16077.31,5,1,0,1,0,26,12651.23,3,0.278,0,5,1,unauthorized,1
CASE-3098,1711.45,3,0,1,1,4,14,2646.86,4,0.248,3,6,0,other,1
CASE-3099,1570.8,45,0,0,0,0,21,3812.58,0,0.127,0,1,5,unauthorized,0
CASE-3100,6389.96,16,0,2,1,0,5,9668.45,4,0.139,1,4,2,item_not_received,1
CASE-3101,15953.69,4,9,0,1,22,16,22372.08,12,0.966,0,4,2,defective,0
CASE-3102,92730.3,55,0,0,1,0,46,144359.22,1,0.087,0,4,2,item_not_received,1
CASE-3103,67063.94,17,0,0,1,15,9,91698.14,3,0.222,5,5,1,other,1
CASE-3104,10132.34,20,3,4,0,7,1,24291.85,4,0.568,0,2,4,unauthorized,0
CASE-3105,1671.12,4,0,0,1,11,10,4033.09,12,0.055,5,4,2,duplicate,1
CASE-3106,123094.04,3,0,0,1,0,5,56456.57,0,0.124,1,6,0,unauthorized,1
CASE-3107,53658.02,4,0,0,1,12,39,74193.85,10,0.217,0,3,3,item_not_received,0
CASE-3108,1868.71,45,0,2,1,0,78,1933.12,0,0.17,0,5,1,defective,1
CASE-3109,18341.03,17,0,0,1,14,6,39549.16,4,0.077,0,3,3,item_not_received,1
CASE-3110,13673.68,4,0,0,1,0,82,23099.76,0,0.136,0,4,2,unauthorized,1
CASE-3111,24955.42,32,0,0,1,15,5,41545.0,1,0.161,4,4,2,unauthorized,0
CASE-3112,4432.34,3,0,2,1,16,16,8915.1,0,0.141,0,3,3,defective,1
CASE-3113,11430.62,46,3,0,1,0,16,21443.89,8,0.354,0,6,0,unauthorized,1
CASE-3114,1482.25,3,0,1,0,16,4,3336.12,0,0.132,2,4,2,defective,1
CASE-3115,630.73,10,0,0,1,0,14,941.39,2,0.16,0,5,1,item_not_received,1
CASE-3116,704.72,2,0,0,1,0,16,1503.2,1,0.112,0,5,1,other,1
CASE-3117,612.52,4,3,0,1,0,1,357.3,0,0.283,0,5,1,duplicate,1
CASE-3118,1599.06,12,0,0,0,16,57,3675.82,3,0.372,0,2,4,defective,0
CASE-3119,19866.11,7,0,0,1,0,83,28834.43,8,0.075,0,4,2,item_not_received,1
CASE-3120,134218.87,12,8,0,1,0,5,248702.62,0,1.0,0,5,1,duplicate,0
CASE-3121,24998.71,1,0,2,1,0,1,56462.8,10,0.119,0,6,0,duplicate,1
CASE-3122,30871.34,15,5,4,0,15,19,66085.74,2,0.762,0,3,3,item_not_received,0
CASE-3123,9223.54,5,0,0,1,0,5,17294.94,3,0.02,1,4,2,defective,1
CASE-3124,13975.78,3,0,0,0,3,37,18338.64,0,0.167,6,2,4,item_not_received,0
CASE-3125,14229.94,9,0,0,1,4,8,14132.86,0,0.107,2,4,2,item_not_received,1
CASE-3126,105830.95,26,1,0,0,1,6,179732.46,2,0.461,1,3,3,duplicate,0
CASE-3127,1205.46,1,2,0,1,0,17,2788.67,3,0.392,3,5,1,item_not_received,1
CASE-3128,1475.78,18,0,1,1,0,1,1230.34,0,0.301,0,3,3,item_not_received,1
CASE-3129,761.84,4,8,2,0,14,8,795.17,2,0.998,0,4,2,item_not_received,0
CASE-3130,12011.42,7,0,0,1,0,9,17409.05,12,0.151,0,3,3,other,1
CASE-3131,33074.75,10,0,0,1,0,78,57340.57,1,0.275,0,2,4,unauthorized,1
CASE-3132,76354.92,9,0,0,1,0,67,42616.34,12,0.062,2,5,1,other,1
CASE-3133,131077.6,15,0,3,0,10,19,325262.39,0,0.195,0,1,5,defective,0
CASE-3134,3171.23,11,6,7,0,4,46,5402.61,2,0.892,1,2,4,defective,0
CASE-3135,1898.83,17,6,1,1,0,13,1100.98,9,1.0,0,5,1,item_not_received,1
CASE-3136,5327.1,11,0,0,0,9,5,3626.93,2,0.026,0,1,5,item_not_received,1
CASE-3137,1741.39,16,3,0,1,0,25,1147.98,11,0.324,0,6,0,unauthorized,0
CASE-3138,126436.24,13,0,0,0,13,67,281288.3,0,0.232,0,2,4,unauthorized,0
CASE-3139,345.59,8,3,0,1,0,24,118.94,2,0.555,0,6,0,item_not_received,1
CASE-3140,1851.84,4,2,6,1,0,1,3016.13,2,0.716,0,6,0,defective,1
CASE-3141,573.09,10,0,0,1,0,16,672.04,9,0.035,0,4,2,duplicate,1
CASE-3142,26857.28,2,1,0,0,19,28,59242.67,2,0.234,6,1,5,item_not_received,0
CASE-3143,14303.34,17,0,0,0,22,60,33489.72,13,0.079,6,2,4,item_not_received,0
CASE-3144,69225.34,6,3,0,1,0,5,61677.9,8,0.33,1,6,0,defective,1
CASE-3145,16844.95,3,0,0,1,27,23,39300.58,0,0.137,2,3,3,unauthorized,1
CASE-3146,409.55,19,7,0,0,4,26,567.66,0,0.911,0,4,2,defective,0
CASE-3147,1742.71,15,0,1,1,22,6,724.75,10,0.224,0,4,2,defective,1
CASE-3148,4837.68,10,0,0,0,9,8,7845.98,5,0.349,0,2,4,item_not_received,0
CASE-3149,19110.21,78,0,3,0,26,7,6057.7,0,0.186,0,2,4,unauthorized,0
CASE-3150,2951.92,8,3,0,0,6,5,5628.11,3,0.429,0,2,4,defective,0
CASE-3151,41913.22,18,0,0,0,20,5,68774.11,3,0.148,4,2,4,defective,0
CASE-3152,52563.31,75,2,1,0,4,65,109144.17,4,0.342,5,2,4,unauthorized,0
CASE-3153,2231.24,8,8,6,1,14,6,797.03,1,1.0,6,6,0,other,0
CASE-3154,430.52,3,0,0,0,4,16,1034.45,6,0.226,2,4,2,defective,1
CASE-3155,1863.67,4,0,2,0,14,34,3548.67,11,0.301,1,2,4,unauthorized,0
CASE-3156,1780.69,10,3,2,0,26,5,1095.32,0,0.397,0,1,5,defective,0
CASE-3157,7030.21,2,0,0,1,18,28,7463.8,0,0.085,0,6,0,item_not_received,1
CASE-3158,66674.95,8,6,0,1,0,53,146982.99,0,0.762,0,5,1,other,1
CASE-3159,678.48,80,0,1,1,24,27,1137.66,0,0.148,0,6,0,defective,1
CASE-3160,827.27,17,0,0,1,0,81,1904.12,0,0.084,5,2,4,defective,0
CASE-3161,3196.15,4,0,2,1,0,11,6075.81,3,0.246,2,3,3,other,1
CASE-3162,12161.47,11,0,0,0,2,26,12940.52,0,0.028,0,4,2,item_not_received,0
CASE-3163,1098.66,76,6,0,0,29,4,1659.54,8,1.0,1,3,3,defective,0
CASE-3164,1373.9,1,0,1,1,0,3,538.32,8,0.247,2,5,1,defective,1
CASE-3165,52113.24,1,8,2,1,0,4,52324.33,9,0.798,0,6,0,item_not_received,0
CASE-3166,617.48,44,2,2,1,16,4,433.45,0,0.142,0,6,0,duplicate,1
CASE-3167,298.06,33,1,0,1,0,10,112.34,2,0.182,0,4,2,item_not_received,1
CASE-3168,2414.82,12,1,2,0,17,24,5509.8,0,0.174,0,3,3,item_not_received,0
CASE-3169,142887.53,2,0,0,0,25,22,105262.9,1,0.191,1,3,3,item_not_received,1
CASE-3170,452.73,19,2,0,0,27,19,762.69,1,0.128,0,3,3,item_not_received,0
CASE-3171,577.43,3,2,7,1,0,1,824.81,0,0.345,0,4,2,item_not_received,1
CASE-3172,1236.74,64,0,6,1,0,4,928.15,2,0.367,0,4,2,item_not_received,1
CASE-3173,425.35,15,0,1,0,3,3,349.9,0,0.141,0,3,3,item_not_received,0
CASE-3174,8340.35,2,0,0,1,0,66,11746.27,0,0.347,0,3,3,unauthorized,1
CASE-3175,1100.87,2,0,6,1,0,27,365.32,2,0.263,1,4,2,other,0
CASE-3176,30786.24,12,8,0,1,0,29,9380.82,0,0.694,0,5,1,defective,0
CASE-3177,1522.14,9,0,0,1,0,10,3645.81,0,0.013,0,5,1,item_not_received,1
CASE-3178,17020.92,2,0,0,1,4,21,27231.03,0,0.088,0,3,3,item_not_received,0
CASE-3179,108355.2,76,3,0,0,22,71,139726.94,6,0.312,0,4,2,unauthorized,0
CASE-3180,89664.4,1,1,0,0,18,1,81174.39,0,0.383,0,2,4,unauthorized,0
CASE-3181,1978.08,2,1,0,1,0,44,1294.25,4,0.532,0,4,2,item_not_received,1
CASE-3182,119434.64,7,0,0,0,5,42,39925.3,0,0.15,0,2,4,item_not_received,0
CASE-3183,837.28,7,0,0,1,14,6,738.51,1,0.115,6,5,1,unauthorized,1
CASE-3184,87681.94,1,4,1,1,12,5,204623.59,0,0.354,1,5,1,item_not_received,1
CASE-3185,9879.36,4,0,0,0,3,25,20554.51,1,0.106,4,3,3,defective,0
CASE-3186,24875.3,16,0,0,1,0,35,14358.89,4,0.184,6,6,0,unauthorized,1
CASE-3187,1347.62,3,5,0,1,0,1,875.09,4,0.519,0,4,2,unauthorized,1
CASE-3188,1752.59,14,1,0,1,0,5,4039.9,4,0.191,0,6,0,unauthorized,1
CASE-3189,16567.4,9,0,0,1,0,4,12325.77,8,0.093,2,6,0,item_not_received,1
CASE-3190,1984.4,3,3,6,0,8,27,949.24,1,0.799,0,2,4,defective,0
CASE-3191,9032.87,32,3,0,0,5,20,22533.66,3,0.184,0,1,5,defective,1
CASE-3192,123474.56,12,0,2,1,0,1,95567.08,2,0.075,0,5,1,unauthorized,0
CASE-3193,1354.49,16,1,0,1,0,30,2661.88,3,0.121,0,5,1,unauthorized,1
CASE-3194,937.01,16,0,0,1,0,11,496.65,14,0.047,0,5,1,unauthorized,1
CASE-3195,15985.82,12,0,6,1,0,63,22244.68,2,0.251,3,3,3,defective,0
CASE-3196,864.23,12,1,2,1,0,22,958.47,13,0.476,2,5,1,item_not_received,1
CASE-3197,20124.15,3,0,2,0,27,7,23921.22,2,0.33,0,3,3,item_not_received,0
CASE-3198,143621.48,9,0,0,1,13,24,278242.99,3,0.175,0,5,1,other,1
CASE-3199,1693.56,6,0,0,0,4,15,1797.94,1,0.16,0,4,2,unauthorized,0
CASE-3200,110820.72,8,1,0,0,15,2,265815.09,0,0.269,0,2,4,unauthorized,0
CASE-3201,4975.07,1,0,0,0,17,74,2595.3,3,0.134,0,3,3,other,0
CASE-3202,78643.13,5,3,1,1,0,4,118331.45,3,0.241,0,3,3,item_not_received,1
CASE-3203,137636.17,8,9,0,1,15,25,199830.79,12,0.996,0,5,1,duplicate,0
CASE-3204,135960.1,74,5,0,1,0,21,169521.44,3,0.508,0,5,1,item_not_received,1
CASE-3205,16560.85,2,0,3,1,0,21,15676.17,1,0.213,0,4,2,other,1
CASE-3206,138302.76,59,0,0,0,5,12,95429.3,3,0.192,0,2,4,unauthorized,0
CASE-3207,9421.84,2,5,2,0,20,10,3342.03,0,0.441,0,2,4,duplicate,0
CASE-3208,65331.32,2,1,0,1,29,44,128317.63,14,0.249,0,4,2,item_not_received,1
CASE-3209,666.66,95,1,0,1,0,31,769.62,9,0.242,0,5,1,defective,1
CASE-3210,100176.92,1,0,2,1,0,14,45136.67,3,0.235,2,6,0,item_not_received,1
CASE-3211,105542.12,6,0,0,1,0,3,253737.71,0,0.284,0,6,0,unauthorized,1
CASE-3212,10329.44,7,3,3,1,27,54,3628.2,0,0.151,0,5,1,unauthorized,0
CASE-3213,18054.88,27,1,0,1,25,7,23873.65,1,0.384,0,4,2,duplicate,1
CASE-3214,16790.83,16,7,1,1,0,23,34830.44,8,0.879,0,6,0,duplicate,1
CASE-3215,10630.52,18,8,0,1,0,81,22921.93,4,0.641,0,5,1,other,1
CASE-3216,1112.79,11,5,0,0,9,20,2345.8,1,0.366,1,3,3,other,0
CASE-3217,143139.71,11,3,5,1,0,26,338254.29,2,0.319,4,4,2,unauthorized,0
CASE-3218,1698.84,11,0,1,1,0,5,638.95,9,0.359,0,5,1,defective,1
CASE-3219,149930.92,61,3,0,1,0,9,187571.24,0,0.227,0,4,2,unauthorized,1
CASE-3220,10645.3,3,0,0,1,0,2,10992.26,1,0.142,0,4,2,duplicate,0
CASE-3221,3480.96,11,0,2,0,8,27,2066.74,3,0.144,0,1,5,defective,0
CASE-3222,6787.98,3,0,0,1,0,25,5704.69,0,0.246,2,4,2,defective,1
CASE-3223,493.36,6,2,0,1,28,14,1183.32,6,0.656,0,6,0,unauthorized,1
CASE-3224,738.51,4,1,0,1,28,2,531.43,7,0.46,2,6,0,defective,1
CASE-3225,387.19,3,0,2,1,0,5,542.12,13,0.144,4,4,2,item_not_received,1
CASE-3226,10848.68,82,1,2,1,5,12,3322.31,3,0.275,0,3,3,item_not_received,1
CASE-3227,1892.5,16,2,2,0,28,6,4611.24,3,0.199,1,2,4,item_not_received,0
CASE-3228,432.1,40,8,4,0,24,1,602.56,0,0.622,3,3,3,unauthorized,0
CASE-3229,3000.42,13,2,0,1,0,4,3749.46,2,0.535,0,5,1,other,1
CASE-3230,117129.14,11,0,0,0,21,2,246360.43,6,0.029,5,4,2,item_not_received,0
CASE-3231,6040.74,71,0,5,1,0,14,14832.78,11,0.286,2,6,0,duplicate,1
CASE-3232,857.98,9,3,0,1,26,3,1289.68,3,0.581,2,5,1,other,1
CASE-3233,407.95,56,7,0,1,0,13,677.44,0,0.927,0,5,1,item_not_received,1
CASE-3234,15989.4,4,1,1,1,20,5,6966.88,0,0.46,1,5,1,unauthorized,1
CASE-3235,85490.46,36,4,0,0,14,41,51365.07,14,0.523,0,2,4,defective,1
CASE-3236,30064.01,3,0,0,1,29,28,16084.07,6,0.123,1,6,0,other,1
CASE-3237,19557.95,2,6,0,1,0,13,26068.28,4,0.762,0,4,2,item_not_received,1
CASE-3238,52567.26,10,0,1,0,2,6,49236.18,11,0.089,0,3,3,item_not_received,1
CASE-3239,8030.61,1,2,2,1,0,34,2659.76,12,0.63,0,5,1,item_not_received,1
CASE-3240,463.59,9,1,0,1,29,5,867.9,8,0.272,0,5,1,item_not_received,1
CASE-3241,733.22,15,2,2,1,0,27,1577.39,2,0.211,0,3,3,unauthorized,0
CASE-3242,123862.89,57,2,0,0,26,1,308553.32,7,0.257,0,3,3,unauthorized,0
CASE-3243,99234.72,83,1,0,0,22,3,145487.43,13,0.432,0,6,0,unauthorized,0
CASE-3244,797.85,11,7,0,1,26,9,1006.56,4,0.79,6,5,1,unauthorized,0
CASE-3245,1209.57,3,2,0,1,0,24,2606.05,4,0.35,0,4,2,unauthorized,1
CASE-3246,3243.39,44,0,6,0,16,23,6035.44,2,0.244,0,2,4,defective,0
CASE-3247,1683.17,16,0,1,1,0,3,817.55,1,0.049,0,4,2,defective,0
CASE-3248,663.56,11,3,4,1,0,21,594.43,2,0.187,0,3,3,other,0
CASE-3249,526.14,12,2,0,1,0,29,1145.4,2,0.337,0,6,0,duplicate,1
CASE-3250,79219.32,16,2,5,1,21,3,112963.59,10,0.11,0,5,1,defective,0
CASE-3251,693.65,12,5,1,0,25,76,908.75,2,0.618,0,4,2,duplicate,0
CASE-3252,1099.19,3,1,0,1,0,22,2735.57,0,0.438,0,4,2,defective,1
CASE-3253,438.77,11,2,5,0,5,9,654.85,4,0.195,5,1,5,duplicate,0
CASE-3254,1321.86,4,1,2,1,0,4,2825.52,13,0.346,0,5,1,item_not_received,1
CASE-3255,1084.69,4,9,1,1,18,1,1827.81,0,1.0,0,5,1,item_not_received,0
CASE-3256,41324.11,2,6,1,1,0,81,93707.54,0,0.769,0,4,2,defective,0
CASE-3257,1584.14,4,0,1,0,5,24,2940.11,7,0.196,0,3,3,unauthorized,0
CASE-3258,23009.29,13,3,0,1,12,2,22004.34,0,0.58,2,5,1,item_not_received,1
CASE-3259,496.47,9,9,0,1,0,25,1205.24,0,1.0,0,4,2,duplicate,1
CASE-3260,41132.51,19,0,5,1,2,4,73439.27,4,0.079,0,5,1,defective,1
CASE-3261,15487.49,29,9,0,1,0,26,38401.66,3,0.884,0,6,0,unauthorized,0
CASE-3262,1010.68,5,0,0,1,1,9,2195.89,0,0.069,0,2,4,item_not_received,1
CASE-3263,3271.75,4,2,0,0,19,2,2998.75,1,0.157,0,1,5,unauthorized,0
CASE-3264,558.76,18,0,1,1,0,1,1069.61,4,0.134,0,5,1,defective,1
CASE-3265,6364.54,57,0,0,1,0,67,6998.25,4,0.119,2,3,3,item_not_received,1
CASE-3266,2549.45,2,0,0,1,0,31,3910.69,0,0.165,0,6,0,defective,1
CASE-3267,58380.16,1,0,0,0,7,1,56852.57,3,0.068,0,3,3,other,0
CASE-3268,70578.24,9,2,2,1,0,79,44726.08,0,0.317,0,4,2,defective,1
CASE-3269,2435.45,35,5,0,0,5,6,3652.58,2,0.657,0,3,3,defective,0
CASE-3270,52650.73,67,1,0,1,24,2,116948.94,3,0.215,3,4,2,unauthorized,0
CASE-3271,21852.48,6,6,0,1,0,18,38107.81,1,0.809,2,3,3,item_not_received,0
CASE-3272,427.29,17,0,0,1,0,5,977.28,2,0.022,1,3,3,item_not_received,1
CASE-3273,49899.46,2,3,2,0,18,18,33340.9,4,0.234,0,3,3,unauthorized,0
CASE-3274,5771.85,1,0,0,1,0,26,7505.86,3,0.267,1,5,1,item_not_received,1
CASE-3275,127312.45,3,2,2,1,28,25,228110.41,3,0.543,0,4,2,item_not_received,1
CASE-3276,1778.1,12,3,0,1,0,82,2576.05,4,0.289,0,6,0,unauthorized,1
CASE-3277,141014.08,1,0,0,0,18,3,193179.76,11,0.063,0,4,2,unauthorized,0
CASE-3278,45969.56,10,0,0,1,18,27,63528.83,4,0.294,0,6,0,unauthorized,1
CASE-3279,679.15,38,1,5,1,0,14,1024.44,2,0.167,2,3,3,item_not_received,1
CASE-3280,135608.27,4,1,4,0,26,3,311892.76,5,0.107,2,5,1,duplicate,0
CASE-3281,1174.83,3,0,2,1,16,10,2400.65,0,0.214,0,5,1,other,1
CASE-3282,16704.45,1,4,1,1,17,29,8429.4,4,0.708,0,6,0,unauthorized,0
CASE-3283,111107.4,9,5,0,1,0,7,230785.35,2,0.877,0,4,2,item_not_received,0
CASE-3284,1628.74,19,0,0,1,20,3,3714.95,4,0.243,2,5,1,other,0
CASE-3285,1314.49,3,0,1,1,0,21,1811.98,0,0.166,0,5,1,other,1
CASE-3286,38255.78,7,4,0,1,28,15,93692.35,6,0.437,2,4,2,unauthorized,1
CASE-3287,12622.93,84,6,0,0,5,11,31063.62,1,0.569,1,3,3,item_not_received,0
CASE-3288,8755.68,39,3,0,0,14,6,13229.38,1,0.366,0,0,6,defective,0
CASE-3289,98507.6,1,2,0,1,23,58,112337.71,1,0.237,0,5,1,unauthorized,1
CASE-3290,59033.35,7,0,0,1,13,32,128807.12,1,0.144,3,4,2,item_not_received,1
CASE-3291,84825.04,1,3,0,1,7,3,176023.75,0,0.924,3,4,2,unauthorized,0
CASE-3292,1651.56,10,1,2,0,1,23,2761.36,2,0.224,0,3,3,item_not_received,0
CASE-3293,903.44,19,1,0,1,0,6,1837.88,1,0.301,2,5,1,duplicate,1
CASE-3294,18427.81,4,2,0,0,22,14,38263.02,12,0.358,0,4,2,other,1
CASE-3295,11866.66,3,0,0,1,18,6,25578.48,0,0.095,0,5,1,unauthorized,1
CASE-3296,88908.79,2,2,0,1,0,13,159985.76,10,0.271,0,5,1,other,1
CASE-3297,141822.84,47,0,0,1,24,7,154002.83,3,0.2,2,4,2,item_not_received,1
CASE-3298,14299.52,4,0,0,0,10,29,19598.16,4,0.035,2,3,3,unauthorized,0
CASE-3299,442.43,11,0,0,1,18,82,1031.19,2,0.3,0,5,1,defective,0
CASE-3300,17340.85,17,0,2,1,8,58,26976.29,3,0.049,0,5,1,item_not_received,0
CASE-3301,24459.2,20,1,0,1,0,12,52124.3,3,0.05,0,5,1,other,1
CASE-3302,18411.24,3,4,0,0,13,1,23153.41,2,0.538,0,4,2,item_not_received,0
CASE-3303,144627.34,19,5,2,1,0,55,325294.98,12,0.759,0,4,2,defective,0
CASE-3304,13907.65,28,8,1,1,0,2,16149.83,1,0.636,0,5,1,item_not_received,1
CASE-3305,81174.2,11,3,0,1,0,59,170092.44,0,0.684,0,5,1,unauthorized,0
CASE-3306,69083.85,2,1,2,1,5,13,103722.54,1,0.331,0,6,0,unauthorized,0
CASE-3307,29602.21,1,5,0,1,14,12,27194.8,0,0.502,2,4,2,item_not_received,0
CASE-3308,10521.37,4,0,3,0,27,48,10348.97,3,0.082,4,3,3,item_not_received,0
CASE-3309,125097.31,3,7,4,1,0,13,311046.6,11,0.797,0,5,1,item_not_received,1
CASE-3310,279.91,19,0,0,0,11,25,297.56,0,0.023,0,3,3,duplicate,0
CASE-3311,494.2,10,2,0,1,0,6,956.35,3,0.342,2,2,4,unauthorized,1
CASE-3312,1057.02,1,9,0,1,0,6,1505.48,2,0.892,1,4,2,item_not_received,0
CASE-3313,1884.43,13,9,1,1,24,10,3927.25,2,1.0,1,3,3,defective,0
CASE-3314,4306.14,97,0,0,0,28,2,3424.6,2,0.092,0,3,3,other,1
CASE-3315,3398.45,48,3,0,0,29,26,3918.31,4,0.521,0,3,3,other,0
CASE-3316,1871.06,4,0,2,0,10,29,1781.79,2,0.086,2,2,4,item_not_received,0
CASE-3317,342.1,13,9,0,1,8,4,588.63,0,0.975,0,3,3,item_not_received,0
CASE-3318,101970.34,6,1,0,1,0,85,40482.39,0,0.18,0,5,1,other,1
CASE-3319,6651.71,1,9,0,1,0,2,12179.34,9,0.653,0,4,2,unauthorized,1
CASE-3320,1881.55,2,0,0,1,9,15,3006.73,14,0.014,1,6,0,duplicate,0
CASE-3321,82181.54,7,0,0,1,0,22,54773.02,1,0.436,0,5,1,duplicate,1
CASE-3322,1419.86,5,0,0,1,0,3,2134.57,4,0.128,0,6,0,defective,1
CASE-3323,1986.63,4,2,0,0,22,4,831.56,9,0.346,0,3,3,item_not_received,0
CASE-3324,8372.38,12,1,2,0,1,2,15573.81,5,0.391,1,3,3,defective,0
CASE-3325,779.94,12,7,0,1,0,6,1793.37,10,1.0,0,4,2,unauthorized,0
CASE-3326,1420.97,7,0,7,0,23,26,2116.3,0,0.228,5,2,4,duplicate,0
CASE-3327,82838.34,4,2,0,1,0,38,161246.93,2,0.275,2,5,1,unauthorized,1
CASE-3328,5088.74,10,2,2,0,0,23,2422.01,1,0.157,2,2,4,item_not_received,0
CASE-3329,1918.94,19,3,0,1,0,8,1787.92,12,0.918,0,5,1,unauthorized,0
CASE-3330,1970.34,4,0,0,0,29,15,2598.75,4,0.099,0,3,3,unauthorized,0
CASE-3331,13214.4,15,0,0,0,6,28,27860.9,14,0.064,5,3,3,unauthorized,0
CASE-3332,113418.99,2,0,0,1,0,17,238860.97,14,0.134,2,5,1,defective,1
CASE-3333,386.1,16,8,2,1,21,29,317.24,1,1.0,0,4,2,item_not_received,1
CASE-3334,390.58,1,2,5,0,0,18,207.13,7,0.441,2,4,2,item_not_received,0
CASE-3335,117174.65,14,1,0,0,29,1,238877.7,1,0.327,0,5,1,defective,0
CASE-3336,100311.55,42,8,1,0,22,3,125607.76,9,0.454,0,3,3,item_not_received,0
CASE-3337,14981.1,6,2,2,1,7,21,22927.77,0,0.265,0,5,1,defective,0
CASE-3338,15552.93,18,1,0,1,20,20,15067.47,4,0.259,3,5,1,duplicate,1
CASE-3339,98533.23,4,0,2,0,23,21,146898.02,0,0.101,1,1,5,defective,0
CASE-3340,6607.06,91,0,0,0,12,6,4079.12,8,0.239,0,3,3,unauthorized,0
CASE-3341,10036.76,59,8,0,0,14,22,5685.76,0,0.779,0,4,2,duplicate,0
CASE-3342,11335.79,3,0,2,0,9,28,8682.78,2,0.098,1,1,5,defective,0
CASE-3343,1945.35,1,9,0,1,0,54,3843.43,3,0.842,2,5,1,item_not_received,0
CASE-3344,84109.48,3,0,2,1,0,24,162594.29,1,0.134,5,4,2,item_not_received,0
CASE-3345,8479.25,13,1,0,1,0,14,20818.62,4,0.234,0,6,0,item_not_received,1
CASE-3346,10883.63,48,0,2,0,27,23,6686.42,0,0.047,5,2,4,duplicate,0
CASE-3347,1657.23,7,2,0,0,24,2,1139.39,2,0.372,0,1,5,item_not_received,1
CASE-3348,9070.8,1,0,0,1,0,5,7793.04,0,0.136,0,4,2,item_not_received,1
CASE-3349,3017.29,43,2,0,0,9,4,5638.25,3,0.272,1,3,3,unauthorized,0
CASE-3350,1230.69,3,0,7,1,0,25,2523.84,4,0.187,0,6,0,item_not_received,1
CASE-3351,17925.72,9,0,2,1,0,25,30420.8,13,0.106,1,5,1,other,1
CASE-3352,669.15,8,0,0,1,0,60,1660.35,3,0.152,3,5,1,defective,1
CASE-3353,19584.09,4,6,4,0,18,15,9294.39,14,0.565,0,3,3,item_not_received,0
CASE-3354,531.45,19,0,0,0,17,5,202.39,2,0.068,0,2,4,item_not_received,0
CASE-3355,43357.71,3,2,1,1,0,39,19426.3,0,0.397,0,5,1,unauthorized,1
CASE-3356,11382.31,67,1,0,1,0,24,14138.06,4,0.321,0,6,0,duplicate,1
CASE-3357,14479.04,2,3,0,0,28,29,17092.18,12,0.351,0,3,3,defective,0
CASE-3358,16088.87,2,3,2,1,28,2,28282.48,0,0.128,0,4,2,defective,0
CASE-3359,9966.88,51,0,1,0,1,27,7161.23,0,0.127,5,3,3,duplicate,0
CASE-3360,445.43,13,3,0,0,6,13,187.27,0,0.52,0,4,2,defective,0
CASE-3361,121486.92,14,8,0,1,28,4,181362.94,2,1.0,2,5,1,other,1
CASE-3362,206.25,1,0,0,1,0,46,118.95,4,0.11,0,4,2,defective,0
CASE-3363,141489.36,1,0,0,1,0,7,147011.85,4,0.122,0,5,1,item_not_received,1
CASE-3364,10618.89,3,0,0,1,0,26,21733.27,0,0.325,0,5,1,unauthorized,1
CASE-3365,1215.23,3,1,2,1,0,26,551.65,13,0.089,0,5,1,item_not_received,1
CASE-3366,7715.95,10,0,1,1,17,3,3534.24,3,0.309,0,5,1,defective,1
CASE-3367,15887.39,7,0,0,1,0,45,22847.5,2,0.104,3,4,2,unauthorized,0
CASE-3368,668.26,8,1,2,0,17,24,276.68,3,0.65,0,2,4,defective,0
CASE-3369,16975.25,62,0,0,1,0,5,37206.29,13,0.168,0,4,2,item_not_received,1
CASE-3370,10043.17,3,0,0,1,12,47,24576.82,1,0.162,1,5,1,unauthorized,1
CASE-3371,19600.6,80,0,1,1,0,11,33806.91,3,0.053,2,4,2,duplicate,1
CASE-3372,307.55,94,0,2,1,9,31,140.89,4,0.115,1,6,0,item_not_received,1
CASE-3373,1879.94,1,0,2,1,0,49,4000.1,2,0.033,0,4,2,unauthorized,0
CASE-3374,729.23,3,9,1,0,6,15,759.99,1,0.838,0,4,2,duplicate,0
CASE-3375,111312.76,4,9,1,1,14,6,54426.15,0,0.847,0,5,1,duplicate,0
CASE-3376,297.81,53,0,0,1,27,58,336.26,2,0.087,0,5,1,duplicate,1
CASE-3377,78470.72,90,0,2,0,3,27,129371.32,9,0.051,1,3,3,item_not_received,0
CASE-3378,1033.39,4,0,0,0,24,5,1374.37,1,0.104,0,2,4,defective,0
CASE-3379,8869.93,7,0,5,1,23,9,5654.02,2,0.025,1,6,0,defective,1
CASE-3380,3000.41,4,7,1,1,0,59,6763.97,2,0.789,0,4,2,item_not_received,0
CASE-3381,41719.74,14,7,0,1,0,5,52527.23,9,0.79,6,6,0,unauthorized,1
CASE-3382,65503.08,1,0,0,1,15,6,117381.18,0,0.212,4,6,0,duplicate,1
CASE-3383,17348.35,66,5,0,1,0,6,22414.76,13,0.589,0,4,2,duplicate,1
CASE-3384,648.87,10,0,0,1,13,30,396.98,2,0.034,0,5,1,unauthorized,1
CASE-3385,4562.64,1,7,2,1,23,18,9445.06,9,0.844,0,5,1,item_not_received,1
CASE-3386,6000.13,13,0,0,1,26,29,13717.66,13,0.086,0,6,0,item_not_received,1
CASE-3387,1653.29,3,0,4,1,0,8,4123.04,0,0.057,0,6,0,item_not_received,1
CASE-3388,11363.6,3,0,2,0,5,3,21818.23,11,0.348,0,2,4,defective,0
CASE-3389,1451.15,18,3,1,0,26,30,3293.01,7,0.497,0,1,5,item_not_received,0
CASE-3390,19841.18,9,3,3,1,15,10,31244.6,4,0.504,0,4,2,unauthorized,1
CASE-3391,15738.51,9,1,0,0,21,81,33122.24,0,0.359,0,4,2,defective,0
CASE-3392,11425.61,19,0,0,1,0,4,5602.36,0,0.091,2,5,1,item_not_received,1
CASE-3393,330.6,5,0,0,1,9,1,431.49,3,0.035,0,4,2,unauthorized,1
CASE-3394,7377.08,4,3,0,1,0,21,15718.13,0,0.418,4,5,1,item_not_received,1
CASE-3395,1660.29,12,5,0,1,2,24,787.97,0,0.629,0,5,1,unauthorized,0
CASE-3396,3089.15,10,0,1,0,26,26,5495.1,0,0.187,0,3,3,unauthorized,0
CASE-3397,6274.18,2,0,1,0,23,82,5080.0,0,0.159,2,2,4,defective,0
CASE-3398,90531.94,2,3,0,1,0,24,181170.87,0,0.491,0,6,0,unauthorized,0
CASE-3399,15630.82,1,6,0,1,6,11,29978.97,1,0.857,0,4,2,item_not_received,1
CASE-3400,146772.96,18,3,2,1,6,2,332340.45,3,0.928,0,4,2,duplicate,1
CASE-3401,912.26,4,0,2,1,0,4,1331.35,2,0.147,6,2,4,item_not_received,1
CASE-3402,493.3,3,0,0,1,4,14,1122.6,0,0.354,2,5,1,defective,1
CASE-3403,11708.23,5,3,2,0,27,20,12383.47,3,0.283,0,2,4,item_not_received,0
CASE-3404,6879.23,3,6,0,1,0,1,11969.51,0,0.382,2,6,0,unauthorized,0
CASE-3405,10757.14,18,2,2,1,23,25,18331.34,4,0.225,3,6,0,other,1
CASE-3406,527.39,1,1,0,0,17,1,1313.15,3,0.438,0,2,4,other,0
CASE-3407,10880.08,4,8,1,1,0,28,26839.22,4,0.978,0,4,2,item_not_received,0
CASE-3408,1500.25,17,0,1,0,18,5,2410.7,4,0.107,0,5,1,unauthorized,1
CASE-3409,5425.13,3,5,1,0,13,22,3826.74,1,0.654,4,1,5,item_not_received,0
CASE-3410,20530.96,15,0,0,1,4,21,37240.33,11,0.23,0,3,3,defective,1
CASE-3411,11350.75,9,3,2,1,0,39,10488.97,1,0.345,0,5,1,unauthorized,1
CASE-3412,1507.39,29,1,2,1,9,23,3115.09,7,0.125,2,5,1,item_not_received,1
CASE-3413,2148.91,9,1,0,1,20,47,4523.06,5,0.162,1,4,2,duplicate,1
CASE-3414,502.95,3,1,5,0,12,11,355.55,0,0.104,0,2,4,unauthorized,0
CASE-3415,127761.85,55,2,2,1,0,23,139524.28,2,0.297,0,6,0,unauthorized,0
CASE-3416,14664.1,13,4,0,1,0,9,22042.99,0,0.373,0,4,2,item_not_received,1
CASE-3417,1133.94,59,0,3,1,0,3,2752.96,0,0.04,0,4,2,item_not_received,1
CASE-3418,1557.62,18,0,0,1,0,21,3495.79,0,0.231,0,5,1,unauthorized,1
CASE-3419,63078.76,81,2,0,1,0,25,43445.12,0,0.384,0,4,2,defective,0
CASE-3420,1216.98,10,1,2,1,1,19,1200.8,4,0.21,0,4,2,defective,1
CASE-3421,16605.86,69,1,0,1,12,34,36943.32,4,0.273,0,6,0,item_not_received,1
CASE-3422,1016.73,3,1,0,1,0,5,1299.51,0,0.458,3,4,2,item_not_received,1
CASE-3423,733.5,3,0,0,1,17,16,364.38,0,0.028,0,6,0,duplicate,1
CASE-3424,5981.21,3,1,0,0,6,81,8394.6,2,0.339,0,3,3,defective,0
CASE-3425,1277.88,14,0,0,0,20,3,1196.69,0,0.112,0,1,5,unauthorized,0
CASE-3426,1717.94,68,0,2,0,27,11,1796.14,0,0.091,0,4,2,item_not_received,0
CASE-3427,685.02,74,2,0,0,17,48,1533.73,1,0.277,1,2,4,item_not_received,0
CASE-3428,1011.86,10,6,0,1,11,19,2212.12,0,0.852,2,5,1,item_not_received,1
CASE-3429,5931.51,3,0,1,1,0,9,7663.9,3,0.03,3,5,1,duplicate,1
CASE-3430,19955.17,12,0,2,0,29,27,19849.32,4,0.06,0,4,2,unauthorized,0
CASE-3431,1359.51,18,1,7,1,0,29,1748.59,0,0.425,0,6,0,other,0
CASE-3432,43230.19,4,4,0,1,0,14,88963.76,7,0.546,4,6,0,item_not_received,1
CASE-3433,5956.08,4,3,0,0,20,13,6564.61,4,0.337,0,3,3,unauthorized,0
CASE-3434,807.92,5,3,1,1,0,17,382.43,0,0.334,0,3,3,unauthorized,0
CASE-3435,75449.1,3,3,0,1,0,3,86558.51,4,0.192,2,5,1,item_not_received,1
CASE-3436,110772.86,7,0,0,0,5,1,157990.73,4,0.18,6,3,3,duplicate,0
CASE-3437,896.37,5,1,0,1,0,15,693.02,2,0.521,0,5,1,item_not_received,1
CASE-3438,47236.47,1,2,0,0,12,86,76625.51,7,0.417,3,1,5,item_not_received,0
CASE-3439,69914.24,2,3,0,0,0,12,40555.81,1,0.381,2,3,3,unauthorized,0
CASE-3440,149785.49,8,0,0,0,6,70,356088.34,0,0.227,6,4,2,item_not_received,0
CASE-3441,90535.51,2,1,0,1,3,19,93420.35,0,0.17,0,3,3,unauthorized,1
CASE-3442,6692.9,15,2,0,1,2,18,2304.07,12,0.141,2,5,1,item_not_received,1
CASE-3443,1585.61,1,4,1,1,0,6,916.25,2,0.604,0,5,1,duplicate,0
CASE-3444,204.25,20,5,4,1,18,15,450.52,2,0.509,0,4,2,item_not_received,1
CASE-3445,1167.38,16,1,0,1,7,5,1700.39,3,0.041,0,4,2,item_not_received,1
CASE-3446,17391.71,1,0,4,1,0,30,24903.04,2,0.046,0,5,1,unauthorized,1
CASE-3447,1106.12,68,3,0,1,0,22,1119.53,1,0.577,2,4,2,unauthorized,1
CASE-3448,9863.01,7,0,4,1,0,25,22270.4,13,0.141,5,4,2,item_not_received,0
CASE-3449,629.25,1,0,2,1,0,87,555.48,0,0.106,0,5,1,item_not_received,1
CASE-3450,1432.28,1,6,0,0,11,8,3345.78,3,0.444,0,1,5,item_not_received,0
CASE-3451,139108.34,3,6,0,1,0,50,290825.98,14,0.702,2,5,1,unauthorized,1
CASE-3452,222.57,29,0,1,1,4,15,76.48,2,0.202,1,6,0,unauthorized,1
CASE-3453,17976.86,4,3,0,0,22,7,35140.14,13,0.44,0,4,2,item_not_received,0
CASE-3454,1582.04,19,6,0,1,0,19,3323.19,0,0.553,0,4,2,defective,0
CASE-3455,55071.44,3,1,0,0,0,2,118180.26,12,0.242,0,5,1,item_not_received,0
CASE-3456,148123.35,3,2,3,0,9,4,236880.44,9,0.314,0,3,3,item_not_received,0
CASE-3457,1204.78,2,3,0,0,4,54,1642.65,3,0.475,2,4,2,unauthorized,0
CASE-3458,1314.79,7,1,0,0,25,5,3018.27,5,0.172,0,2,4,item_not_received,0
CASE-3459,293.6,40,0,1,1,0,13,668.04,6,0.065,1,5,1,item_not_received,1
CASE-3460,1110.83,2,4,1,1,20,4,1815.21,1,0.608,0,6,0,defective,1
CASE-3461,3349.46,13,0,0,1,0,14,4375.44,9,0.175,0,4,2,unauthorized,1
CASE-3462,51675.0,18,0,1,1,0,15,43288.14,2,0.091,0,5,1,unauthorized,1
CASE-3463,14228.82,6,3,0,1,14,19,11372.87,2,0.436,2,4,2,unauthorized,0
CASE-3464,1212.41,6,8,3,1,9,52,2799.4,12,1.0,0,6,0,defective,0
CASE-3465,1627.48,11,3,2,1,20,29,1532.54,0,0.318,0,4,2,unauthorized,1
CASE-3466,26178.1,79,1,5,1,0,45,61402.02,0,0.241,4,3,3,item_not_received,0
CASE-3467,8124.95,2,0,0,1,0,11,18589.84,11,0.319,2,5,1,unauthorized,0
CASE-3468,81270.51,5,0,0,0,4,5,55923.95,4,0.194,0,3,3,defective,0
CASE-3469,1644.55,54,1,3,1,0,21,805.67,14,0.1,0,6,0,unauthorized,1
CASE-3470,577.4,3,1,0,1,4,4,1038.48,3,0.384,1,3,3,defective,1
CASE-3471,635.89,91,3,0,0,9,4,1010.29,0,0.449,0,0,6,unauthorized,0
CASE-3472,56252.98,4,0,0,0,23,21,130139.38,0,0.068,1,1,5,unauthorized,0
CASE-3473,22426.2,11,0,2,1,0,29,17512.14,2,0.292,0,5,1,duplicate,1
CASE-3474,112169.31,2,6,0,1,10,13,151261.64,1,0.698,0,4,2,defective,0
CASE-3475,1678.25,35,1,0,0,19,79,2033.13,8,0.125,3,4,2,unauthorized,0
CASE-3476,9969.39,17,1,0,1,0,76,7693.48,10,0.119,0,6,0,item_not_received,1
CASE-3477,1372.73,99,2,0,0,0,5,1553.25,2,0.167,0,2,4,other,0
CASE-3478,1128.52,9,0,0,0,11,25,893.68,1,0.209,0,2,4,duplicate,0
CASE-3479,4112.24,11,0,0,1,18,11,8876.82,3,0.048,0,4,2,other,1
CASE-3480,10846.48,6,0,0,1,8,3,5670.53,3,0.125,0,4,2,item_not_received,1
CASE-3481,18961.99,13,0,0,1,5,2,15094.39,1,0.169,0,3,3,item_not_received,1
CASE-3482,1068.4,16,0,0,1,0,20,1119.02,1,0.275,2,3,3,item_not_received,1
CASE-3483,2225.12,3,1,0,1,26,5,3192.06,1,0.241,0,5,1,item_not_received,1
CASE-3484,16170.34,3,2,1,0,7,22,17946.51,3,0.521,0,3,3,unauthorized,0
CASE-3485,1205.64,10,2,0,1,0,13,2383.43,13,0.186,0,5,1,defective,1
CASE-3486,12470.5,1,3,0,1,3,6,13855.05,0,0.439,0,5,1,duplicate,1
CASE-3487,491.25,3,2,0,1,0,41,348.99,4,0.278,0,4,2,duplicate,1
CASE-3488,1438.82,16,6,2,0,6,73,3583.37,3,1.0,0,2,4,defective,0
CASE-3489,1012.74,6,3,0,1,0,35,1040.4,1,0.49,0,4,2,item_not_received,1
CASE-3490,1072.25,4,0,0,1,17,17,2069.07,4,0.229,0,6,0,unauthorized,1
CASE-3491,11150.51,71,7,0,0,16,23,26088.24,2,0.685,0,3,3,duplicate,0
CASE-3492,624.76,4,0,6,0,21,4,1223.24,0,0.101,0,2,4,defective,0
CASE-3493,106078.66,13,1,2,0,20,27,173699.53,3,0.26,4,2,4,unauthorized,0
CASE-3494,12551.06,13,3,0,1,7,6,27120.84,4,0.548,0,5,1,other,1
CASE-3495,1279.49,9,0,1,1,0,77,601.64,14,0.079,2,6,0,defective,0
CASE-3496,12280.33,15,1,0,1,15,4,25110.7,14,0.121,2,4,2,item_not_received,1
CASE-3497,944.01,9,0,5,0,28,25,1798.2,3,0.339,5,2,4,unauthorized,0
CASE-3498,1948.55,96,3,1,1,7,7,3409.3,0,0.407,0,4,2,item_not_received,1
CASE-3499,17682.72,2,0,4,1,0,18,33470.31,1,0.101,0,5,1,other,0
CASE-3500,1747.87,2,3,1,1,0,1,1327.95,2,0.403,0,3,3,defective,0
CASE-3501,1703.29,10,0,2,1,0,12,3847.14,0,0.243,0,6,0,defective,1
CASE-3502,43484.42,13,1,1,1,0,10,36215.77,10,0.275,1,6,0,item_not_received,1
CASE-3503,1673.08,3,6,1,1,0,25,1729.61,0,0.926,0,5,1,unauthorized,0
CASE-3504,2778.62,15,0,0,1,0,5,1722.88,2,0.101,0,3,3,item_not_received,1
CASE-3505,1455.37,3,0,1,0,14,4,3581.7,0,0.025,5,3,3,duplicate,0
CASE-3506,737.4,4,8,2,1,0,2,312.21,12,1.0,0,5,1,item_not_received,0
CASE-3507,915.13,10,9,0,1,0,22,420.97,1,1.0,2,3,3,item_not_received,1
CASE-3508,10150.45,77,3,1,1,2,2,24884.26,4,0.577,0,6,0,unauthorized,0
CASE-3509,19743.26,14,0,0,1,28,6,22814.57,0,0.28,0,3,3,item_not_received,1
CASE-3510,95488.22,14,0,0,1,0,3,135516.47,8,0.181,2,4,2,item_not_received,1
CASE-3511,35285.39,6,0,1,0,2,86,27106.38,4,0.142,1,2,4,item_not_received,0
CASE-3512,1703.61,11,7,2,1,14,16,972.05,14,0.904,0,5,1,duplicate,0
CASE-3513,5880.65,1,5,1,0,27,84,2009.32,1,0.787,1,2,4,item_not_received,0
CASE-3514,12542.17,64,0,0,0,28,7,13445.93,2,0.126,4,4,2,duplicate,0
CASE-3515,325.65,16,0,0,1,14,27,791.5,9,0.134,0,4,2,defective,1
CASE-3516,1767.67,2,6,0,1,0,5,3700.76,3,0.753,0,3,3,defective,0
CASE-3517,861.04,46,0,0,1,0,14,644.78,13,0.141,2,5,1,unauthorized,1
CASE-3518,116246.08,1,0,0,0,21,5,124241.44,0,0.168,1,5,1,item_not_received,0
CASE-3519,98475.27,16,2,1,0,21,20,114920.79,6,0.661,0,4,2,other,1
CASE-3520,59559.51,9,4,0,0,23,4,48651.49,1,0.584,0,1,5,duplicate,0
CASE-3521,2098.17,60,4,0,0,16,6,3424.2,12,0.526,0,4,2,unauthorized,0
CASE-3522,12286.19,2,5,0,0,28,1,29150.04,0,0.967,0,2,4,item_not_received,0
CASE-3523,1068.05,63,0,0,0,19,1,1674.22,14,0.171,0,3,3,item_not_received,1
CASE-3524,1000.44,6,2,0,1,0,28,1361.05,0,0.338,3,4,2,other,1
CASE-3525,10435.65,2,0,0,1,4,6,16591.22,2,0.112,2,4,2,defective,1
CASE-3526,13594.53,11,0,0,1,11,5,17349.26,1,0.184,0,2,4,defective,1
CASE-3527,1157.21,77,7,1,0,17,25,2716.62,0,0.578,0,2,4,other,0
CASE-3528,16311.31,1,1,0,1,0,71,34300.57,3,0.329,0,6,0,defective,1
CASE-3529,13809.53,18,0,0,1,0,10,33659.24,2,0.094,0,2,4,unauthorized,0
CASE-3530,1112.5,6,7,0,1,11,5,1813.48,0,1.0,0,6,0,defective,0
CASE-3531,1638.06,19,4,0,1,0,1,2408.46,1,0.576,6,4,2,unauthorized,1
CASE-3532,904.51,81,0,1,0,7,25,1433.48,0,0.332,0,3,3,duplicate,0
CASE-3533,1343.78,2,0,1,1,0,17,1288.55,0,0.052,4,5,1,item_not_received,1
CASE-3534,93864.38,1,0,0,1,0,15,67447.23,3,0.062,1,2,4,item_not_received,1
CASE-3535,1758.48,3,3,0,1,0,24,2924.77,3,0.557,0,6,0,defective,0
CASE-3536,5978.61,13,0,0,1,0,5,10177.3,4,0.11,0,5,1,item_not_received,1
CASE-3537,8638.89,3,0,1,0,10,6,20998.59,0,0.398,0,3,3,unauthorized,0
CASE-3538,61060.0,52,2,1,1,0,5,64861.43,4,0.509,0,6,0,item_not_received,1
CASE-3539,1688.13,23,0,1,1,6,19,3242.14,2,0.043,6,5,1,item_not_received,1
CASE-3540,1661.93,7,3,6,1,0,20,2332.7,6,0.921,2,6,0,item_not_received,1
CASE-3541,1175.93,85,0,0,1,0,9,1294.22,0,0.202,0,3,3,defective,0
CASE-3542,1296.54,5,0,0,1,0,4,415.74,4,0.279,1,5,1,defective,1
CASE-3543,1634.74,6,3,0,1,0,13,1468.94,3,0.405,0,3,3,defective,1
CASE-3544,12176.72,48,0,0,1,10,3,11617.71,2,0.047,1,6,0,unauthorized,0
CASE-3545,1772.99,12,0,2,1,19,48,1463.46,2,0.082,0,3,3,defective,1
CASE-3546,127255.56,10,0,1,1,0,82,126643.71,6,0.072,0,6,0,defective,1
CASE-3547,97878.4,81,0,0,0,14,13,72127.98,1,0.029,0,2,4,item_not_received,0
CASE-3548,55817.49,19,0,0,0,16,52,123244.43,6,0.113,0,2,4,item_not_received,0
CASE-3549,512.2,17,3,0,1,0,17,1220.24,3,0.168,0,6,0,defective,1
CASE-3550,96979.49,10,0,7,1,17,28,42009.84,3,0.39,0,5,1,unauthorized,1
CASE-3551,60339.76,17,8,2,1,0,19,50062.64,3,0.79,0,5,1,other,0
CASE-3552,8614.35,15,1,0,1,0,17,5739.99,11,0.233,1,5,1,duplicate,1
CASE-3553,928.95,88,2,0,1,9,12,705.82,6,0.466,0,5,1,unauthorized,1
CASE-3554,3590.05,3,1,0,0,19,2,5088.56,0,0.268,1,3,3,item_not_received,0
CASE-3555,1101.1,6,1,0,1,29,3,1234.0,14,0.322,2,5,1,item_not_received,1
CASE-3556,88694.52,1,3,1,0,3,20,122725.99,3,0.528,0,2,4,duplicate,0
CASE-3557,14540.39,3,0,0,1,7,6,24937.21,3,0.095,0,5,1,defective,0
CASE-3558,1788.32,1,4,0,1,0,15,2374.37,14,0.655,0,5,1,unauthorized,1
CASE-3559,56912.59,1,0,0,1,0,2,133543.72,3,0.074,2,5,1,item_not_received,1
CASE-3560,3305.23,21,3,4,1,0,14,5449.75,3,0.582,0,5,1,unauthorized,0
CASE-3561,15067.83,72,2,0,1,0,77,32261.35,0,0.494,0,6,0,defective,1
CASE-3562,17940.35,4,0,0,1,0,14,24872.47,3,0.451,0,2,4,item_not_received,1
CASE-3563,98298.41,11,9,0,1,3,16,108213.91,4,0.867,0,5,1,unauthorized,0
CASE-3564,585.21,26,9,0,1,25,29,800.53,1,1.0,0,5,1,item_not_received,0
CASE-3565,999.24,4,2,0,0,21,15,1165.44,13,0.248,0,5,1,item_not_received,1
CASE-3566,1599.23,8,2,1,1,0,22,3012.49,5,0.152,0,6,0,unauthorized,1
CASE-3567,268.06,4,0,0,1,0,27,329.89,2,0.047,0,3,3,item_not_received,1
CASE-3568,1234.12,4,0,0,1,0,2,1514.01,0,0.287,0,4,2,item_not_received,1
CASE-3569,59193.87,48,3,0,1,0,26,53046.38,0,0.647,0,3,3,duplicate,1
CASE-3570,15255.33,8,0,0,0,8,1,18523.92,8,0.051,0,3,3,other,0
CASE-3571,314.95,19,0,0,1,23,11,433.91,1,0.347,0,5,1,item_not_received,1
CASE-3572,119112.57,4,0,0,1,0,52,66492.42,0,0.294,3,3,3,item_not_received,1
CASE-3573,16084.22,65,0,0,1,12,4,9344.58,0,0.05,4,6,0,item_not_received,1
CASE-3574,13129.37,15,7,0,1,0,10,11621.52,2,0.936,1,5,1,item_not_received,1
CASE-3575,7934.94,1,0,0,0,23,28,5087.54,3,0.254,0,2,4,item_not_received,1
CASE-3576,597.99,37,3,2,1,0,24,736.07,10,0.665,0,3,3,defective,0
CASE-3577,1299.59,13,6,0,1,9,3,2477.77,0,0.677,0,4,2,defective,0
CASE-3578,17404.35,58,2,1,0,28,10,14852.8,1,0.403,0,2,4,defective,0
CASE-3579,19617.08,16,0,6,1,0,2,37142.37,0,0.259,1,4,2,unauthorized,0
CASE-3580,1334.37,9,0,0,0,5,15,1425.72,0,0.192,0,4,2,unauthorized,1
CASE-3581,3286.54,4,0,0,0,9,1,6310.2,0,0.143,1,1,5,item_not_received,0
CASE-3582,774.78,8,0,2,1,0,62,252.27,4,0.079,0,5,1,unauthorized,1
CASE-3583,1961.25,5,0,0,1,28,10,1062.88,10,0.23,0,6,0,unauthorized,1
CASE-3584,8170.28,6,2,0,0,8,10,12385.05,6,0.233,0,3,3,other,0
CASE-3585,141529.64,95,0,4,1,0,55,136552.74,1,0.079,0,4,2,unauthorized,0
CASE-3586,50876.3,6,0,1,1,0,19,121441.58,8,0.043,0,6,0,item_not_received,1
CASE-3587,4093.06,3,3,1,1,6,26,6437.37,2,0.362,0,4,2,defective,1
CASE-3588,43834.45,19,0,2,1,0,75,19671.52,8,0.037,0,5,1,item_not_received,1
CASE-3589,18358.8,16,1,6,1,3,1,16629.46,13,0.176,0,4,2,unauthorized,0
CASE-3590,1854.14,3,2,2,0,5,39,2152.68,2,0.313,0,3,3,unauthorized,0
CASE-3591,44672.38,25,4,0,0,25,2,45763.24,1,0.614,0,2,4,duplicate,0
CASE-3592,1536.1,5,4,0,0,13,16,1465.48,14,0.845,2,1,5,unauthorized,0
CASE-3593,3895.98,82,0,0,0,28,1,8799.83,5,0.166,2,2,4,defective,0
CASE-3594,50119.71,3,0,0,1,0,20,27081.89,7,0.042,0,6,0,unauthorized,0
CASE-3595,101847.54,17,2,2,1,0,78,189103.85,3,0.652,2,2,4,item_not_received,0
CASE-3596,860.26,9,3,0,1,0,17,1829.62,4,0.327,1,6,0,unauthorized,0
CASE-3597,701.68,11,0,0,1,15,26,1609.18,4,0.221,0,6,0,item_not_received,1
CASE-3598,1949.74,10,0,1,1,2,26,1429.78,3,0.203,1,5,1,unauthorized,1
CASE-3599,203.55,53,0,0,1,0,6,470.76,0,0.296,0,3,3,defective,1
CASE-3600,1271.52,4,0,0,1,0,26,387.01,0,0.264,0,5,1,defective,1
CASE-3601,1715.92,8,5,0,0,8,19,1293.94,3,0.367,0,0,6,other,0
CASE-3602,59560.08,4,0,2,1,0,10,59074.33,7,0.065,1,5,1,unauthorized,1
CASE-3603,126207.32,3,2,0,0,1,7,182978.96,12,0.257,1,4,2,item_not_received,0
CASE-3604,1545.65,12,7,0,1,0,5,1252.34,2,0.914,0,3,3,other,0
CASE-3605,53395.23,3,0,1,1,8,8,62710.98,3,0.142,0,5,1,unauthorized,0
CASE-3606,7704.0,8,0,0,0,1,10,6422.19,12,0.29,5,5,1,item_not_received,1
CASE-3607,140286.33,6,3,0,1,25,84,158994.46,3,0.235,0,4,2,item_not_received,1
CASE-3608,28434.92,4,4,1,0,17,75,50497.2,0,0.514,1,2,4,other,0
CASE-3609,30111.37,2,3,0,1,18,47,20571.08,0,0.391,1,4,2,unauthorized,1
CASE-3610,3224.57,18,3,0,1,0,22,4571.43,0,0.573,1,4,2,defective,1
CASE-3611,28075.37,5,2,2,1,2,4,37014.58,2,0.337,0,5,1,defective,0
CASE-3612,1180.21,4,0,0,1,0,23,1984.17,0,0.211,2,5,1,item_not_received,1
CASE-3613,1311.15,10,0,2,1,0,3,3172.91,4,0.042,0,4,2,unauthorized,1
CASE-3614,31862.93,3,3,0,1,22,8,49494.24,12,0.23,2,5,1,defective,0
CASE-3615,5700.02,72,0,1,1,0,75,3075.27,5,0.18,1,6,0,item_not_received,1
CASE-3616,682.83,69,5,0,0,16,24,1191.06,10,0.333,0,3,3,defective,0
CASE-3617,145249.91,13,0,0,0,24,4,190377.79,4,0.149,0,2,4,defective,0
CASE-3618,8963.48,19,1,0,1,10,11,14698.66,2,0.304,2,2,4,defective,1
CASE-3619,16417.19,9,2,2,1,0,3,40882.47,2,0.312,2,4,2,item_not_received,1
CASE-3620,2174.69,6,8,1,1,1,61,3077.78,3,0.914,0,3,3,unauthorized,0
CASE-3621,10417.96,8,3,0,1,0,21,11715.42,2,0.392,2,6,0,unauthorized,1
CASE-3622,1663.47,3,2,7,1,6,32,1510.46,11,0.268,1,6,0,item_not_received,0
CASE-3623,748.16,7,2,2,0,24,13,551.32,1,0.22,0,2,4,item_not_received,0
CASE-3624,23798.24,11,2,0,0,25,4,55474.1,4,0.208,1,4,2,duplicate,1
CASE-3625,7983.43,1,1,7,1,2,49,19890.21,4,0.247,0,5,1,duplicate,1
CASE-3626,251.05,17,6,0,1,0,6,255.77,0,0.919,2,5,1,other,1
CASE-3627,15219.93,49,0,4,0,18,24,7823.26,1,0.199,1,1,5,defective,0
CASE-3628,6747.66,4,0,2,1,0,10,7897.49,0,0.229,0,2,4,unauthorized,1
CASE-3629,1068.6,17,3,0,1,27,1,1358.55,7,0.366,0,5,1,duplicate,1
CASE-3630,10437.81,2,0,1,1,20,9,13606.43,4,0.322,0,4,2,unauthorized,1
CASE-3631,13965.13,17,1,0,1,0,4,15889.85,1,0.225,0,5,1,defective,1
CASE-3632,1547.97,2,2,0,1,0,1,2082.26,9,0.362,0,5,1,item_not_received,1
CASE-3633,4813.29,4,1,7,1,0,73,11640.38,6,0.367,2,6,0,duplicate,1
CASE-3634,932.1,5,1,4,0,15,1,295.71,1,0.107,1,5,1,unauthorized,0
CASE-3635,7592.05,11,0,1,0,8,11,17574.67,4,0.119,0,5,1,item_not_received,0
CASE-3636,16817.92,12,0,0,1,0,87,38299.75,2,0.084,3,4,2,unauthorized,1
CASE-3637,14238.61,3,4,2,1,0,26,24874.48,2,0.838,0,6,0,item_not_received,0
CASE-3638,683.53,31,0,1,1,10,60,312.53,2,0.04,4,2,4,item_not_received,1
CASE-3639,11652.12,79,2,0,1,0,8,23810.27,4,0.34,0,4,2,item_not_received,1
CASE-3640,7181.47,3,3,1,1,0,55,13889.58,2,0.349,2,5,1,defective,0
CASE-3641,5467.06,3,0,4,1,0,11,2145.74,3,0.075,0,3,3,item_not_received,1
CASE-3642,647.82,86,0,0,1,23,7,1392.68,1,0.078,2,4,2,duplicate,1
CASE-3643,1122.08,7,3,0,1,0,22,1438.8,8,0.327,2,4,2,other,1
CASE-3644,268.69,3,0,2,0,14,6,250.33,10,0.089,2,4,2,unauthorized,0
CASE-3645,1594.69,4,0,1,1,0,26,2026.67,2,0.196,0,6,0,other,1
CASE-3646,492.54,3,3,2,1,0,70,810.65,4,0.476,1,6,0,defective,1
CASE-3647,6899.66,2,0,1,1,8,3,12986.89,4,0.158,2,5,1,item_not_received,1
CASE-3648,798.26,5,2,1,1,21,33,877.79,1,0.471,0,5,1,other,1
CASE-3649,545.25,2,0,0,1,0,7,836.35,4,0.177,1,5,1,item_not_received,1
CASE-3650,9861.48,4,0,5,0,0,1,22892.61,9,0.21,0,2,4,duplicate,0
CASE-3651,112122.33,1,3,0,1,0,16,40661.23,4,0.069,0,5,1,unauthorized,1
CASE-3652,244.15,5,0,0,1,0,1,512.61,8,0.208,0,4,2,item_not_received,1
CASE-3653,53874.47,5,1,0,1,0,18,58279.16,4,0.243,5,5,1,duplicate,0
CASE-3654,13831.34,12,3,2,1,6,6,24459.22,2,0.489,0,2,4,other,1
CASE-3655,27211.41,4,8,1,1,0,36,36204.35,3,0.825,0,3,3,defective,0
CASE-3656,4262.84,1,8,0,1,0,24,9979.45,1,1.0,0,2,4,item_not_received,0
CASE-3657,105574.7,13,0,0,1,0,29,73551.47,6,0.187,6,4,2,item_not_received,1
CASE-3658,1839.56,3,0,0,1,11,69,2707.58,14,0.246,0,5,1,defective,1
CASE-3659,19765.8,7,3,1,1,0,3,41214.9,4,0.34,0,4,2,defective,1
CASE-3660,148083.49,8,0,0,1,0,7,130249.03,13,0.181,0,4,2,unauthorized,1
CASE-3661,593.96,10,0,0,0,6,21,271.09,0,0.303,2,2,4,defective,0
CASE-3662,6642.85,3,2,0,0,22,10,3139.63,2,0.232,0,3,3,item_not_received,0
CASE-3663,83061.63,46,3,0,0,10,25,43379.25,2,0.555,0,2,4,unauthorized,0
CASE-3664,2262.77,16,0,0,1,0,26,3589.25,1,0.258,0,5,1,defective,1
CASE-3665,3299.23,2,2,0,1,0,73,7931.07,14,0.227,0,6,0,unauthorized,1
CASE-3666,1216.86,78,1,2,0,23,17,964.64,4,0.324,0,4,2,item_not_received,0
CASE-3667,13684.47,34,1,0,0,11,12,28718.11,3,0.123,0,5,1,item_not_received,1
CASE-3668,324.66,10,0,1,1,0,14,637.0,3,0.156,2,3,3,item_not_received,1
CASE-3669,679.27,12,0,7,0,25,37,734.89,4,0.109,0,3,3,defective,0
CASE-3670,1321.0,3,0,0,1,21,1,3183.39,0,0.324,0,5,1,unauthorized,1
CASE-3671,890.8,5,5,0,1,0,65,1224.0,9,0.829,0,5,1,defective,0
CASE-3672,69273.0,2,2,2,1,8,3,136763.86,3,0.297,1,5,1,defective,1
CASE-3673,2731.85,61,0,0,0,14,29,1179.27,1,0.045,2,3,3,item_not_received,0
CASE-3674,346.56,4,0,0,1,0,24,644.7,1,0.261,1,3,3,other,1
CASE-3675,2330.35,16,2,2,1,8,5,2122.37,11,0.313,0,4,2,duplicate,1
CASE-3676,4504.89,21,8,0,1,20,4,5455.3,14,0.906,0,3,3,unauthorized,0
CASE-3677,1513.36,3,4,0,1,29,48,1369.3,13,0.577,5,6,0,unauthorized,1
CASE-3678,102402.02,4,0,0,1,0,58,207850.76,4,0.197,0,5,1,item_not_received,1
CASE-3679,365.09,4,0,0,1,0,23,566.78,1,0.12,2,5,1,unauthorized,1
CASE-3680,829.94,5,0,0,1,4,21,1837.53,0,0.115,3,4,2,defective,1
CASE-3681,370.35,80,1,0,0,21,4,890.61,1,0.306,6,4,2,defective,1
CASE-3682,16185.8,20,0,0,1,0,3,30424.72,2,0.343,1,3,3,item_not_received,1
CASE-3683,9808.55,17,2,0,1,21,20,4064.69,4,0.367,0,5,1,unauthorized,0
CASE-3684,87597.77,56,0,5,1,0,5,182205.58,0,0.218,0,3,3,duplicate,0
CASE-3685,717.35,76,0,0,0,2,6,1343.9,2,0.202,0,2,4,defective,0
CASE-3686,844.42,14,3,0,0,11,2,633.65,3,0.415,4,2,4,defective,0
CASE-3687,15333.45,13,2,1,0,2,53,37430.96,4,0.256,4,3,3,other,0
CASE-3688,1927.63,11,3,0,0,24,2,614.55,1,0.321,0,2,4,item_not_received,0
CASE-3689,15763.28,18,2,0,0,7,6,28414.42,0,0.11,1,3,3,unauthorized,0
CASE-3690,9853.04,6,2,0,1,10,15,13067.96,0,0.371,0,6,0,duplicate,1
CASE-3691,1226.44,10,0,0,0,19,37,1429.27,9,0.112,0,5,1,other,0
CASE-3692,1236.03,93,1,0,1,0,25,1444.05,4,0.062,0,4,2,unauthorized,1
CASE-3693,16321.21,12,0,0,0,2,2,19951.9,3,0.035,1,1,5,duplicate,0
CASE-3694,13862.03,29,0,2,1,0,38,18526.09,3,0.061,0,4,2,item_not_received,0
CASE-3695,68273.31,60,4,0,1,24,17,148707.13,2,0.595,0,6,0,item_not_received,1
CASE-3696,695.91,2,3,0,1,4,17,409.67,3,0.536,3,3,3,duplicate,1
CASE-3697,17198.7,11,3,0,1,0,38,18024.07,11,0.267,0,3,3,defective,1
CASE-3698,137086.82,58,3,1,1,13,23,114612.94,13,0.554,1,4,2,unauthorized,1
CASE-3699,90298.48,2,1,1,1,0,12,110526.43,2,0.047,0,3,3,duplicate,0
CASE-3700,15061.92,6,3,1,0,6,3,25899.69,0,0.352,0,2,4,defective,0
CASE-3701,312.57,7,3,0,0,24,25,182.01,7,0.527,0,2,4,defective,0
CASE-3702,1378.34,6,0,0,1,9,36,1631.15,11,0.24,0,5,1,defective,1
CASE-3703,16773.74,13,1,2,0,0,23,17507.1,4,0.35,5,1,5,duplicate,0
CASE-3704,8167.38,2,0,3,0,23,3,8531.05,2,0.104,0,1,5,defective,0
CASE-3705,1299.5,4,0,2,0,23,5,1018.64,12,0.212,0,4,2,unauthorized,0
CASE-3706,965.5,15,3,0,1,0,83,2392.36,10,0.261,0,5,1,duplicate,1
CASE-3707,6823.02,77,0,2,1,16,19,16203.78,0,0.138,0,5,1,item_not_received,1
CASE-3708,1433.43,1,7,1,1,0,7,3138.79,1,0.911,0,3,3,unauthorized,0
CASE-3709,143781.55,6,0,0,1,15,23,285812.25,1,0.081,0,5,1,item_not_received,1
CASE-3710,1063.23,6,3,3,1,0,68,1993.71,4,0.326,0,6,0,unauthorized,0
CASE-3711,1330.18,10,0,0,0,25,3,1578.97,0,0.135,2,3,3,item_not_received,0
CASE-3712,1322.7,3,8,7,0,25,53,984.54,7,1.0,1,4,2,item_not_received,0
CASE-3713,1217.57,6,2,0,0,6,1,2654.83,3,0.091,0,2,4,item_not_received,0
CASE-3714,11240.2,3,0,1,1,0,26,12969.45,9,0.175,0,3,3,unauthorized,1
CASE-3715,13302.42,3,0,0,1,0,3,6363.13,3,0.192,6,2,4,unauthorized,1
CASE-3716,367.73,7,0,0,1,14,16,681.13,3,0.562,3,4,2,other,1
CASE-3717,1231.84,11,0,0,1,0,26,1883.28,0,0.115,2,5,1,item_not_received,0
CASE-3718,143326.07,50,1,0,1,0,6,107568.18,9,0.121,1,6,0,item_not_received,1
CASE-3719,1586.38,2,0,5,0,18,22,1057.57,2,0.093,0,2,4,unauthorized,0
CASE-3720,1235.29,7,0,2,0,26,77,3003.08,1,0.071,0,4,2,duplicate,1
CASE-3721,102324.31,53,0,0,1,5,18,89028.44,2,0.148,2,3,3,unauthorized,1
CASE-3722,90788.88,12,0,0,0,12,6,190231.29,1,0.099,0,4,2,unauthorized,0
CASE-3723,429.54,1,2,0,1,18,4,817.17,1,0.354,0,3,3,item_not_received,1
CASE-3724,55180.75,16,0,1,1,4,4,59032.56,11,0.046,0,5,1,item_not_received,1
CASE-3725,141182.94,1,3,1,0,17,55,149274.09,2,0.222,0,3,3,duplicate,0
CASE-3726,28968.33,3,0,0,1,23,27,36625.73,6,0.078,0,6,0,item_not_received,1
CASE-3727,35989.99,61,0,0,1,19,16,34775.67,11,0.163,0,3,3,item_not_received,1
CASE-3728,1357.78,64,0,0,0,6,29,2097.53,2,0.058,2,5,1,defective,0
CASE-3729,1985.77,8,0,0,1,0,1,2358.09,0,0.118,1,4,2,defective,1
CASE-3730,9384.51,8,0,0,0,14,24,22791.18,4,0.094,0,4,2,item_not_received,1
CASE-3731,81886.44,3,3,1,0,15,65,131567.43,14,0.389,0,2,4,unauthorized,0
CASE-3732,6337.4,1,2,0,1,4,9,9283.65,2,0.452,0,4,2,duplicate,0
CASE-3733,4054.76,13,0,0,1,0,65,8476.73,4,0.146,0,4,2,defective,1
CASE-3734,10995.79,1,0,1,1,15,2,27060.07,3,0.206,2,4,2,item_not_received,1
CASE-3735,281.43,8,0,2,1,0,13,467.88,0,0.081,2,2,4,unauthorized,1
CASE-3736,451.0,3,3,1,1,0,6,718.89,0,0.431,0,4,2,unauthorized,1
CASE-3737,60205.88,3,1,0,1,0,12,129164.08,2,0.211,0,4,2,item_not_received,1
CASE-3738,928.52,6,0,1,1,11,26,1255.96,2,0.187,2,5,1,item_not_received,1
CASE-3739,17810.35,3,0,1,1,0,5,24264.1,6,0.31,0,6,0,unauthorized,1
CASE-3740,1335.61,6,2,2,1,0,25,3142.23,3,0.366,0,5,1,item_not_received,1
CASE-3741,114299.23,9,0,0,1,15,26,283101.99,1,0.172,0,5,1,item_not_received,1
CASE-3742,1845.31,5,3,1,1,5,6,3546.97,12,0.588,0,2,4,defective,1
CASE-3743,17827.93,6,2,1,0,19,21,12218.67,0,0.264,0,4,2,item_not_received,0
CASE-3744,13606.77,2,1,0,1,0,44,8108.66,5,0.293,0,5,1,item_not_received,1
CASE-3745,7762.44,18,7,0,0,4,3,6923.42,2,0.915,1,2,4,other,0
CASE-3746,13958.27,7,8,0,1,0,8,7983.13,3,0.798,0,6,0,item_not_received,1
CASE-3747,1878.21,4,9,3,1,0,5,1549.61,5,0.936,1,2,4,defective,0
CASE-3748,9090.69,4,0,0,0,6,25,17124.84,2,0.107,0,4,2,item_not_received,0
CASE-3749,1071.7,1,3,0,1,0,10,2329.13,2,0.556,1,4,2,item_not_received,1
CASE-3750,82629.17,42,1,2,0,26,23,100951.33,12,0.214,0,3,3,item_not_received,0
CASE-3751,107922.34,8,0,0,1,25,28,146486.0,4,0.144,0,4,2,unauthorized,1
CASE-3752,264.7,1,0,0,0,11,52,295.87,10,0.16,0,4,2,duplicate,0
CASE-3753,635.52,3,2,0,1,16,2,1024.16,4,0.375,0,5,1,item_not_received,1
CASE-3754,91486.35,14,1,0,1,0,3,187298.46,0,0.227,0,4,2,duplicate,1
CASE-3755,6101.36,3,0,5,1,7,35,9130.86,3,0.075,6,5,1,unauthorized,0
CASE-3756,4977.28,16,7,1,0,26,15,9633.25,14,0.897,0,4,2,item_not_received,0
CASE-3757,11655.21,17,0,0,0,18,11,10654.05,10,0.066,0,5,1,item_not_received,1
CASE-3758,122499.55,3,0,0,1,29,16,278990.25,0,0.054,0,4,2,duplicate,1
CASE-3759,28145.5,6,0,7,1,18,52,21225.26,2,0.028,4,5,1,defective,1
CASE-3760,54700.34,3,2,0,0,17,54,101763.06,2,0.381,0,4,2,unauthorized,0
CASE-3761,1174.64,2,0,7,0,8,4,407.84,10,0.31,0,5,1,item_not_received,0
CASE-3762,7590.72,10,1,0,1,0,25,17242.44,0,0.137,0,5,1,unauthorized,0
CASE-3763,451.13,9,2,0,1,6,17,295.12,2,0.451,1,5,1,defective,1
CASE-3764,5149.86,2,0,4,1,0,11,4329.81,1,0.466,0,4,2,duplicate,1
CASE-3765,1627.77,20,0,0,1,0,17,1689.03,2,0.124,1,2,4,unauthorized,1
CASE-3766,78211.63,1,0,0,1,0,6,168458.99,0,0.064,0,5,1,unauthorized,1
CASE-3767,147876.3,16,1,0,1,0,24,107020.52,14,0.549,0,4,2,duplicate,1
CASE-3768,57118.28,57,3,0,1,12,29,74988.01,0,0.317,2,2,4,item_not_received,1
CASE-3769,12304.0,81,3,2,1,12,1,6442.61,3,0.286,0,5,1,defective,1
CASE-3770,19691.64,11,4,6,0,9,57,38263.44,6,0.604,2,3,3,defective,0
CASE-3771,12843.97,1,1,0,1,9,17,4844.23,0,0.228,2,5,1,unauthorized,1
CASE-3772,5727.75,9,0,0,1,0,4,10475.89,0,0.288,2,4,2,item_not_received,1
CASE-3773,5541.18,11,8,0,0,6,16,8978.53,0,1.0,0,3,3,item_not_received,0
CASE-3774,1795.1,1,3,1,0,13,13,1025.23,6,0.554,2,2,4,item_not_received,0
CASE-3775,8548.32,8,0,0,0,20,1,7618.55,2,0.204,0,4,2,unauthorized,0
CASE-3776,3161.12,3,0,0,0,1,16,1761.34,13,0.079,0,3,3,item_not_received,1
CASE-3777,15260.7,4,0,0,0,0,1,23571.86,10,0.093,1,3,3,other,1
CASE-3778,1972.01,8,0,0,1,0,6,3803.48,0,0.132,0,5,1,item_not_received,1
CASE-3779,13629.52,19,6,0,1,0,5,27808.66,1,0.742,0,6,0,defective,1
CASE-3780,615.9,15,0,0,0,21,14,1068.84,0,0.067,0,3,3,item_not_received,1
CASE-3781,17176.99,4,3,2,1,27,18,22892.86,1,0.451,1,5,1,item_not_received,0
CASE-3782,1147.27,8,1,1,1,29,17,1094.2,2,0.271,1,3,3,other,1
CASE-3783,1432.82,11,3,0,1,0,4,1004.77,4,0.394,0,5,1,item_not_received,0
CASE-3784,14496.48,62,0,1,0,1,14,34933.03,3,0.189,0,2,4,item_not_received,0
CASE-3785,15512.25,70,2,0,1,26,24,34704.96,4,0.729,0,5,1,item_not_received,1
CASE-3786,956.23,7,3,0,1,14,9,1183.71,2,0.619,4,4,2,other,1
CASE-3787,1386.18,1,0,0,1,0,17,658.55,0,0.104,0,5,1,duplicate,1
CASE-3788,6043.65,2,0,0,1,9,6,2101.5,2,0.214,0,3,3,other,1
CASE-3789,55980.38,12,0,2,1,0,3,95997.76,5,0.23,2,5,1,duplicate,1
CASE-3790,9559.0,8,6,6,1,0,20,19308.93,10,0.56,2,5,1,unauthorized,0
CASE-3791,877.96,18,0,0,1,19,16,1959.25,4,0.087,1,6,0,other,1
CASE-3792,7903.4,7,0,1,1,24,27,7047.19,0,0.112,2,6,0,item_not_received,1
CASE-3793,46852.34,17,0,2,1,27,24,78610.99,2,0.179,0,5,1,duplicate,1
CASE-3794,52170.28,10,1,0,1,0,9,87572.53,4,0.334,0,6,0,defective,1
CASE-3795,14572.61,80,0,0,1,0,2,11190.72,14,0.2,0,6,0,item_not_received,1
CASE-3796,96650.83,19,0,0,1,24,27,220454.31,0,0.051,0,3,3,defective,1
CASE-3797,10453.63,73,4,0,0,23,18,26115.3,2,0.472,0,1,5,other,0
CASE-3798,92809.5,10,0,0,1,0,19,152269.39,11,0.166,1,4,2,unauthorized,0
CASE-3799,7769.43,13,0,0,0,2,28,5112.92,4,0.147,0,4,2,defective,1
CASE-3800,124396.67,29,3,5,1,0,28,306515.33,13,0.504,0,6,0,item_not_received,1
CASE-3801,399.38,12,4,0,1,0,21,641.23,0,0.374,0,3,3,defective,1
CASE-3802,13164.61,37,0,4,1,0,3,6818.99,12,0.02,0,4,2,defective,1
CASE-3803,124082.06,13,1,0,1,15,1,97192.52,3,0.408,5,4,2,unauthorized,0
CASE-3804,914.16,9,0,0,1,13,32,1412.62,7,0.044,0,6,0,unauthorized,1
CASE-3805,1096.58,11,5,0,1,0,6,786.72,1,0.677,6,3,3,duplicate,1
CASE-3806,43295.99,57,2,0,0,19,4,88644.84,8,0.262,0,3,3,item_not_received,1
CASE-3807,6714.55,2,0,7,0,22,3,11539.17,0,0.337,1,4,2,item_not_received,0
CASE-3808,15995.27,13,2,0,1,16,4,19654.16,8,0.14,3,3,3,unauthorized,1
CASE-3809,3138.48,15,3,2,1,2,9,1874.61,1,0.334,0,4,2,item_not_received,1
CASE-3810,960.74,9,8,0,0,15,24,493.5,12,0.746,0,4,2,defective,0
CASE-3811,5196.37,4,2,0,1,0,5,4052.84,0,0.44,4,4,2,defective,1
CASE-3812,941.75,2,0,0,1,2,6,804.91,4,0.14,0,5,1,item_not_received,1
CASE-3813,539.67,11,0,0,1,26,2,472.63,3,0.303,0,5,1,defective,1
CASE-3814,1381.73,4,0,0,1,12,2,1222.24,4,0.089,0,5,1,item_not_received,1
CASE-3815,1098.43,9,3,0,1,22,62,345.4,8,0.518,0,4,2,other,1
CASE-3816,1568.18,78,2,0,1,0,41,2162.05,2,0.376,0,6,0,item_not_received,1
CASE-3817,1449.77,13,1,2,0,24,17,2886.5,0,0.148,0,3,3,defective,0
CASE-3818,41371.25,78,2,4,0,27,3,44699.32,0,0.405,0,2,4,unauthorized,0
CASE-3819,1972.16,19,4,4,0,14,3,3999.99,0,0.627,2,2,4,defective,0
CASE-3820,19306.17,3,0,0,0,13,31,8204.25,5,0.244,0,1,5,other,0
CASE-3821,14039.61,12,0,2,0,22,1,17556.73,2,0.228,0,3,3,unauthorized,1
CASE-3822,68327.38,99,4,0,1,6,4,95366.57,3,0.327,0,4,2,unauthorized,1
CASE-3823,1366.05,9,1,4,1,0,5,3232.25,3,0.131,0,3,3,defective,0
CASE-3824,1201.17,3,0,0,1,0,22,614.22,4,0.043,0,5,1,unauthorized,1
CASE-3825,650.13,7,0,0,0,14,28,378.05,0,0.238,0,4,2,duplicate,0
CASE-3826,24828.65,3,1,0,0,4,4,10361.92,4,0.124,3,4,2,other,0
CASE-3827,10278.42,11,4,2,1,11,8,24626.51,3,0.51,3,5,1,item_not_received,1
CASE-3828,644.85,10,1,3,1,0,16,1129.47,2,0.339,0,4,2,defective,0
CASE-3829,1089.7,4,0,0,0,9,5,1481.52,9,0.139,0,3,3,unauthorized,0
CASE-3830,10847.93,25,0,5,1,0,16,13343.37,4,0.043,1,4,2,other,1
CASE-3831,1431.83,7,0,0,1,0,16,2486.44,5,0.089,2,4,2,other,1
CASE-3832,4289.99,16,0,0,1,0,5,3657.83,2,0.145,0,4,2,unauthorized,1
CASE-3833,14279.29,12,1,1,1,26,27,30345.58,0,0.079,0,4,2,item_not_received,1
CASE-3834,1444.33,4,0,0,0,16,28,2663.15,0,0.083,0,1,5,item_not_received,0
CASE-3835,15593.98,3,0,0,1,27,68,30233.75,3,0.093,0,2,4,unauthorized,1
CASE-3836,1052.75,3,5,0,1,0,30,819.56,3,0.954,0,5,1,other,0
CASE-3837,8186.81,10,1,1,1,0,59,16732.19,4,0.352,0,6,0,unauthorized,0
CASE-3838,554.65,30,0,1,1,0,2,1022.83,4,0.03,0,4,2,item_not_received,1
CASE-3839,6428.88,19,5,2,1,0,21,2340.92,2,0.448,0,5,1,item_not_received,0
CASE-3840,828.35,4,0,4,1,2,44,1692.18,8,0.126,0,6,0,item_not_received,1
CASE-3841,947.25,91,0,2,0,17,20,1586.8,0,0.129,0,2,4,item_not_received,0
CASE-3842,102756.96,17,6,1,0,22,3,222347.7,3,0.34,0,1,5,unauthorized,0
CASE-3843,262.6,96,0,0,1,5,5,294.41,0,0.075,1,4,2,item_not_received,1
CASE-3844,1329.88,3,2,0,0,10,44,3238.66,1,0.471,0,2,4,item_not_received,0
CASE-3845,109610.59,17,0,2,0,3,19,83020.59,3,0.068,1,2,4,item_not_received,1
CASE-3846,13390.73,8,0,0,1,0,5,12993.46,4,0.382,2,5,1,item_not_received,1
CASE-3847,16385.2,1,3,3,1,0,24,19917.21,0,0.271,1,5,1,duplicate,1
CASE-3848,19010.3,18,1,0,1,0,85,47085.01,4,0.205,0,4,2,other,1
CASE-3849,255.81,1,0,6,1,0,22,412.13,0,0.28,2,5,1,item_not_received,1
CASE-3850,15105.63,9,0,0,1,14,88,23764.69,2,0.091,0,6,0,defective,1
CASE-3851,282.99,45,8,1,1,13,3,342.78,11,0.89,2,6,0,defective,1
CASE-3852,75400.58,10,1,5,1,0,27,58159.49,6,0.251,2,4,2,unauthorized,0
CASE-3853,19583.35,52,1,0,0,13,30,40799.72,0,0.164,0,2,4,other,1
CASE-3854,95418.58,99,0,0,1,3,4,180671.62,3,0.027,0,5,1,unauthorized,1
CASE-3855,339.1,8,1,1,1,0,37,748.9,4,0.087,0,4,2,defective,1
CASE-3856,11426.52,2,0,0,1,0,2,18080.49,8,0.405,0,5,1,unauthorized,1
CASE-3857,9496.8,12,0,0,0,11,25,15605.27,3,0.136,4,3,3,defective,0
CASE-3858,5464.7,3,0,2,1,5,26,7106.13,1,0.037,0,5,1,unauthorized,1
CASE-3859,760.77,16,1,0,1,0,5,462.68,11,0.314,1,4,2,defective,1
CASE-3860,503.71,4,0,1,0,6,10,897.12,0,0.291,0,3,3,item_not_received,0
CASE-3861,7728.17,10,3,0,1,6,4,9688.09,4,0.231,2,6,0,defective,1
CASE-3862,775.5,51,0,0,0,6,19,596.06,12,0.357,0,3,3,other,1
CASE-3863,3705.52,6,3,3,1,0,27,7316.34,4,0.644,4,6,0,item_not_received,1
CASE-3864,40700.15,3,2,0,1,19,8,96919.4,0,0.197,1,6,0,defective,0
CASE-3865,91579.99,4,0,2,1,0,21,58489.14,0,0.091,0,3,3,unauthorized,1
CASE-3866,481.1,12,1,0,1,16,5,1072.49,0,0.259,0,5,1,duplicate,1
CASE-3867,3597.68,1,5,2,1,0,6,5344.94,0,0.827,0,4,2,defective,0
CASE-3868,4373.61,12,0,2,0,19,39,1929.07,5,0.172,2,4,2,item_not_received,0
CASE-3869,1380.38,2,0,0,1,0,52,1476.27,9,0.291,0,6,0,other,1
CASE-3870,51719.21,11,8,0,1,0,28,36270.86,6,1.0,0,5,1,duplicate,0
CASE-3871,17834.12,35,0,2,1,0,28,21746.44,13,0.131,1,6,0,item_not_received,1
CASE-3872,134241.71,94,7,3,1,0,24,111900.75,0,0.933,0,5,1,item_not_received,1
CASE-3873,834.09,2,2,2,1,0,26,1450.46,0,0.41,0,4,2,unauthorized,0
CASE-3874,7278.67,17,9,1,0,12,71,6986.84,4,1.0,0,2,4,other,0
CASE-3875,138741.96,4,8,0,1,4,8,130202.48,1,0.814,0,6,0,duplicate,0
CASE-3876,1280.24,3,0,0,0,12,2,646.58,1,0.12,0,2,4,other,0
CASE-3877,53188.92,10,3,0,1,14,4,67446.81,14,0.53,0,4,2,unauthorized,1
CASE-3878,1475.87,15,0,1,1,0,58,2559.15,4,0.077,1,4,2,item_not_received,0
CASE-3879,230.15,2,0,0,1,0,10,405.29,10,0.16,0,4,2,item_not_received,1
CASE-3880,1107.95,36,0,0,1,0,60,2608.73,4,0.188,0,4,2,item_not_received,1
CASE-3881,663.08,10,0,0,1,16,15,691.14,13,0.149,0,5,1,item_not_received,1
CASE-3882,13756.7,7,0,5,1,11,15,34015.56,0,0.364,0,4,2,unauthorized,1
CASE-3883,9815.63,58,1,7,1,3,84,11421.97,0,0.355,0,5,1,item_not_received,1
CASE-3884,857.81,67,0,6,0,28,11,943.41,12,0.162,1,5,1,unauthorized,0
CASE-3885,9471.45,9,9,2,1,17,17,22880.71,1,0.899,0,4,2,unauthorized,0
CASE-3886,844.5,63,0,0,0,12,6,1855.69,0,0.491,0,3,3,item_not_received,0
CASE-3887,5191.11,17,2,0,1,0,9,11787.17,3,0.155,6,4,2,defective,0
CASE-3888,5208.39,3,1,2,1,21,56,8063.52,13,0.232,0,3,3,item_not_received,1
CASE-3889,13995.32,15,0,0,0,18,21,17586.21,0,0.139,0,4,2,duplicate,0
CASE-3890,8436.57,2,7,0,1,0,7,7373.24,4,1.0,0,5,1,duplicate,0
CASE-3891,499.91,3,2,0,0,0,17,340.06,0,0.18,3,5,1,unauthorized,0
CASE-3892,1466.32,6,0,0,1,0,31,1880.98,3,0.064,0,3,3,item_not_received,1
CASE-3893,23858.5,1,0,0,0,28,2,13042.11,14,0.243,2,2,4,unauthorized,0
CASE-3894,566.85,11,7,1,1,0,54,1290.69,0,0.859,0,4,2,item_not_received,1
CASE-3895,40077.15,52,4,2,1,0,7,54700.53,10,0.55,2,5,1,unauthorized,0
CASE-3896,1676.51,7,0,1,1,0,5,2523.42,0,0.11,2,4,2,defective,0
CASE-3897,1315.39,14,2,2,1,0,23,1016.34,0,0.284,0,5,1,other,1
CASE-3898,1332.05,13,7,1,1,27,7,2422.05,9,0.551,1,5,1,defective,1
CASE-3899,144525.97,4,0,3,1,7,20,246368.98,1,0.244,0,3,3,item_not_received,1
CASE-3900,4275.81,4,6,0,0,21,4,3142.3,0,0.998,0,4,2,other,0
CASE-3901,3229.33,4,0,0,1,0,5,3388.07,6,0.056,2,6,0,item_not_received,1
CASE-3902,12077.54,10,0,0,1,0,16,27032.38,9,0.158,0,5,1,unauthorized,1
CASE-3903,13609.98,11,0,2,0,24,79,23503.58,1,0.065,2,1,5,duplicate,0
CASE-3904,40229.55,15,2,0,1,0,1,35568.96,2,0.427,4,5,1,unauthorized,0
CASE-3905,9622.14,16,6,1,1,0,2,12293.26,14,0.581,0,5,1,unauthorized,0
CASE-3906,92911.56,20,0,0,0,15,3,163980.33,2,0.064,0,1,5,item_not_received,0
CASE-3907,38125.04,66,0,1,0,1,19,21773.33,4,0.155,4,5,1,other,0
CASE-3908,896.03,7,0,0,0,2,2,1299.67,2,0.127,0,2,4,duplicate,0
CASE-3909,591.98,2,2,0,0,4,19,927.42,2,0.325,0,3,3,item_not_received,0
CASE-3910,5526.59,15,2,5,1,2,28,3569.32,14,0.361,0,5,1,defective,0
CASE-3911,1387.29,3,0,3,1,0,22,461.41,1,0.29,0,4,2,item_not_received,1
CASE-3912,1165.7,4,0,1,1,0,9,2814.59,5,0.169,0,5,1,unauthorized,1
CASE-3913,18295.38,87,2,0,1,0,3,37460.9,0,0.497,3,4,2,item_not_received,1
CASE-3914,17703.11,33,0,1,1,13,27,23869.42,0,0.296,0,1,5,defective,0
CASE-3915,66472.02,12,0,0,1,0,2,118247.83,2,0.159,0,5,1,item_not_received,1
CASE-3916,631.85,13,0,1,1,15,67,334.97,0,0.175,0,4,2,item_not_received,1
CASE-3917,18255.17,8,2,0,1,29,1,12232.27,13,0.564,0,4,2,other,1
CASE-3918,19168.06,18,0,0,0,17,4,39084.81,11,0.27,0,3,3,item_not_received,1
CASE-3919,1082.83,65,3,1,1,0,5,1809.55,4,0.738,0,6,0,unauthorized,1
CASE-3920,966.84,44,3,0,1,0,2,1807.64,3,0.301,2,6,0,duplicate,1
CASE-3921,134411.19,1,0,4,1,27,55,112463.9,1,0.133,0,4,2,unauthorized,0
CASE-3922,11330.4,1,3,1,1,27,2,13890.04,2,0.273,3,5,1,other,1
CASE-3923,113420.35,3,2,0,1,0,5,140544.0,3,0.335,0,5,1,item_not_received,1
CASE-3924,1619.84,14,0,0,1,11,2,3364.99,5,0.05,0,4,2,unauthorized,1
CASE-3925,8248.68,19,0,7,1,0,2,17528.23,2,0.123,0,6,0,item_not_received,1
CASE-3926,277.15,77,0,0,0,27,47,667.52,3,0.319,0,3,3,item_not_received,0
CASE-3927,35889.61,30,4,0,1,0,28,26510.47,2,0.474,0,5,1,unauthorized,1
CASE-3928,795.63,18,1,0,1,28,25,1892.19,5,0.177,2,6,0,other,1
CASE-3929,132389.12,4,0,0,1,0,22,41700.57,1,0.126,0,3,3,defective,1
CASE-3930,143560.08,6,0,0,1,0,36,201370.68,3,0.14,0,5,1,defective,1
CASE-3931,71403.25,2,3,0,1,0,11,96257.65,3,0.554,0,4,2,item_not_received,0
CASE-3932,1897.85,50,0,2,1,0,80,2903.66,5,0.132,0,5,1,duplicate,0
CASE-3933,89671.4,4,3,0,1,0,54,73459.35,0,0.35,0,5,1,item_not_received,1
CASE-3934,12766.38,4,1,0,1,0,20,24540.23,0,0.107,0,4,2,duplicate,1
CASE-3935,1364.61,72,2,0,1,4,43,2549.09,3,0.262,1,3,3,other,0
CASE-3936,2983.36,3,0,0,0,22,17,975.08,0,0.256,2,2,4,item_not_received,0
CASE-3937,1146.02,16,0,1,1,0,35,1534.36,3,0.078,0,5,1,item_not_received,1
CASE-3938,1254.99,14,0,0,1,0,39,1798.75,2,0.107,0,5,1,item_not_received,1
CASE-3939,1382.0,10,9,0,1,0,8,1563.61,7,1.0,0,5,1,defective,0
CASE-3940,412.06,3,0,0,1,0,56,245.16,7,0.06,0,4,2,item_not_received,1
CASE-3941,66042.3,3,3,0,1,0,85,88642.17,7,0.255,0,3,3,item_not_received,0
CASE-3942,1720.72,13,0,0,0,18,12,4288.28,13,0.062,0,3,3,defective,0
CASE-3943,95555.57,7,1,0,1,23,10,62511.54,7,0.293,0,4,2,unauthorized,0
CASE-3944,19683.61,3,0,2,1,0,1,23683.25,4,0.253,0,6,0,item_not_received,1
CASE-3945,4205.2,13,0,1,1,0,6,3318.75,6,0.096,0,5,1,duplicate,1
CASE-3946,98717.31,2,0,2,1,0,21,199296.37,2,0.161,0,6,0,item_not_received,1
CASE-3947,92485.17,14,3,3,1,10,10,53246.42,0,0.402,0,6,0,other,0
CASE-3948,1615.35,13,2,0,1,3,2,1430.14,0,0.52,0,4,2,unauthorized,1
CASE-3949,131991.77,1,2,2,0,13,1,316484.01,0,0.236,0,3,3,unauthorized,0
CASE-3950,1542.33,12,1,4,1,13,25,925.22,4,0.096,0,5,1,other,0
CASE-3951,1220.83,13,0,7,1,0,22,2861.03,11,0.115,1,5,1,duplicate,1
CASE-3952,1478.3,2,0,1,1,6,25,2788.84,0,0.113,2,5,1,duplicate,0
CASE-3953,67999.46,11,4,0,1,0,79,144336.33,0,0.387,0,3,3,other,1
CASE-3954,955.77,2,0,7,1,0,18,2362.22,4,0.283,2,6,0,unauthorized,0
CASE-3955,919.78,13,5,1,1,0,3,1503.95,3,0.567,5,5,1,unauthorized,0
CASE-3956,138683.83,18,0,0,0,17,9,83618.54,2,0.377,2,2,4,defective,0
CASE-3957,522.33,4,0,0,1,0,6,927.23,4,0.218,5,6,0,other,1
CASE-3958,20872.97,7,1,0,1,0,9,43476.63,0,0.316,0,5,1,unauthorized,1
CASE-3959,14577.44,17,1,2,0,24,8,7528.08,0,0.126,0,0,6,item_not_received,0
CASE-3960,694.11,1,0,0,1,0,52,1196.59,2,0.153,2,6,0,defective,0
CASE-3961,503.8,28,2,0,1,29,22,487.58,11,0.196,0,6,0,item_not_received,1
CASE-3962,48391.44,85,0,2,1,0,10,62007.69,0,0.076,0,4,2,item_not_received,1
CASE-3963,614.81,7,3,2,1,5,87,506.16,0,0.398,0,3,3,other,1
CASE-3964,741.14,18,3,1,1,0,3,786.0,10,0.186,1,5,1,item_not_received,1
CASE-3965,677.98,23,1,0,1,0,5,867.87,0,0.501,0,4,2,unauthorized,0
CASE-3966,1211.19,60,1,0,1,0,3,1283.24,0,0.203,0,6,0,defective,1
CASE-3967,114111.92,39,1,0,1,19,22,234244.11,0,0.084,0,3,3,defective,1
CASE-3968,5698.21,3,2,0,1,18,24,8109.57,1,0.299,4,4,2,defective,1
CASE-3969,87562.5,2,2,0,1,0,7,49475.24,2,0.504,1,5,1,item_not_received,1
CASE-3970,1273.26,32,1,0,1,0,15,1112.0,0,0.315,0,6,0,other,0
CASE-3971,1723.04,13,2,0,1,0,76,808.68,5,0.123,0,6,0,other,1
CASE-3972,18166.25,11,3,0,1,0,5,26706.05,0,0.143,0,5,1,duplicate,1
CASE-3973,14292.94,66,0,0,0,20,24,13015.68,0,0.082,2,3,3,item_not_received,1
CASE-3974,1764.95,1,0,0,1,25,6,866.19,3,0.201,0,5,1,item_not_received,1
CASE-3975,3367.03,34,0,2,1,0,3,4597.84,0,0.182,0,4,2,other,0
CASE-3976,1625.85,4,7,1,1,28,5,952.77,3,0.756,2,4,2,duplicate,0
CASE-3977,14396.87,63,0,0,1,0,64,15285.05,3,0.145,0,4,2,item_not_received,1
CASE-3978,18712.21,3,0,0,1,14,23,30218.55,8,0.227,0,5,1,item_not_received,1
CASE-3979,2042.14,28,0,5,1,0,4,3639.34,0,0.241,0,6,0,unauthorized,1
CASE-3980,97165.57,11,0,0,1,0,28,164020.71,0,0.159,0,5,1,unauthorized,0
CASE-3981,1402.16,87,9,0,1,7,18,2038.15,1,0.758,0,6,0,item_not_received,1
CASE-3982,29458.69,2,2,0,1,0,19,14670.66,13,0.547,5,3,3,unauthorized,0
CASE-3983,37640.4,2,2,0,1,3,13,28496.81,12,0.183,0,5,1,unauthorized,1
CASE-3984,46543.1,4,0,2,1,13,15,112834.78,2,0.151,0,4,2,unauthorized,1
CASE-3985,1992.87,2,2,1,0,18,1,2633.83,3,0.377,1,3,3,item_not_received,0
CASE-3986,124606.97,4,0,0,1,28,13,247254.77,0,0.059,0,4,2,unauthorized,0
CASE-3987,95691.84,1,0,0,1,10,26,91181.2,3,0.076,0,4,2,defective,1
CASE-3988,16070.97,1,9,0,1,0,3,13759.0,5,0.771,0,6,0,other,0
CASE-3989,713.54,1,5,2,1,0,2,1362.38,0,0.952,0,5,1,unauthorized,1
CASE-3990,1388.19,1,1,0,1,0,2,2027.83,4,0.204,0,4,2,unauthorized,1
CASE-3991,49701.1,10,1,0,0,25,27,36419.89,8,0.266,0,2,4,defective,0
CASE-3992,384.37,1,8,0,1,23,17,318.51,5,0.969,2,6,0,other,0
CASE-3993,692.13,19,0,0,1,3,32,1285.87,0,0.08,2,4,2,item_not_received,1
CASE-3994,12862.24,23,0,0,1,0,13,9614.1,0,0.153,0,4,2,item_not_received,1
CASE-3995,6210.4,1,2,0,1,24,4,6816.61,6,0.68,0,3,3,defective,1
CASE-3996,31138.35,4,0,0,1,0,29,19113.2,2,0.148,0,5,1,unauthorized,1
CASE-3997,1859.59,3,0,0,1,0,32,4394.69,13,0.27,2,4,2,item_not_received,1
CASE-3998,35942.38,13,0,0,1,0,33,20436.76,7,0.106,0,6,0,item_not_received,1
CASE-3999,1403.88,8,7,0,0,3,4,3266.87,0,0.772,2,2,4,other,0
CASE-4000,1831.85,10,0,1,0,24,6,1234.46,4,0.098,0,4,2,duplicate,1
CASE-4001,17642.36,1,0,0,1,0,77,8438.45,0,0.11,0,3,3,unauthorized,1
CASE-4002,1435.49,1,1,1,1,0,20,3344.76,1,0.3,0,4,2,defective,0
CASE-4003,1726.44,13,0,0,1,16,30,2493.13,1,0.092,1,4,2,defective,1
CASE-4004,13455.2,4,2,0,1,0,2,20005.61,2,0.479,0,5,1,unauthorized,1
CASE-4005,13597.5,39,2,0,0,27,80,21499.12,4,0.065,0,4,2,item_not_received,1
CASE-4006,1827.02,74,0,0,1,0,27,3094.16,4,0.04,0,5,1,defective,1
CASE-4007,1201.35,2,5,0,1,0,5,1472.36,4,0.678,0,4,2,defective,0
CASE-4008,750.76,11,0,2,1,0,37,1343.38,1,0.146,0,4,2,unauthorized,1
CASE-4009,692.74,16,0,0,0,13,1,886.49,2,0.279,0,3,3,item_not_received,0
CASE-4010,1001.79,4,0,0,0,6,64,1821.56,1,0.193,1,3,3,item_not_received,1
CASE-4011,6299.2,2,0,0,0,2,10,7135.4,0,0.074,0,3,3,item_not_received,0
CASE-4012,19330.19,11,0,0,1,0,16,8671.66,1,0.151,0,5,1,unauthorized,0
CASE-4013,2592.18,2,0,2,1,0,11,5576.32,4,0.13,0,4,2,defective,1
CASE-4014,12344.03,20,1,1,1,0,28,13078.71,2,0.224,0,4,2,defective,1
CASE-4015,12234.57,10,0,0,1,0,6,17552.52,4,0.198,0,6,0,item_not_received,1
CASE-4016,104846.85,15,0,1,1,0,22,142183.34,12,0.189,0,4,2,duplicate,1
CASE-4017,978.0,4,0,4,1,11,3,772.74,3,0.143,0,3,3,other,0
CASE-4018,1734.03,21,0,3,1,0,12,796.27,14,0.086,0,6,0,item_not_received,1
CASE-4019,89958.46,8,3,1,1,0,20,29693.35,0,0.549,2,6,0,item_not_received,1
CASE-4020,133883.06,66,3,2,0,26,4,121233.41,0,0.621,2,2,4,unauthorized,0
CASE-4021,12034.14,72,1,0,1,5,2,3770.41,11,0.162,6,3,3,item_not_received,0
CASE-4022,1369.47,1,0,2,1,0,46,2045.43,9,0.13,0,6,0,item_not_received,1
CASE-4023,65514.6,14,0,0,1,0,4,40698.06,1,0.154,0,5,1,item_not_received,1
CASE-4024,4274.07,13,0,0,0,6,61,4310.93,4,0.047,0,2,4,item_not_received,0
CASE-4025,138220.15,18,0,1,0,1,22,304851.51,1,0.204,0,1,5,defective,0
CASE-4026,7295.56,10,3,4,1,29,13,13934.4,0,0.575,2,5,1,item_not_received,1
CASE-4027,9455.13,1,0,6,0,25,25,3817.51,4,0.066,0,2,4,defective,0
CASE-4028,1879.6,94,4,0,0,26,62,2765.1,7,0.625,2,6,0,duplicate,0
CASE-4029,19799.96,82,7,0,1,0,8,17423.38,1,0.92,2,5,1,defective,0
CASE-4030,94134.16,27,0,1,1,0,24,55469.35,0,0.028,0,4,2,defective,1
CASE-4031,13210.46,4,3,0,1,0,1,21423.05,0,0.519,0,4,2,item_not_received,1
CASE-4032,17758.47,5,3,0,1,0,2,43203.2,3,0.392,1,4,2,item_not_received,1
CASE-4033,18204.29,1,0,0,1,0,3,44520.07,14,0.114,5,5,1,duplicate,1
CASE-4034,2345.11,7,2,0,1,0,78,4875.75,7,0.378,0,6,0,unauthorized,1
CASE-4035,13686.64,76,6,0,1,11,60,8930.29,9,0.634,0,5,1,defective,1
CASE-4036,129894.12,10,2,0,0,7,47,58767.19,11,0.353,0,2,4,duplicate,0
CASE-4037,878.97,3,1,0,0,11,55,1375.03,11,0.087,1,4,2,other,0
CASE-4038,1497.0,14,0,0,1,0,10,2162.32,1,0.51,0,6,0,defective,1
CASE-4039,11772.4,3,5,0,1,0,1,24513.39,3,0.689,0,5,1,duplicate,0
CASE-4040,590.63,1,0,0,1,0,2,368.02,0,0.032,2,5,1,defective,1
CASE-4041,103850.98,10,7,3,1,0,5,149642.22,9,0.756,0,6,0,unauthorized,0
CASE-4042,918.16,4,9,0,1,2,50,478.13,12,1.0,0,5,1,other,0
CASE-4043,44221.39,3,7,0,1,18,9,76299.99,0,0.747,3,3,3,item_not_received,1
CASE-4044,119432.83,17,0,1,1,0,12,62090.85,0,0.057,2,3,3,other,1
CASE-4045,5112.61,6,2,0,1,0,88,5344.99,4,0.429,0,6,0,defective,1
CASE-4046,36358.7,1,0,2,1,0,12,54287.23,0,0.091,2,2,4,defective,1
CASE-4047,6666.61,2,0,0,0,4,2,13780.42,7,0.172,0,3,3,other,0
CASE-4048,1389.48,86,0,1,0,27,5,571.95,1,0.328,0,1,5,unauthorized,0
CASE-4049,646.38,15,1,0,1,10,83,626.28,14,0.435,0,3,3,defective,0
CASE-4050,12449.26,48,0,0,1,20,68,23829.48,0,0.022,1,6,0,other,0
CASE-4051,1458.64,15,3,2,1,0,28,730.21,4,0.486,2,2,4,defective,0
CASE-4052,1514.61,2,0,1,0,8,18,2423.26,0,0.206,2,4,2,unauthorized,0
CASE-4053,1811.25,5,2,0,1,24,17,1799.16,4,0.574,2,5,1,defective,1
CASE-4054,11341.52,7,1,1,1,0,52,13740.38,11,0.302,4,5,1,unauthorized,1
CASE-4055,77645.88,3,0,1,1,0,5,98266.71,2,0.409,6,5,1,item_not_received,1
CASE-4056,148365.91,1,1,0,1,0,24,223713.39,0,0.205,0,5,1,unauthorized,0
CASE-4057,31367.95,4,0,2,0,9,13,9967.88,9,0.127,1,2,4,item_not_received,0
CASE-4058,7447.23,69,0,7,1,0,17,6810.89,1,0.24,2,5,1,item_not_received,1
CASE-4059,521.2,4,5,6,1,23,24,238.45,11,0.499,1,5,1,item_not_received,1
CASE-4060,1016.51,37,0,0,1,14,19,2227.54,6,0.124,2,5,1,item_not_received,1
CASE-4061,91496.05,2,0,0,0,29,29,215124.72,5,0.096,1,6,0,item_not_received,1
CASE-4062,122809.7,14,0,0,0,4,6,38968.88,1,0.282,0,3,3,other,0
CASE-4063,14504.05,3,8,0,1,6,3,10188.02,2,1.0,0,3,3,unauthorized,0
CASE-4064,348.46,19,0,0,0,25,21,524.18,1,0.376,0,3,3,item_not_received,0
CASE-4065,1339.24,42,1,0,1,0,5,752.65,1,0.448,0,5,1,defective,1
CASE-4066,500.09,86,0,0,0,9,15,438.51,0,0.116,0,3,3,defective,1
CASE-4067,1383.86,1,3,0,0,25,13,3435.08,11,0.138,0,2,4,item_not_received,0
CASE-4068,12196.76,11,1,6,1,0,12,8566.87,9,0.145,0,4,2,item_not_received,1
CASE-4069,56012.94,1,4,0,0,29,2,21814.12,3,0.604,0,3,3,item_not_received,0
CASE-4070,8230.96,4,0,2,0,24,2,13201.48,9,0.109,0,4,2,item_not_received,0
CASE-4071,1974.72,3,5,0,0,7,27,1146.32,3,0.495,0,3,3,item_not_received,0
CASE-4072,1335.84,11,1,0,1,0,15,1203.8,1,0.216,2,5,1,item_not_received,1
CASE-4073,19122.41,6,6,1,1,0,25,44007.58,1,0.619,0,5,1,item_not_received,1
CASE-4074,91964.16,27,1,0,1,0,20,211472.43,0,0.141,2,5,1,unauthorized,1
CASE-4075,1460.35,9,0,1,1,0,32,2987.76,13,0.088,0,6,0,unauthorized,1
CASE-4076,84772.7,9,1,2,1,0,60,89251.58,0,0.348,2,4,2,defective,0
CASE-4077,13312.9,16,0,3,1,12,59,28096.9,0,0.017,4,5,1,item_not_received,1
CASE-4078,1733.67,10,0,0,0,14,3,2296.53,2,0.149,1,3,3,unauthorized,0
CASE-4079,6102.19,17,4,1,1,0,2,8871.93,4,0.509,0,5,1,other,1
CASE-4080,17972.43,2,3,7,1,0,8,15380.87,13,0.522,0,6,0,unauthorized,0
CASE-4081,1400.53,2,3,1,0,13,54,2315.27,4,0.474,2,4,2,item_not_received,0
CASE-4082,1743.18,7,8,1,0,9,36,3552.97,13,0.744,0,2,4,defective,0
CASE-4083,4089.9,4,8,2,0,22,6,5676.97,1,0.866,0,5,1,unauthorized,0
CASE-4084,19816.06,2,9,0,0,10,63,27529.6,4,0.996,1,3,3,item_not_received,0
CASE-4085,78140.97,64,0,2,0,4,1,108353.85,2,0.05,1,6,0,unauthorized,0
CASE-4086,17801.51,11,2,0,0,9,5,20456.54,3,0.17,0,2,4,unauthorized,0
CASE-4087,46252.66,3,3,2,1,0,14,39125.97,1,0.564,1,4,2,duplicate,0
CASE-4088,17756.79,17,0,0,1,6,64,25892.8,8,0.083,0,6,0,item_not_received,1
CASE-4089,224.62,7,5,2,0,16,21,508.47,0,0.363,0,2,4,other,0
CASE-4090,467.67,45,1,0,0,5,10,633.63,0,0.309,4,1,5,unauthorized,0
CASE-4091,1586.57,5,1,0,1,29,19,2512.88,4,0.245,0,5,1,duplicate,1
CASE-4092,148435.25,3,3,0,1,0,19,200680.46,0,0.508,0,4,2,item_not_received,0
CASE-4093,836.82,6,9,0,1,0,6,1515.39,2,1.0,0,5,1,other,0
CASE-4094,734.84,9,1,2,1,0,3,928.71,14,0.263,4,4,2,defective,1
CASE-4095,1165.69,16,2,5,0,27,10,2779.1,14,0.414,5,4,2,unauthorized,0
CASE-4096,449.47,10,2,0,0,24,4,384.73,0,0.239,0,1,5,unauthorized,0
CASE-4097,1636.85,19,1,0,0,0,70,3058.55,3,0.214,0,4,2,other,0
CASE-4098,1242.63,44,0,2,1,0,63,1343.68,2,0.223,0,4,2,defective,1
CASE-4099,388.84,14,0,0,1,26,1,953.66,2,0.142,0,5,1,defective,1
CASE-4100,106492.42,55,2,0,1,0,7,32552.98,0,0.332,0,3,3,other,1
CASE-4101,63380.52,2,5,2,0,22,27,21655.0,0,0.422,0,3,3,other,0
CASE-4102,785.36,2,3,2,1,0,17,1764.66,0,0.501,0,6,0,unauthorized,1
CASE-4103,506.68,25,3,3,0,10,4,460.22,0,0.403,1,4,2,defective,0
CASE-4104,2287.75,3,0,0,1,0,13,5618.86,1,0.211,0,4,2,item_not_received,1
CASE-4105,36518.73,5,3,2,0,9,38,29354.07,4,0.17,6,3,3,unauthorized,0
CASE-4106,537.52,90,0,1,0,10,6,1172.63,3,0.132,2,2,4,item_not_received,0
CASE-4107,1965.38,5,0,3,1,0,73,4017.15,0,0.347,0,6,0,defective,1
CASE-4108,19039.76,1,2,2,1,0,1,40823.37,5,0.253,5,3,3,unauthorized,0
CASE-4109,349.16,10,0,0,1,0,2,363.43,1,0.155,2,6,0,other,1
CASE-4110,15937.05,1,6,0,1,12,6,11690.68,3,0.488,0,5,1,item_not_received,0
CASE-4111,449.48,4,0,0,0,4,80,335.46,10,0.101,1,4,2,unauthorized,1
CASE-4112,5328.69,8,2,0,0,27,7,8972.86,0,0.194,0,1,5,duplicate,0
CASE-4113,12937.94,28,0,2,1,0,5,28203.49,9,0.237,0,6,0,defective,1
CASE-4114,3497.05,16,3,0,0,19,1,4401.14,0,0.494,2,2,4,item_not_received,0
CASE-4115,9327.81,8,0,2,1,28,22,22759.42,0,0.362,0,6,0,item_not_received,1
CASE-4116,19883.38,17,2,0,1,0,69,42913.84,2,0.356,2,4,2,defective,1
CASE-4117,118284.8,80,0,0,0,17,46,234856.58,2,0.296,2,2,4,defective,0
CASE-4118,5696.59,9,9,0,1,0,22,6438.18,2,0.804,2,4,2,other,0
CASE-4119,122664.24,13,0,0,1,0,65,71190.57,12,0.372,0,6,0,item_not_received,1
CASE-4120,3817.65,99,0,0,1,0,21,3716.49,6,0.189,0,5,1,item_not_received,1
CASE-4121,11024.99,9,0,0,1,0,2,17265.27,12,0.227,0,4,2,unauthorized,1
CASE-4122,885.12,1,0,0,1,10,24,371.04,5,0.319,0,5,1,duplicate,1
CASE-4123,1019.37,1,2,0,1,0,69,537.55,3,0.751,0,2,4,unauthorized,0
CASE-4124,82004.71,3,2,0,1,10,27,56589.8,10,0.503,1,3,3,defective,0
CASE-4125,3681.61,2,3,0,1,0,4,5307.91,4,0.399,2,5,1,item_not_received,1
CASE-4126,403.36,12,3,0,1,0,15,422.1,7,0.72,0,5,1,unauthorized,1
CASE-4127,778.02,10,2,0,1,0,16,548.94,9,0.097,2,6,0,duplicate,1
CASE-4128,13432.47,1,3,6,1,0,11,15640.08,6,0.215,0,5,1,item_not_received,1
CASE-4129,9987.95,13,0,1,1,1,48,24476.24,8,0.067,0,4,2,item_not_received,0
CASE-4130,1787.61,15,1,0,1,0,65,3206.09,0,0.384,0,6,0,unauthorized,1
CASE-4131,32340.84,4,0,7,1,0,23,61901.95,3,0.597,0,2,4,defective,1
CASE-4132,10215.45,20,9,0,0,29,4,19235.74,2,1.0,0,2,4,item_not_received,0
CASE-4133,10888.51,5,2,0,1,0,3,12059.59,0,0.286,0,5,1,item_not_received,1
CASE-4134,1368.65,30,0,0,1,0,25,2192.22,2,0.178,0,6,0,item_not_received,1
CASE-4135,12467.92,15,1,0,0,3,3,25845.81,1,0.098,0,4,2,defective,0
CASE-4136,1162.38,3,0,0,1,22,6,1224.79,4,0.211,0,6,0,item_not_received,1
CASE-4137,1677.66,1,0,0,1,0,6,1885.75,14,0.286,6,6,0,item_not_received,1
CASE-4138,7028.1,48,1,0,1,0,4,11024.1,1,0.294,0,5,1,defective,1
CASE-4139,1282.57,10,0,2,1,0,21,2574.19,2,0.192,0,4,2,other,0
CASE-4140,148137.67,42,3,6,1,21,6,326727.46,4,0.426,0,6,0,item_not_received,1
CASE-4141,14191.67,7,0,0,1,0,9,24464.65,4,0.255,1,3,3,other,0
CASE-4142,135618.6,6,0,0,1,0,81,155085.49,1,0.154,3,3,3,item_not_received,1
CASE-4143,2214.94,18,9,0,0,23,17,3960.46,1,0.901,0,3,3,duplicate,0
CASE-4144,145435.16,36,0,1,1,13,22,176446.68,1,0.203,3,6,0,item_not_received,1
CASE-4145,43391.89,4,3,1,0,5,10,55061.96,11,0.657,0,3,3,other,0
CASE-4146,21041.19,10,2,0,0,10,11,43258.32,0,0.43,0,2,4,unauthorized,1
CASE-4147,824.5,39,3,0,1,18,8,1563.04,1,0.41,0,4,2,item_not_received,1
CASE-4148,17197.4,14,1,0,0,21,3,21930.69,2,0.153,1,1,5,item_not_received,0
CASE-4149,4984.29,6,0,2,0,5,3,9623.47,2,0.188,0,4,2,item_not_received,1
CASE-4150,897.92,14,2,1,1,0,19,704.46,1,0.366,0,3,3,unauthorized,0
CASE-4151,145977.3,8,0,4,0,28,24,200369.99,0,0.207,0,1,5,duplicate,0
CASE-4152,8791.95,1,0,6,1,0,13,18488.24,4,0.113,1,5,1,item_not_received,1
CASE-4153,82446.66,1,3,2,0,1,63,67857.92,0,0.537,0,2,4,unauthorized,0
CASE-4154,18167.0,7,8,3,1,0,4,6249.92,0,0.62,0,4,2,item_not_received,1
CASE-4155,422.59,4,3,0,1,0,16,778.8,6,0.556,0,3,3,unauthorized,0
CASE-4156,61250.69,3,5,2,1,0,4,152263.48,1,0.83,0,4,2,other,1
CASE-4157,395.26,9,6,0,0,5,5,377.34,2,0.722,0,3,3,unauthorized,0
CASE-4158,3936.25,1,0,2,1,0,15,1614.47,14,0.07,0,6,0,defective,0
CASE-4159,2325.8,5,1,0,1,26,77,5229.0,3,0.096,3,4,2,item_not_received,1
CASE-4160,50170.45,19,1,2,1,0,5,120005.72,0,0.083,0,6,0,defective,1
CASE-4161,685.35,1,0,2,1,0,55,1703.6,14,0.129,1,5,1,unauthorized,1
CASE-4162,55116.74,1,3,0,0,20,36,55229.82,0,0.394,0,1,5,item_not_received,0
CASE-4163,412.16,38,8,2,1,0,13,868.0,14,0.534,6,3,3,other,1
CASE-4164,7287.29,23,2,0,1,0,25,6056.22,3,0.163,3,3,3,item_not_received,1
CASE-4165,918.28,7,0,0,1,0,36,534.4,1,0.098,1,4,2,item_not_received,1
CASE-4166,13828.84,10,0,1,0,18,16,30879.85,1,0.14,1,2,4,item_not_received,0
CASE-4167,10514.45,3,0,0,0,20,6,21854.46,1,0.124,0,4,2,item_not_received,1
CASE-4168,1076.43,5,9,2,1,9,3,436.83,0,1.0,0,5,1,unauthorized,0
CASE-4169,137216.6,8,4,1,1,18,22,154783.99,4,0.692,0,6,0,defective,1
CASE-4170,18741.44,1,0,0,1,0,18,11907.47,0,0.055,2,5,1,item_not_received,1
CASE-4171,54578.56,3,0,1,0,4,18,46361.64,3,0.339,0,4,2,other,1
CASE-4172,55674.73,1,3,0,0,15,87,61267.68,8,0.643,0,3,3,unauthorized,0
CASE-4173,13024.89,19,3,0,0,6,8,21648.41,2,0.562,0,3,3,unauthorized,0
CASE-4174,14508.87,13,0,0,0,25,18,23963.93,10,0.14,0,3,3,defective,0
CASE-4175,45390.43,17,1,0,1,0,3,50916.0,0,0.232,5,4,2,unauthorized,0
CASE-4176,1049.77,2,0,0,0,10,27,689.48,0,0.056,0,2,4,item_not_received,0
CASE-4177,10004.14,3,0,0,1,0,28,12998.3,0,0.282,4,4,2,item_not_received,0
CASE-4178,141313.59,1,0,3,1,23,3,129194.11,0,0.181,2,4,2,unauthorized,1
CASE-4179,355.11,2,7,0,1,0,80,158.45,0,0.526,0,4,2,unauthorized,0
CASE-4180,2525.8,19,2,0,1,0,15,6065.86,1,0.695,0,3,3,unauthorized,1
CASE-4181,10566.79,1,0,2,1,0,22,13647.05,4,0.117,2,4,2,item_not_received,1
CASE-4182,12532.98,17,0,0,1,28,84,22335.86,14,0.099,0,5,1,item_not_received,1
CASE-4183,60795.38,2,0,0,1,29,29,88055.79,3,0.099,0,5,1,defective,1
CASE-4184,55215.62,56,1,2,1,0,38,46065.48,4,0.169,2,5,1,other,1
CASE-4185,10212.78,47,3,0,1,15,20,9801.86,0,0.35,0,4,2,defective,1
CASE-4186,1934.07,16,0,7,1,18,6,3901.74,4,0.155,6,3,3,defective,0
CASE-4187,54512.73,11,0,6,1,0,26,105985.66,0,0.182,6,4,2,item_not_received,0
CASE-4188,46296.31,13,0,2,1,0,29,83850.44,3,0.27,1,6,0,other,1
CASE-4189,94047.67,2,4,0,1,0,64,87177.31,3,0.566,0,5,1,item_not_received,1
CASE-4190,32597.22,19,0,1,1,0,19,27596.33,2,0.223,0,6,0,duplicate,0
CASE-4191,1399.82,1,0,0,1,0,1,860.41,4,0.075,0,5,1,unauthorized,1
CASE-4192,1659.79,4,0,0,1,17,27,1747.53,9,0.068,0,5,1,item_not_received,1
CASE-4193,59022.44,78,0,6,1,0,2,53269.5,8,0.14,0,6,0,item_not_received,1
CASE-4194,14834.07,1,0,0,0,0,30,22484.62,3,0.125,2,3,3,unauthorized,0
CASE-4195,490.15,35,5,2,1,3,55,196.28,4,0.806,0,6,0,item_not_received,1
CASE-4196,126957.44,19,9,0,1,0,29,81041.19,2,1.0,0,5,1,duplicate,0
CASE-4197,1831.63,4,2,0,1,4,9,2538.37,4,0.358,0,5,1,unauthorized,1
CASE-4198,318.76,5,3,0,0,16,23,420.18,4,0.558,4,2,4,duplicate,0
CASE-4199,964.88,7,0,2,1,0,27,372.03,3,0.278,0,6,0,unauthorized,1
CASE-4200,619.5,16,0,2,0,11,20,1235.71,6,0.234,0,4,2,item_not_received,0
CASE-4201,10433.7,3,0,0,1,0,1,22577.32,0,0.296,0,4,2,item_not_received,1
CASE-4202,141259.24,10,0,1,0,18,5,78069.23,2,0.056,0,1,5,item_not_received,0
CASE-4203,39941.55,3,0,0,1,1,14,81112.5,0,0.14,0,6,0,item_not_received,1
CASE-4204,10588.2,3,2,0,1,0,5,19750.14,13,0.144,0,4,2,duplicate,1
CASE-4205,5303.64,4,5,4,1,16,1,6892.56,14,0.564,2,5,1,defective,0
CASE-4206,14785.3,3,2,0,1,14,14,12452.67,13,0.187,0,5,1,defective,1
CASE-4207,29780.19,18,1,1,1,0,10,30693.57,3,0.121,0,3,3,unauthorized,1
CASE-4208,221.95,9,2,0,0,27,82,189.61,4,0.248,0,3,3,item_not_received,0
CASE-4209,14506.76,6,0,1,0,11,77,20687.08,4,0.095,0,2,4,unauthorized,0
CASE-4210,666.96,2,2,1,1,24,62,665.67,0,0.562,1,4,2,item_not_received,1
CASE-4211,1464.03,58,1,1,0,17,38,1536.72,2,0.17,6,3,3,item_not_received,0
CASE-4212,14545.64,14,0,0,1,3,24,9904.9,4,0.198,2,5,1,item_not_received,0
CASE-4213,77760.98,1,2,0,1,3,5,115435.24,1,0.339,1,4,2,other,0
CASE-4214,434.23,75,1,5,1,0,3,575.01,0,0.29,0,5,1,unauthorized,0
CASE-4215,1869.03,15,2,0,0,18,17,1627.65,1,0.444,2,1,5,defective,0
CASE-4216,107934.62,84,4,0,1,0,6,151497.8,8,0.525,0,5,1,unauthorized,0
CASE-4217,64900.68,19,5,0,1,0,3,102753.01,1,0.465,0,5,1,unauthorized,0
CASE-4218,1935.38,14,3,0,0,10,6,846.38,9,0.235,0,4,2,item_not_received,1
CASE-4219,352.4,11,8,0,0,4,9,120.41,2,1.0,0,3,3,defective,0
CASE-4220,1814.93,7,1,2,1,4,4,1963.85,3,0.284,2,4,2,unauthorized,0
CASE-4221,1085.1,89,0,2,0,22,5,1059.5,2,0.086,0,1,5,item_not_received,0
CASE-4222,48561.77,32,8,0,1,0,55,91874.85,0,0.973,0,5,1,defective,1
CASE-4223,1224.26,3,0,0,1,10,20,1347.78,2,0.172,2,5,1,unauthorized,1
CASE-4224,551.93,13,0,0,0,6,57,795.54,4,0.088,0,3,3,unauthorized,0
CASE-4225,144109.93,7,9,0,1,7,38,135018.1,1,0.928,2,4,2,unauthorized,0
CASE-4226,3235.19,13,3,1,1,0,58,7707.87,4,0.539,0,5,1,item_not_received,1
CASE-4227,132873.23,3,8,0,0,5,8,281876.93,3,0.96,0,5,1,item_not_received,0
CASE-4228,589.56,1,3,0,1,0,7,1384.98,0,0.438,0,3,3,defective,1
CASE-4229,437.32,10,3,5,0,23,13,302.2,6,0.356,0,5,1,defective,0
CASE-4230,16569.87,88,7,0,1,25,19,6757.48,6,0.792,0,5,1,defective,1
CASE-4231,3868.27,1,3,0,1,18,8,7165.87,6,0.653,1,6,0,defective,1
CASE-4232,67589.45,2,1,0,0,23,70,161841.04,0,0.286,1,5,1,duplicate,0
CASE-4233,482.61,11,0,2,0,25,11,281.87,0,0.056,0,4,2,other,0
CASE-4234,6777.62,4,9,0,0,27,8,13587.32,13,0.826,6,2,4,item_not_received,0
CASE-4235,10272.0,9,0,0,0,27,26,15424.63,0,0.107,2,1,5,unauthorized,0
CASE-4236,13639.41,12,0,0,1,10,14,6560.61,9,0.166,1,5,1,item_not_received,1
CASE-4237,16748.65,2,0,7,1,0,37,18690.54,3,0.096,0,5,1,item_not_received,0
CASE-4238,468.63,1,1,0,1,4,13,157.22,2,0.145,0,3,3,defective,0
CASE-4239,116141.76,1,2,0,1,0,20,153075.3,14,0.3,6,6,0,item_not_received,1
CASE-4240,202.63,1,2,1,1,0,66,452.28,14,0.319,0,3,3,duplicate,1
CASE-4241,689.03,19,0,1,0,0,1,321.45,0,0.229,0,3,3,duplicate,0
CASE-4242,502.22,3,0,0,0,17,10,603.54,0,0.156,1,3,3,defective,1
CASE-4243,1176.25,6,0,0,0,4,14,2269.18,1,0.219,5,3,3,unauthorized,0
CASE-4244,847.8,51,3,0,0,15,26,1621.33,0,0.415,0,2,4,defective,0
CASE-4245,48615.19,3,0,0,0,12,23,64388.19,3,0.154,5,3,3,defective,0
CASE-4246,15403.93,11,0,0,1,0,15,19264.84,0,0.387,0,6,0,unauthorized,1
CASE-4247,120460.99,3,1,0,0,5,40,118439.64,7,0.279,0,4,2,unauthorized,0
CASE-4248,8057.3,4,5,0,1,0,2,17170.29,3,0.425,0,4,2,unauthorized,0
CASE-4249,1259.51,29,3,0,1,9,49,1541.72,3,0.387,5,3,3,other,1
CASE-4250,114420.03,4,1,0,1,10,21,197765.52,0,0.085,0,5,1,unauthorized,1
CASE-4251,877.11,3,0,3,1,29,6,392.53,0,0.144,0,6,0,unauthorized,0
CASE-4252,17675.85,19,2,0,0,22,59,14808.93,0,0.477,1,4,2,duplicate,0
CASE-4253,563.14,15,0,1,1,2,24,677.28,0,0.094,0,5,1,unauthorized,1
CASE-4254,777.37,2,0,0,1,0,13,1379.76,5,0.197,0,6,0,duplicate,1
CASE-4255,931.53,3,0,2,1,13,24,1126.88,2,0.084,0,4,2,defective,1
CASE-4256,1141.27,5,0,3,1,0,2,1854.05,4,0.068,0,3,3,item_not_received,1
CASE-4257,149624.64,2,0,0,1,0,7,231530.15,1,0.062,1,5,1,unauthorized,1
CASE-4258,9299.25,9,9,1,1,8,4,20814.18,4,0.607,0,6,0,other,0
CASE-4259,1449.47,1,5,0,0,7,11,2285.93,6,0.893,0,3,3,unauthorized,0
CASE-4260,2166.41,2,1,0,0,10,1,2839.76,3,0.192,1,3,3,item_not_received,0
CASE-4261,1729.2,53,1,2,0,22,12,3875.44,0,0.507,0,4,2,unauthorized,0
CASE-4262,1038.22,3,0,0,1,0,37,2087.15,11,0.138,6,5,1,defective,1
CASE-4263,14460.2,98,3,0,1,0,4,24556.85,3,0.615,0,5,1,duplicate,1
CASE-4264,17140.82,15,2,0,1,0,21,19943.63,0,0.626,2,6,0,item_not_received,1
CASE-4265,1174.53,6,9,2,1,0,24,1636.36,0,0.976,0,4,2,defective,0
CASE-4266,132565.78,3,0,2,1,0,3,76618.11,7,0.362,0,3,3,defective,1
CASE-4267,905.74,6,0,1,1,0,68,1560.13,10,0.245,0,5,1,item_not_received,1
CASE-4268,15998.12,3,0,0,1,0,76,9178.16,0,0.098,2,4,2,defective,1
CASE-4269,39568.76,64,0,0,1,0,29,81650.41,5,0.216,3,6,0,item_not_received,1
CASE-4270,30075.43,18,3,6,1,0,26,61530.0,7,0.276,1,4,2,item_not_received,1
CASE-4271,1481.0,12,0,0,0,22,9,3624.28,8,0.2,2,4,2,unauthorized,0
CASE-4272,345.34,12,2,2,0,12,28,403.99,0,0.136,2,0,6,defective,0
CASE-4273,603.92,18,0,0,0,28,20,454.65,0,0.267,0,4,2,duplicate,0
CASE-4274,12004.34,8,2,4,0,14,4,10370.64,7,0.22,0,3,3,defective,0
CASE-4275,17190.47,4,8,5,1,24,84,41583.68,1,1.0,0,5,1,item_not_received,0
CASE-4276,685.71,13,6,0,1,23,13,831.83,8,0.531,0,6,0,defective,1
CASE-4277,17356.82,19,0,1,1,0,26,28281.72,0,0.16,1,4,2,defective,0
CASE-4278,133328.57,1,0,0,0,27,14,158477.1,1,0.392,1,2,4,item_not_received,0
CASE-4279,12289.89,55,7,2,1,0,3,18498.32,7,0.499,1,4,2,unauthorized,0
CASE-4280,949.52,1,3,0,1,0,10,888.38,0,0.392,0,6,0,item_not_received,1
CASE-4281,7051.84,6,9,0,1,0,72,3061.89,4,1.0,0,4,2,item_not_received,1
CASE-4282,1252.96,3,1,0,1,0,81,2437.0,11,0.253,0,4,2,defective,1
CASE-4283,25534.27,6,2,0,0,5,6,27484.48,1,0.512,0,4,2,item_not_received,0
CASE-4284,5249.14,3,0,0,1,0,10,4616.36,3,0.065,0,5,1,defective,1
CASE-4285,19123.85,15,2,1,1,0,63,44924.66,0,0.342,0,4,2,unauthorized,0
CASE-4286,11434.33,67,2,1,1,0,10,17160.01,11,0.332,1,4,2,duplicate,1
CASE-4287,12959.63,5,0,0,1,0,28,18868.43,1,0.07,0,4,2,defective,0
CASE-4288,60487.77,10,0,0,1,9,15,134404.88,2,0.318,1,3,3,item_not_received,1
CASE-4289,1140.85,1,6,0,1,0,12,2395.91,1,0.829,0,4,2,duplicate,0
CASE-4290,72787.16,7,0,0,0,4,2,74289.23,0,0.075,0,1,5,unauthorized,0
CASE-4291,502.47,2,0,0,1,0,23,498.69,0,0.435,0,4,2,defective,1
CASE-4292,18675.17,4,0,0,0,29,2,43089.86,0,0.296,1,1,5,defective,0
CASE-4293,1304.28,19,9,2,1,0,17,2841.84,0,0.724,0,3,3,other,0
CASE-4294,228.85,2,2,2,1,0,27,192.81,11,0.394,2,4,2,item_not_received,1
CASE-4295,8323.69,51,2,0,0,23,1,14652.09,8,0.668,0,5,1,item_not_received,0
CASE-4296,4576.63,43,6,0,1,21,23,8880.11,0,0.843,1,3,3,unauthorized,0
CASE-4297,98190.81,93,5,0,1,0,4,87405.43,3,0.61,1,6,0,item_not_received,1
CASE-4298,992.07,1,1,0,1,0,77,2305.24,4,0.123,3,4,2,item_not_received,1
CASE-4299,98586.3,2,1,7,0,14,40,33312.99,4,0.291,0,3,3,item_not_received,0
CASE-4300,682.68,49,0,0,1,0,21,323.52,0,0.087,0,5,1,item_not_received,1
CASE-4301,62272.16,1,0,7,1,0,16,111668.31,0,0.051,2,5,1,item_not_received,0
CASE-4302,393.64,19,0,1,0,24,1,399.07,1,0.119,0,1,5,other,0
CASE-4303,2437.83,60,0,0,0,8,2,4552.39,1,0.206,0,4,2,item_not_received,1
CASE-4304,10475.94,2,0,0,0,24,3,17455.4,3,0.103,2,3,3,item_not_received,0
CASE-4305,7004.75,2,0,0,1,0,26,9038.43,4,0.055,0,5,1,unauthorized,1
CASE-4306,19872.11,23,0,0,0,23,13,48884.45,3,0.122,1,3,3,defective,0
CASE-4307,388.41,2,0,0,1,27,4,636.89,0,0.209,3,3,3,item_not_received,1
CASE-4308,40282.61,14,3,0,1,0,13,20887.07,10,0.316,0,5,1,unauthorized,1
CASE-4309,909.35,51,0,0,0,2,3,456.14,4,0.204,0,2,4,defective,0
CASE-4310,81957.18,23,0,0,0,4,14,144197.85,2,0.049,0,4,2,defective,0
CASE-4311,8526.75,1,0,0,1,0,5,18895.55,3,0.04,0,5,1,unauthorized,1
CASE-4312,135649.84,3,3,0,1,0,32,219149.16,1,0.362,0,2,4,defective,0
CASE-4313,3103.36,9,3,0,0,15,5,3761.95,1,0.595,0,2,4,item_not_received,0
CASE-4314,4778.09,12,0,0,1,0,3,4991.64,7,0.25,0,4,2,defective,1
CASE-4315,3537.77,15,0,2,0,29,6,5974.23,4,0.094,0,3,3,item_not_received,0
CASE-4316,10822.44,2,3,0,1,0,24,18681.56,2,0.356,0,5,1,item_not_received,1
CASE-4317,101524.54,5,1,2,1,0,2,56339.23,0,0.231,0,6,0,defective,1
CASE-4318,22841.57,81,2,0,0,17,27,30353.47,2,0.661,0,2,4,item_not_received,0
CASE-4319,15592.37,12,0,1,0,3,12,14532.72,4,0.086,0,1,5,duplicate,0
CASE-4320,6580.62,44,1,0,1,0,20,12285.39,6,0.258,0,5,1,item_not_received,1
CASE-4321,269.95,2,0,0,1,26,22,623.38,4,0.151,0,5,1,duplicate,1
CASE-4322,10440.91,4,9,0,1,0,18,9848.36,0,0.892,0,5,1,item_not_received,0
CASE-4323,105366.56,8,0,0,1,0,64,231677.59,0,0.103,0,5,1,item_not_received,1
CASE-4324,1169.5,98,0,0,0,7,32,1641.19,0,0.026,1,5,1,item_not_received,1
CASE-4325,1948.43,2,1,0,0,4,15,4319.46,4,0.318,0,4,2,unauthorized,0
CASE-4326,316.79,5,8,5,0,1,47,744.57,0,0.969,2,3,3,unauthorized,0
CASE-4327,941.29,4,3,0,1,25,3,382.76,2,0.278,0,5,1,defective,1
CASE-4328,466.73,14,4,0,1,0,24,144.32,0,0.601,1,4,2,defective,0
CASE-4329,7096.96,39,3,0,1,7,31,13551.1,2,0.322,0,4,2,defective,1
CASE-4330,358.18,33,1,0,0,27,15,265.4,3,0.183,2,3,3,item_not_received,0
CASE-4331,1796.1,1,6,0,1,0,17,945.82,1,0.664,1,5,1,unauthorized,1
CASE-4332,62024.3,57,0,2,0,21,13,91494.19,0,0.162,2,5,1,other,0
CASE-4333,545.01,7,0,1,1,0,37,891.7,5,0.131,4,3,3,unauthorized,0
CASE-4334,117853.02,12,3,1,1,0,74,227776.62,12,0.431,0,5,1,item_not_received,1
CASE-4335,10906.27,3,0,2,1,8,3,14696.46,3,0.165,0,5,1,unauthorized,1
CASE-4336,15771.58,26,2,0,1,0,27,35093.09,4,0.306,6,6,0,unauthorized,1
CASE-4337,1985.13,2,2,0,1,0,6,2977.68,12,0.181,0,6,0,duplicate,1
CASE-4338,1790.52,32,3,0,1,0,4,1801.07,3,0.559,2,6,0,item_not_received,1
CASE-4339,1007.39,2,3,2,1,23,14,1197.17,3,0.151,0,2,4,defective,1
CASE-4340,1439.5,1,1,2,0,15,51,2515.2,3,0.4,0,1,5,other,0
CASE-4341,12650.33,1,0,2,1,13,79,23315.11,3,0.146,0,2,4,item_not_received,1
CASE-4342,4590.04,47,2,1,0,24,13,2491.59,1,0.634,2,1,5,item_not_received,0
CASE-4343,13697.47,24,2,2,0,27,1,5364.48,10,0.084,5,2,4,defective,0
CASE-4344,539.47,4,9,0,1,2,17,969.15,4,1.0,0,3,3,defective,0
CASE-4345,355.23,2,2,0,1,0,6,741.75,0,0.365,1,4,2,duplicate,1
CASE-4346,27711.3,2,2,0,1,0,21,69237.48,3,0.297,0,4,2,item_not_received,1
CASE-4347,21504.95,18,3,2,1,13,23,7291.94,1,0.344,0,5,1,defective,1
CASE-4348,679.67,1,0,0,1,13,15,853.55,0,0.102,1,5,1,item_not_received,1
CASE-4349,16997.59,3,2,0,0,26,22,38067.52,0,0.379,1,4,2,duplicate,0
CASE-4350,15338.44,65,2,1,1,17,7,25500.52,12,0.301,0,6,0,item_not_received,1
CASE-4351,4087.48,9,4,0,0,20,12,9142.35,0,0.299,0,2,4,item_not_received,0
CASE-4352,651.31,37,1,0,1,0,2,909.6,7,0.25,3,4,2,defective,1
CASE-4353,7390.59,72,0,0,0,25,27,7568.86,1,0.301,0,2,4,defective,0
CASE-4354,11342.08,1,0,0,1,0,29,19541.23,4,0.055,0,6,0,item_not_received,1
CASE-4355,514.18,9,0,2,1,0,85,346.4,3,0.116,0,6,0,item_not_received,1
CASE-4356,1380.73,4,2,5,1,0,27,3441.83,0,0.196,0,3,3,defective,0
CASE-4357,32241.65,17,0,0,0,20,26,72523.9,0,0.057,0,3,3,item_not_received,0
CASE-4358,1206.47,15,7,0,1,0,16,1347.93,6,1.0,0,6,0,duplicate,1
CASE-4359,401.02,46,0,0,1,0,25,456.13,9,0.139,6,3,3,defective,1
CASE-4360,15226.71,4,2,1,1,0,10,28460.42,0,0.169,0,4,2,defective,1
CASE-4361,7671.77,23,0,0,1,25,9,3118.98,0,0.078,0,5,1,other,1
CASE-4362,1237.9,7,0,0,1,0,51,2009.01,11,0.04,0,5,1,duplicate,1
CASE-4363,18621.77,72,8,0,1,0,2,16235.57,4,0.957,0,4,2,unauthorized,1
CASE-4364,62618.2,19,7,0,1,0,3,20825.5,1,0.843,1,5,1,item_not_received,1
CASE-4365,4116.18,26,0,1,1,0,7,3190.17,4,0.075,6,5,1,unauthorized,1
CASE-4366,19691.78,2,2,0,1,9,6,30508.37,0,0.269,5,4,2,item_not_received,1
CASE-4367,1089.09,12,0,0,1,0,6,2601.39,13,0.136,0,4,2,item_not_received,1
CASE-4368,672.44,6,0,0,1,0,5,1001.96,0,0.25,0,3,3,item_not_received,1
CASE-4369,5863.0,14,0,2,1,0,4,8579.87,2,0.045,0,5,1,item_not_received,1
CASE-4370,1424.01,95,1,6,1,0,16,1760.12,1,0.186,0,4,2,defective,0
CASE-4371,11524.87,6,0,0,0,18,35,24616.67,0,0.092,2,4,2,other,1
CASE-4372,3444.25,1,0,7,0,7,15,1782.13,3,0.12,2,4,2,item_not_received,0
CASE-4373,74448.77,3,0,0,0,9,20,142899.85,4,0.189,0,2,4,unauthorized,0
CASE-4374,18759.15,3,3,7,1,0,5,7580.54,4,0.678,0,4,2,other,0
CASE-4375,33797.65,44,1,2,1,0,64,83109.84,3,0.421,2,4,2,item_not_received,1
CASE-4376,64688.59,67,4,0,1,2,12,154563.34,0,0.173,0,2,4,unauthorized,0
CASE-4377,1401.17,4,3,0,1,10,25,2796.47,0,0.551,0,4,2,item_not_received,1
CASE-4378,1966.87,2,0,2,1,0,82,1138.85,1,0.054,2,6,0,defective,1
CASE-4379,7891.41,4,8,0,1,20,2,14470.73,0,0.762,1,6,0,unauthorized,1
CASE-4380,15701.53,12,2,0,1,0,1,22166.74,3,0.166,0,4,2,other,1
CASE-4381,124754.96,84,9,1,0,14,70,84021.61,3,1.0,0,3,3,item_not_received,0
CASE-4382,11893.49,15,0,0,0,26,2,23179.34,12,0.215,0,4,2,defective,0
CASE-4383,7714.5,11,6,0,1,17,13,5547.0,2,1.0,0,4,2,duplicate,1
CASE-4384,1793.77,37,2,2,0,0,63,1317.2,0,0.314,0,3,3,item_not_received,0
CASE-4385,40208.87,88,1,3,1,0,8,68477.93,13,0.473,1,4,2,other,0
CASE-4386,131866.6,32,8,0,1,0,45,312456.5,12,1.0,0,5,1,item_not_received,1
CASE-4387,306.82,6,2,0,0,13,28,621.21,3,0.406,0,4,2,other,0
CASE-4388,956.5,4,1,2,1,15,38,1917.72,2,0.11,0,5,1,item_not_received,0
CASE-4389,2513.43,1,1,0,1,0,5,1129.46,4,0.076,0,6,0,item_not_received,1
CASE-4390,14544.32,4,3,2,1,5,5,34510.13,3,0.783,2,5,1,unauthorized,0
CASE-4391,71496.85,3,0,0,1,0,17,32058.53,0,0.168,0,5,1,item_not_received,1
CASE-4392,59308.99,91,0,1,1,0,9,132062.57,0,0.134,0,5,1,other,1
CASE-4393,51813.48,28,0,6,0,8,48,128064.46,8,0.109,0,2,4,item_not_received,0
CASE-4394,2077.45,2,2,1,1,16,51,4375.67,10,0.365,0,6,0,unauthorized,1
CASE-4395,306.85,19,0,2,0,5,16,146.08,14,0.189,2,3,3,unauthorized,0
CASE-4396,19439.8,13,0,1,1,0,5,43808.77,8,0.051,0,4,2,duplicate,1
CASE-4397,19499.96,63,0,2,0,0,6,41574.76,1,0.245,0,1,5,item_not_received,0
CASE-4398,7403.16,15,6,0,1,0,9,5887.25,2,1.0,0,5,1,defective,0
CASE-4399,620.79,4,9,5,1,9,1,308.69,12,1.0,0,5,1,other,0
CASE-4400,13614.2,12,1,0,1,0,31,7768.34,0,0.242,0,5,1,duplicate,0
CASE-4401,42453.59,4,0,2,1,28,34,104705.72,2,0.324,0,3,3,duplicate,1
CASE-4402,11872.14,84,3,1,1,0,2,25956.16,2,0.677,0,4,2,defective,1
CASE-4403,1171.97,4,0,2,1,20,1,2047.82,4,0.049,1,4,2,unauthorized,1
CASE-4404,1070.9,35,1,1,0,17,15,2223.97,1,0.494,2,1,5,defective,0
CASE-4405,18242.69,15,0,0,1,16,28,19950.26,2,0.03,1,2,4,duplicate,1
CASE-4406,14993.74,2,5,0,1,0,5,34602.66,0,0.685,0,5,1,defective,0
CASE-4407,69205.76,1,2,0,0,11,24,130752.13,1,0.325,0,2,4,item_not_received,0
CASE-4408,251.77,11,0,0,1,0,16,424.56,0,0.039,0,3,3,other,1
CASE-4409,10187.76,97,2,0,0,0,2,6225.45,0,0.17,1,4,2,unauthorized,0
CASE-4410,139357.88,4,3,1,1,26,18,273707.2,14,0.395,2,3,3,item_not_received,1
CASE-4411,19502.77,4,6,0,1,2,76,38337.24,4,1.0,0,6,0,item_not_received,1
CASE-4412,1574.53,11,9,2,1,4,15,2952.22,2,1.0,1,4,2,unauthorized,0
CASE-4413,1646.72,3,0,0,1,28,1,940.72,4,0.228,0,6,0,other,1
CASE-4414,571.72,7,0,2,1,0,3,839.79,9,0.101,2,5,1,item_not_received,1
CASE-4415,38014.67,4,1,0,0,15,2,88908.3,3,0.218,1,2,4,item_not_received,0
CASE-4416,694.04,18,1,0,1,0,11,982.41,3,0.107,0,5,1,defective,1
CASE-4417,11232.87,1,1,0,1,20,3,27783.54,11,0.158,2,5,1,other,1
CASE-4418,385.78,5,0,0,1,0,14,297.52,3,0.081,0,4,2,item_not_received,1
CASE-4419,1378.76,99,0,2,1,10,87,928.5,0,0.179,0,6,0,defective,1
CASE-4420,126946.73,10,8,0,0,11,6,165732.9,0,0.683,1,3,3,defective,0
CASE-4421,91448.48,2,2,7,1,0,3,102796.63,3,0.156,1,4,2,unauthorized,0
CASE-4422,18408.99,6,0,2,0,13,25,7231.03,2,0.382,0,1,5,unauthorized,0
CASE-4423,5150.5,9,0,0,1,0,68,2149.06,2,0.051,1,5,1,item_not_received,1
CASE-4424,825.22,15,3,0,1,14,64,1591.39,4,0.438,0,4,2,duplicate,1
CASE-4425,76995.58,3,0,0,1,9,28,170115.41,1,0.127,0,2,4,item_not_received,1
CASE-4426,534.56,13,2,0,0,3,67,778.07,11,0.171,0,3,3,item_not_received,1
CASE-4427,15757.04,14,0,0,1,26,50,17309.16,3,0.258,1,4,2,unauthorized,1
CASE-4428,103334.77,7,0,0,1,4,16,214384.18,3,0.045,0,6,0,defective,0
CASE-4429,1507.85,18,0,0,1,0,82,3597.41,7,0.352,2,5,1,duplicate,0
CASE-4430,1150.42,3,0,0,0,15,16,1902.56,0,0.456,0,2,4,unauthorized,0
CASE-4431,964.35,5,2,0,1,14,22,1869.97,1,0.625,0,5,1,item_not_received,1
CASE-4432,11653.71,54,0,0,1,24,73,7127.06,3,0.108,0,5,1,defective,1
CASE-4433,1234.75,18,2,0,0,14,25,2999.75,4,0.438,0,2,4,other,0
CASE-4434,1428.67,61,2,7,0,3,41,2629.39,3,0.388,0,3,3,duplicate,0
CASE-4435,215.72,17,0,6,0,14,5,183.09,0,0.414,1,1,5,defective,0
CASE-4436,121425.28,13,6,0,1,20,6,108551.4,3,0.693,1,5,1,unauthorized,0
CASE-4437,15355.96,1,1,0,1,15,78,30778.84,2,0.453,2,4,2,unauthorized,0
CASE-4438,9612.59,46,0,1,0,6,7,7378.94,3,0.088,0,2,4,other,0
CASE-4439,106555.07,20,0,2,1,0,45,201972.87,0,0.212,0,5,1,duplicate,1
CASE-4440,3595.59,88,7,2,1,0,6,3763.89,0,0.684,0,3,3,defective,0
CASE-4441,17533.9,2,0,0,1,19,21,17776.63,0,0.24,2,4,2,unauthorized,1
CASE-4442,1039.82,1,1,0,1,0,51,2364.98,8,0.251,0,3,3,item_not_received,1
CASE-4443,4319.9,9,2,0,1,0,11,5884.77,3,0.243,0,6,0,item_not_received,1
CASE-4444,4467.93,4,2,2,1,22,21,8266.76,4,0.376,0,4,2,item_not_received,1
CASE-4445,2062.48,11,0,1,1,0,6,2214.82,2,0.131,0,5,1,unauthorized,1
CASE-4446,9351.84,12,2,0,1,12,18,8718.98,4,0.34,0,4,2,item_not_received,1
CASE-4447,123244.13,4,1,0,1,0,4,262502.43,0,0.105,2,5,1,defective,0
CASE-4448,117071.97,3,1,0,1,18,1,164905.6,4,0.202,0,6,0,item_not_received,1
CASE-4449,877.46,43,3,0,1,0,5,1093.23,4,0.271,2,5,1,item_not_received,1
CASE-4450,16150.26,2,0,0,1,0,17,24811.4,1,0.035,0,6,0,other,1
CASE-4451,544.84,8,2,1,1,0,56,1192.86,0,0.281,2,3,3,other,1
CASE-4452,132062.79,32,3,0,1,0,8,52746.21,2,0.33,0,5,1,item_not_received,1
CASE-4453,7118.96,2,4,2,1,0,6,11634.96,1,0.616,0,4,2,unauthorized,0
CASE-4454,1402.29,40,4,0,1,0,4,2805.1,3,0.64,0,6,0,item_not_received,1
CASE-4455,11521.27,6,6,0,1,0,43,17341.59,0,0.757,0,4,2,defective,0
CASE-4456,359.18,1,2,0,1,0,15,438.14,3,0.192,2,3,3,defective,1
CASE-4457,262.22,70,3,0,0,28,28,638.77,0,0.291,0,5,1,item_not_received,0
CASE-4458,83038.1,2,0,0,1,0,2,87993.69,4,0.019,0,5,1,item_not_received,1
CASE-4459,9586.14,19,9,2,0,5,23,16342.5,4,0.913,0,4,2,item_not_received,0
CASE-4460,32696.88,7,0,2,0,10,19,62276.87,14,0.102,0,2,4,item_not_received,0
CASE-4461,118500.6,3,3,2,1,0,14,250867.31,3,0.439,0,5,1,duplicate,0
CASE-4462,15034.73,39,0,0,1,7,21,32533.1,0,0.142,2,5,1,defective,1
CASE-4463,7402.02,8,2,0,1,0,21,7774.19,6,0.572,1,5,1,defective,1
CASE-4464,7500.18,2,0,0,0,1,3,17431.6,0,0.049,0,2,4,defective,0
CASE-4465,83931.16,1,3,0,1,11,4,192166.03,0,0.537,2,5,1,unauthorized,0
CASE-4466,19832.98,3,6,2,1,22,4,29758.44,4,0.934,4,6,0,defective,0
CASE-4467,1004.48,3,3,2,0,27,3,1395.93,6,0.546,1,4,2,other,0
CASE-4468,15803.28,19,0,0,1,0,11,27053.77,9,0.054,1,5,1,item_not_received,1
CASE-4469,235.03,57,1,0,0,12,22,172.91,2,0.352,0,3,3,unauthorized,0
CASE-4470,34784.94,5,0,0,1,0,10,64716.57,2,0.231,0,5,1,unauthorized,0
CASE-4471,13422.59,1,8,1,1,17,21,30365.02,0,0.889,0,5,1,item_not_received,1
CASE-4472,534.96,10,0,1,1,0,17,1147.87,1,0.034,2,4,2,defective,1
CASE-4473,4800.66,15,0,0,1,29,27,2790.85,0,0.29,0,3,3,unauthorized,0
CASE-4474,46487.31,5,0,0,0,26,6,94939.14,4,0.275,0,2,4,duplicate,0
CASE-4475,1905.68,2,3,0,0,1,3,2855.39,0,0.439,0,2,4,defective,0
CASE-4476,16359.98,1,7,0,1,0,1,23025.96,0,0.69,0,5,1,item_not_received,0
CASE-4477,145492.53,1,0,0,1,0,2,270708.21,3,0.047,0,4,2,unauthorized,1
CASE-4478,9211.26,3,0,0,1,22,6,20689.31,10,0.35,1,4,2,other,1
CASE-4479,12969.44,1,2,1,1,0,11,22786.75,8,0.398,0,5,1,duplicate,1
CASE-4480,1619.41,14,2,0,0,7,58,3368.3,2,0.207,0,2,4,defective,1
CASE-4481,10750.91,47,0,0,1,0,5,6388.47,2,0.3,0,4,2,defective,0
CASE-4482,1459.97,4,0,2,1,14,1,1039.14,1,0.154,4,6,0,item_not_received,1
CASE-4483,8984.57,2,5,0,1,28,18,7259.08,0,0.504,1,6,0,unauthorized,1
CASE-4484,9524.39,66,0,0,0,26,29,3948.89,10,0.118,2,3,3,item_not_received,1
CASE-4485,16899.47,13,0,0,0,2,21,36009.81,0,0.138,0,3,3,unauthorized,0
CASE-4486,36813.73,20,0,2,1,0,77,17173.38,3,0.215,0,5,1,unauthorized,1
CASE-4487,40438.06,2,2,0,0,7,72,31921.24,0,0.566,0,1,5,duplicate,0
CASE-4488,8642.67,48,0,0,1,0,2,3257.87,4,0.269,0,6,0,unauthorized,1
CASE-4489,386.02,1,1,0,1,0,13,790.53,12,0.309,2,3,3,duplicate,1
CASE-4490,53248.82,10,8,1,0,1,13,122390.43,4,0.801,6,3,3,defective,0
CASE-4491,148591.06,8,0,0,0,7,10,318780.62,3,0.209,0,2,4,unauthorized,0
CASE-4492,12508.76,6,0,0,0,22,14,8576.48,8,0.189,2,3,3,defective,0
CASE-4493,1572.94,10,6,0,1,0,18,2215.2,5,0.65,2,5,1,other,1
CASE-4494,21294.5,1,0,1,1,11,13,28586.94,3,0.098,0,5,1,defective,1
CASE-4495,1900.19,8,3,2,1,5,2,2669.21,3,0.373,0,5,1,other,1
CASE-4496,81658.49,3,0,2,0,9,2,194506.69,0,0.054,0,3,3,other,0
CASE-4497,3212.98,17,9,4,1,0,7,5511.47,0,1.0,1,2,4,item_not_received,0
CASE-4498,1067.73,9,0,0,1,0,10,2134.16,14,0.059,0,6,0,item_not_received,1
CASE-4499,56338.33,1,3,0,1,4,15,54001.23,8,0.458,0,5,1,duplicate,1
CASE-4500,137583.76,19,0,0,1,22,73,339825.27,5,0.153,5,6,0,unauthorized,1
CASE-4501,8272.4,16,0,0,1,0,11,5825.0,0,0.033,1,6,0,unauthorized,0
CASE-4502,18532.52,1,2,1,1,10,13,28915.57,1,0.38,0,5,1,item_not_received,1
CASE-4503,1343.19,17,0,0,1,0,19,589.34,2,0.054,0,5,1,item_not_received,1
CASE-4504,6434.28,20,3,0,1,0,4,14069.17,0,0.494,2,4,2,duplicate,0
CASE-4505,126427.49,15,7,0,0,24,16,164146.65,0,0.892,0,4,2,defective,0
CASE-4506,1644.93,1,0,7,1,0,26,926.87,0,0.218,0,5,1,item_not_received,0
CASE-4507,8575.15,2,3,1,1,7,15,6216.34,0,0.187,0,5,1,item_not_received,1
CASE-4508,89752.54,75,0,0,1,27,10,159136.67,6,0.144,0,5,1,item_not_received,1
CASE-4509,7468.94,5,1,0,1,8,30,6285.31,0,0.33,0,4,2,defective,1
CASE-4510,36579.1,35,2,0,1,0,65,43385.02,11,0.435,0,6,0,item_not_received,1
CASE-4511,1769.15,1,0,5,0,12,78,3761.77,0,0.123,2,3,3,defective,0
CASE-4512,16493.19,4,1,2,0,11,89,36488.13,3,0.104,0,4,2,unauthorized,0
CASE-4513,18042.3,24,2,0,1,0,6,14704.01,1,0.326,0,5,1,duplicate,1
CASE-4514,50578.53,6,0,2,1,17,1,87851.43,2,0.157,1,4,2,unauthorized,0
CASE-4515,1120.37,9,0,0,1,0,58,1321.35,7,0.49,1,4,2,defective,1
CASE-4516,4729.75,36,0,1,0,10,28,5096.95,3,0.122,0,3,3,unauthorized,0
CASE-4517,7893.31,4,0,0,0,12,14,4884.52,14,0.31,0,4,2,duplicate,1
CASE-4518,933.47,64,0,3,1,8,10,2190.59,0,0.268,0,6,0,item_not_received,1
CASE-4519,688.98,10,0,1,1,0,2,1020.6,7,0.108,0,6,0,unauthorized,1
CASE-4520,1479.6,2,1,0,0,7,5,1804.69,1,0.566,0,2,4,duplicate,1
CASE-4521,969.07,3,1,2,1,0,1,737.14,0,0.429,2,4,2,unauthorized,0
CASE-4522,580.52,5,1,2,1,23,1,1198.47,0,0.235,0,4,2,other,1
CASE-4523,863.92,13,0,0,1,0,1,1636.92,8,0.198,0,4,2,other,1
CASE-4524,88871.96,2,8,0,1,0,4,49816.47,0,0.531,4,5,1,other,0
CASE-4525,96788.85,17,0,2,0,27,19,197177.13,1,0.209,6,5,1,item_not_received,1
CASE-4526,40010.88,37,0,1,1,8,16,87705.35,3,0.068,6,4,2,item_not_received,1
CASE-4527,1289.84,2,9,0,0,3,23,1557.27,0,0.716,2,4,2,unauthorized,0
CASE-4528,6429.57,2,3,0,0,4,3,6222.39,1,0.155,0,3,3,item_not_received,0
CASE-4529,121216.77,19,2,0,1,6,23,265837.06,2,0.207,2,5,1,unauthorized,0
CASE-4530,8088.93,67,0,2,1,0,16,16784.13,4,0.136,0,5,1,unauthorized,1
CASE-4531,1927.04,68,6,0,1,10,69,1952.24,8,0.89,5,6,0,duplicate,0
CASE-4532,672.65,4,0,5,1,0,81,215.36,0,0.265,0,6,0,item_not_received,1
CASE-4533,965.92,3,0,0,1,0,53,1250.23,1,0.067,0,5,1,other,1
CASE-4534,17329.3,17,2,0,0,21,27,43024.35,0,0.23,0,3,3,other,0
CASE-4535,136130.76,15,6,0,1,0,72,209241.34,0,0.336,0,6,0,duplicate,0
CASE-4536,8888.31,4,0,0,0,3,67,12489.07,3,0.397,0,1,5,unauthorized,0
CASE-4537,1757.05,4,2,0,1,12,12,1139.27,12,0.149,2,4,2,unauthorized,1
CASE-4538,65150.0,12,0,0,1,7,1,23775.52,14,0.198,0,6,0,item_not_received,0
CASE-4539,1251.72,2,0,0,1,21,56,1166.01,0,0.07,0,4,2,item_not_received,1
CASE-4540,116670.15,1,3,1,1,0,57,67209.23,3,0.167,0,5,1,item_not_received,0
CASE-4541,21854.2,4,9,0,0,24,8,29381.39,9,0.831,0,4,2,defective,0
CASE-4542,71314.18,27,1,0,1,0,1,37302.25,9,0.199,2,3,3,duplicate,0
CASE-4543,80079.23,13,0,1,1,0,43,177758.69,7,0.026,2,6,0,defective,1
CASE-4544,9643.24,12,0,0,1,0,2,11104.38,9,0.13,0,4,2,unauthorized,1
CASE-4545,70457.15,41,1,1,1,0,7,116289.8,10,0.095,0,4,2,item_not_received,1
CASE-4546,1472.26,3,0,0,1,1,85,2328.39,0,0.162,0,4,2,item_not_received,1
CASE-4547,598.27,67,0,2,1,20,1,1139.82,4,0.456,0,6,0,item_not_received,1
CASE-4548,24791.59,9,0,0,0,3,17,19762.44,0,0.075,0,3,3,item_not_received,0
CASE-4549,117817.21,3,2,0,1,0,26,219630.59,4,0.33,0,4,2,other,1
CASE-4550,2777.05,7,9,0,1,6,57,5395.1,3,0.559,2,5,1,item_not_received,0
CASE-4551,1250.84,18,2,2,1,0,27,2121.9,0,0.375,0,3,3,duplicate,0
CASE-4552,1553.01,23,0,0,1,23,19,752.75,0,0.163,5,5,1,item_not_received,1
CASE-4553,52014.12,10,2,1,0,25,20,115764.13,4,0.316,2,3,3,item_not_received,1
CASE-4554,1489.06,5,0,0,0,23,6,2068.69,1,0.261,0,2,4,item_not_received,0
CASE-4555,623.97,18,3,0,0,12,6,802.57,0,0.164,0,1,5,item_not_received,0
CASE-4556,15960.75,57,0,2,1,13,6,16092.13,1,0.453,3,4,2,item_not_received,1
CASE-4557,1025.48,9,6,0,1,0,3,2556.08,4,1.0,4,4,2,unauthorized,0
CASE-4558,67420.15,19,0,0,1,19,13,70290.91,3,0.007,1,5,1,duplicate,1
CASE-4559,17558.55,3,0,0,1,0,83,10288.49,6,0.047,1,6,0,item_not_received,1
CASE-4560,102797.68,16,2,0,0,7,2,164827.73,2,0.17,2,1,5,defective,0
CASE-4561,5306.98,8,2,2,1,26,49,13087.13,1,0.469,1,5,1,defective,1
CASE-4562,95352.16,1,0,6,0,10,9,234188.02,5,0.312,1,3,3,unauthorized,0
CASE-4563,1348.24,39,3,0,1,0,76,3082.87,4,0.124,0,4,2,defective,0
CASE-4564,1165.63,3,0,0,0,12,1,2171.52,3,0.302,0,5,1,unauthorized,0
CASE-4565,1568.57,49,5,0,1,0,3,3633.04,3,0.56,0,5,1,duplicate,1
CASE-4566,6882.71,11,0,0,1,0,16,2223.15,3,0.095,2,4,2,item_not_received,1
CASE-4567,7092.64,14,1,0,1,15,12,8811.56,0,0.341,0,4,2,defective,1
CASE-4568,1576.99,7,1,0,1,0,2,764.17,1,0.278,1,5,1,defective,1
CASE-4569,1727.28,3,2,0,1,13,12,2262.58,3,0.349,0,2,4,item_not_received,0
CASE-4570,93367.05,16,5,0,0,0,18,50451.72,0,0.745,2,3,3,item_not_received,0
CASE-4571,145072.48,1,9,2,0,16,30,347644.4,0,1.0,2,2,4,item_not_received,0
CASE-4572,3825.96,49,6,2,1,0,19,1489.87,3,0.545,2,6,0,item_not_received,0
CASE-4573,38576.16,77,0,0,1,29,3,13869.76,0,0.335,0,5,1,unauthorized,1
CASE-4574,1730.17,3,7,2,0,17,62,4006.91,6,0.645,2,4,2,unauthorized,0
CASE-4575,9500.73,9,0,0,0,12,13,20208.03,3,0.172,2,3,3,defective,0
CASE-4576,13036.09,15,0,0,0,23,4,12146.54,0,0.236,0,2,4,item_not_received,0
CASE-4577,98720.78,83,8,2,0,13,25,158085.85,10,1.0,0,3,3,duplicate,0
CASE-4578,207.31,3,2,0,1,0,23,265.02,1,0.537,0,4,2,item_not_received,1
CASE-4579,88426.14,76,0,6,1,3,8,42172.33,2,0.094,2,5,1,unauthorized,0
CASE-4580,5736.57,3,2,0,0,26,2,5430.3,4,0.302,0,3,3,unauthorized,0
CASE-4581,542.87,11,1,0,0,10,21,1037.16,0,0.264,0,5,1,duplicate,0
CASE-4582,343.98,10,0,0,0,28,7,130.07,4,0.244,1,1,5,item_not_received,0
CASE-4583,7310.14,17,1,0,1,13,89,10751.14,4,0.245,1,5,1,duplicate,1
CASE-4584,1204.73,7,1,0,0,18,19,2458.47,3,0.114,0,2,4,duplicate,0
CASE-4585,1778.41,96,3,0,1,0,4,1439.39,2,0.404,0,4,2,other,1
CASE-4586,470.69,10,0,1,0,11,2,142.27,2,0.191,4,4,2,duplicate,0
CASE-4587,15799.77,8,0,2,1,24,2,33422.06,4,0.151,0,4,2,duplicate,0
CASE-4588,50328.84,4,0,0,1,0,18,43653.67,12,0.078,1,5,1,unauthorized,1
CASE-4589,1738.81,14,0,7,1,0,6,673.75,2,0.169,0,4,2,item_not_received,1
CASE-4590,1903.5,55,9,0,1,0,23,2163.86,12,0.869,4,5,1,unauthorized,0
CASE-4591,19816.36,19,1,0,1,0,58,39930.06,4,0.387,0,4,2,item_not_received,1
CASE-4592,7497.51,19,0,0,1,0,6,12221.57,12,0.178,0,3,3,defective,1
CASE-4593,967.37,11,0,0,1,0,17,2367.34,1,0.118,0,6,0,item_not_received,1
CASE-4594,17956.74,2,3,0,1,0,21,10945.07,4,0.278,0,4,2,duplicate,1
CASE-4595,21978.27,15,0,0,1,0,29,31902.3,0,0.163,0,4,2,item_not_received,1
CASE-4596,370.07,1,2,0,0,13,6,344.38,3,0.199,0,4,2,item_not_received,0
CASE-4597,1971.54,14,2,0,1,22,71,4082.84,3,0.132,0,3,3,item_not_received,1
CASE-4598,1946.49,68,0,1,0,24,17,4591.0,0,0.124,1,2,4,unauthorized,0
CASE-4599,2851.12,14,3,0,1,26,4,3113.36,10,0.311,0,6,0,item_not_received,1
CASE-4600,10531.88,2,2,0,1,0,1,18111.32,0,0.293,1,5,1,unauthorized,0
CASE-4601,8990.59,19,1,0,1,9,3,5703.57,1,0.195,0,4,2,item_not_received,1
CASE-4602,55454.86,24,8,0,1,0,29,114928.45,1,0.83,0,5,1,defective,1
CASE-4603,1383.48,5,0,0,1,1,26,3322.52,1,0.131,0,6,0,item_not_received,1
CASE-4604,103761.88,13,3,0,1,0,28,212486.06,3,0.509,2,6,0,item_not_received,1
CASE-4605,246.42,17,0,0,1,0,2,444.77,4,0.045,0,4,2,defective,1
CASE-4606,11273.26,8,0,0,0,24,17,16901.69,0,0.349,1,3,3,unauthorized,0
CASE-4607,1471.64,2,4,0,1,25,5,959.45,2,0.637,0,4,2,other,1
CASE-4608,1267.78,13,0,0,1,0,14,2557.2,13,0.191,5,4,2,unauthorized,0
CASE-4609,15008.03,5,0,2,1,0,6,14802.54,2,0.058,0,5,1,item_not_received,1
CASE-4610,1893.82,77,5,0,1,0,13,1248.82,3,0.838,0,6,0,item_not_received,1
CASE-4611,1534.36,7,0,0,1,0,15,3135.34,1,0.089,0,5,1,defective,1
CASE-4612,126676.66,10,1,2,1,0,11,277483.62,11,0.218,0,4,2,duplicate,1
CASE-4613,132658.46,4,2,2,1,20,6,176853.21,5,0.407,0,6,0,unauthorized,1
CASE-4614,1928.16,2,3,5,1,0,12,2278.86,0,0.468,0,6,0,defective,0
CASE-4615,122362.05,1,2,3,1,0,7,110901.37,4,0.6,0,6,0,item_not_received,0
CASE-4616,5659.78,11,0,0,1,0,26,11828.57,12,0.215,0,3,3,item_not_received,1
CASE-4617,10837.6,86,3,2,1,1,2,22958.01,1,0.343,0,5,1,defective,1
CASE-4618,1924.81,8,3,5,1,0,85,4112.8,2,0.471,0,3,3,unauthorized,0
CASE-4619,455.08,5,3,6,0,29,5,747.92,12,0.604,0,3,3,unauthorized,0
CASE-4620,134043.27,19,0,5,0,14,67,209498.58,6,0.16,0,2,4,item_not_received,0
CASE-4621,2705.08,9,0,0,1,0,25,1815.25,9,0.114,0,5,1,unauthorized,1
CASE-4622,634.77,16,2,0,1,19,22,1496.68,0,0.557,0,6,0,other,1
CASE-4623,131253.32,1,0,0,1,1,9,302824.06,13,0.118,0,4,2,item_not_received,1
CASE-4624,8847.17,3,5,0,0,13,6,11526.7,0,0.585,2,1,5,unauthorized,0
CASE-4625,1910.21,89,3,0,0,23,69,4311.98,1,0.536,6,1,5,duplicate,0
CASE-4626,1599.5,57,0,0,0,28,22,3336.15,0,0.099,2,2,4,unauthorized,0
CASE-4627,12378.05,4,0,0,0,6,12,26613.01,2,0.111,0,2,4,defective,0
CASE-4628,14084.43,27,0,0,1,27,57,16257.79,1,0.134,0,4,2,item_not_received,1
CASE-4629,90566.01,4,6,0,1,0,76,172454.1,3,0.752,0,6,0,item_not_received,0
CASE-4630,148799.55,1,0,0,1,0,11,51917.29,7,0.335,2,3,3,defective,0
CASE-4631,121948.27,18,3,0,1,17,10,296419.58,2,0.331,2,5,1,defective,1
CASE-4632,424.85,13,3,0,0,26,17,638.94,4,0.186,0,3,3,unauthorized,0
CASE-4633,18143.81,52,9,0,0,8,29,41761.85,2,0.878,2,4,2,unauthorized,0
CASE-4634,11411.32,13,3,0,0,9,21,25635.53,1,0.215,0,3,3,duplicate,0
CASE-4635,1521.57,2,0,1,0,24,12,700.26,0,0.116,0,2,4,defective,0
CASE-4636,107889.24,94,0,3,1,0,25,141142.4,1,0.06,3,4,2,defective,0
CASE-4637,53682.61,1,0,0,1,0,25,28830.16,3,0.122,0,4,2,unauthorized,1
CASE-4638,1189.53,3,1,5,1,0,17,2599.8,3,0.367,0,4,2,item_not_received,0
CASE-4639,692.85,15,0,2,0,9,4,1071.12,4,0.224,0,4,2,unauthorized,0
CASE-4640,1152.53,37,6,0,0,19,25,2580.13,2,0.981,1,3,3,unauthorized,0
CASE-4641,1247.98,26,2,1,1,0,31,2703.26,0,0.304,1,4,2,item_not_received,0
CASE-4642,18042.87,64,3,0,1,0,1,15963.01,4,0.693,2,6,0,item_not_received,0
CASE-4643,11599.72,99,0,7,1,17,3,10384.1,10,0.161,0,4,2,duplicate,1
CASE-4644,1371.12,5,3,0,1,0,53,690.89,8,0.635,1,6,0,unauthorized,0
CASE-4645,3222.54,11,3,0,1,7,81,5899.13,0,0.311,0,5,1,other,1
CASE-4646,550.13,2,0,0,1,0,27,550.85,4,0.126,0,6,0,defective,1
CASE-4647,14106.62,4,3,0,0,28,88,13878.75,2,0.278,2,4,2,item_not_received,0
CASE-4648,564.4,12,2,1,1,0,75,559.38,4,0.259,2,4,2,defective,1
CASE-4649,59518.44,14,0,0,1,0,21,143698.53,7,0.278,0,6,0,unauthorized,1
CASE-4650,16913.22,8,3,0,0,14,6,33589.84,4,0.411,0,4,2,item_not_received,1
CASE-4651,113120.68,9,0,0,1,0,82,278571.35,5,0.146,0,6,0,item_not_received,1
CASE-4652,14322.91,16,2,0,1,6,18,32564.31,3,0.303,0,5,1,other,0
CASE-4653,496.33,18,6,0,0,13,65,598.81,2,0.416,0,4,2,unauthorized,0
CASE-4654,60720.02,7,1,0,1,0,24,29970.56,2,0.161,0,3,3,unauthorized,1
CASE-4655,12920.58,18,1,0,1,0,22,30921.36,4,0.171,0,4,2,unauthorized,1
CASE-4656,237.4,8,3,0,0,12,5,499.28,6,0.272,2,3,3,defective,0
CASE-4657,369.81,99,3,0,1,0,3,316.76,0,0.239,1,3,3,unauthorized,0
CASE-4658,4698.42,3,8,0,1,0,6,4515.38,2,0.875,0,2,4,defective,0
CASE-4659,997.34,2,2,1,0,4,1,1289.27,2,0.179,0,2,4,other,0
CASE-4660,111668.35,1,1,1,1,0,23,168443.42,0,0.269,0,4,2,defective,0
CASE-4661,1808.15,4,0,1,0,0,10,3705.62,8,0.267,3,5,1,defective,0
CASE-4662,3958.2,13,0,2,1,0,2,5671.78,0,0.233,2,2,4,unauthorized,0
CASE-4663,36938.55,6,6,2,1,23,15,62145.1,4,0.553,0,6,0,item_not_received,1
CASE-4664,58395.52,18,2,0,1,29,24,50991.09,12,0.368,0,6,0,other,1
CASE-4665,12569.17,2,7,0,1,21,9,14251.16,12,0.953,1,5,1,item_not_received,1
CASE-4666,18681.69,3,1,1,0,28,21,24284.99,7,0.18,0,3,3,unauthorized,0
CASE-4667,98437.96,85,0,1,1,0,3,208084.05,4,0.005,0,4,2,unauthorized,0
CASE-4668,5118.0,4,3,0,0,18,83,2356.87,0,0.305,0,3,3,item_not_received,0
CASE-4669,1828.45,55,8,0,0,0,54,1686.22,2,0.823,2,0,6,defective,0
CASE-4670,624.22,3,0,0,0,2,21,1344.1,0,0.337,0,2,4,unauthorized,0
CASE-4671,1738.49,17,0,2,0,4,49,1046.04,14,0.422,0,2,4,defective,0
CASE-4672,331.75,18,0,0,0,7,84,509.73,1,0.155,0,3,3,defective,1
CASE-4673,87540.11,4,0,1,0,12,74,218596.78,0,0.085,2,4,2,other,0
CASE-4674,12976.18,3,6,0,1,8,8,10535.37,4,0.888,0,5,1,item_not_received,1
CASE-4675,1741.46,37,0,0,1,19,23,580.96,11,0.098,0,4,2,other,1
CASE-4676,1332.64,6,0,0,1,0,5,1866.19,2,0.134,3,5,1,other,1
CASE-4677,1735.15,6,1,0,1,0,25,2537.39,1,0.142,2,6,0,unauthorized,1
CASE-4678,1097.71,19,0,3,0,9,19,574.35,1,0.094,1,2,4,defective,0
CASE-4679,1739.12,16,3,0,1,0,25,1945.28,2,0.206,4,5,1,defective,1
CASE-4680,1020.96,3,8,0,0,27,6,1689.93,7,0.809,0,4,2,item_not_received,0
CASE-4681,8294.05,4,2,0,0,1,21,11611.39,0,0.407,0,2,4,other,0
CASE-4682,43133.12,3,0,2,1,9,22,59873.28,0,0.155,2,4,2,item_not_received,1
CASE-4683,430.27,60,0,0,1,0,6,396.47,0,0.28,0,4,2,item_not_received,1
CASE-4684,1162.84,39,1,0,1,24,63,1870.86,0,0.201,0,5,1,unauthorized,1
CASE-4685,11451.41,1,2,0,1,0,29,4852.63,14,0.377,0,5,1,item_not_received,1
CASE-4686,15622.98,15,3,2,1,0,62,14749.81,3,0.264,4,5,1,defective,1
CASE-4687,18252.65,45,0,0,1,6,19,7451.59,0,0.239,5,4,2,item_not_received,1
CASE-4688,574.29,9,3,1,1,17,11,711.18,2,0.534,1,5,1,item_not_received,1
CASE-4689,13675.98,3,7,0,1,0,6,27056.29,3,0.837,0,3,3,item_not_received,0
CASE-4690,1219.25,40,0,0,1,20,29,2024.25,0,0.275,6,4,2,item_not_received,1
CASE-4691,6291.39,3,3,2,1,6,28,3941.29,2,0.49,0,2,4,item_not_received,0
CASE-4692,1680.42,8,0,1,0,18,10,2596.88,4,0.209,0,3,3,other,0
CASE-4693,29485.09,17,3,2,0,27,76,57466.05,0,0.609,0,0,6,item_not_received,1
CASE-4694,14582.44,6,1,0,0,13,17,4639.9,14,0.172,4,2,4,item_not_received,0
CASE-4695,1109.49,16,0,2,1,0,19,1060.65,3,0.046,3,5,1,defective,1
CASE-4696,19667.64,3,0,1,1,0,80,25608.33,11,0.181,0,6,0,defective,0
CASE-4697,149834.95,1,4,0,1,0,15,374269.43,2,0.307,0,3,3,item_not_received,1
CASE-4698,83029.51,3,3,2,1,0,10,170064.76,1,0.536,1,5,1,other,1
CASE-4699,145677.12,10,3,0,1,0,9,222002.23,3,0.451,5,6,0,other,1
CASE-4700,554.84,11,2,0,0,7,7,554.19,1,0.379,0,4,2,unauthorized,0
CASE-4701,52466.52,6,3,1,1,0,28,46675.09,13,0.227,0,4,2,item_not_received,1
CASE-4702,10994.82,42,2,0,1,0,4,14073.31,0,0.496,0,3,3,unauthorized,1
CASE-4703,1170.42,4,7,5,1,0,4,1555.01,9,0.999,0,5,1,unauthorized,0
CASE-4704,1857.81,53,2,0,1,0,88,1782.84,0,0.266,0,2,4,defective,0
CASE-4705,1681.44,9,2,1,0,6,12,2235.82,4,0.335,0,4,2,other,0
CASE-4706,628.71,29,2,2,1,0,2,304.89,4,0.499,0,5,1,unauthorized,1
CASE-4707,19831.62,17,4,0,1,0,20,49242.53,3,0.553,0,4,2,unauthorized,0
CASE-4708,1744.39,19,0,0,1,6,18,2007.12,2,0.118,0,5,1,item_not_received,1
CASE-4709,142755.09,17,3,2,1,0,5,133774.42,2,0.258,2,6,0,item_not_received,1
CASE-4710,76750.93,33,0,0,0,5,8,32339.94,3,0.119,0,2,4,unauthorized,0
CASE-4711,1765.29,2,0,4,1,0,20,1762.03,9,0.084,0,5,1,unauthorized,1
CASE-4712,1564.09,14,8,1,1,0,2,2731.95,9,0.895,0,4,2,unauthorized,1
CASE-4713,17794.61,15,3,1,1,6,2,15178.62,6,0.308,0,4,2,duplicate,1
CASE-4714,4576.14,13,1,0,0,19,15,1887.13,2,0.402,0,4,2,defective,0
CASE-4715,2687.64,16,0,2,1,0,21,5294.23,0,0.067,2,3,3,defective,0
CASE-4716,14815.78,33,3,0,0,22,62,14511.73,4,0.506,1,3,3,item_not_received,0
CASE-4717,3521.26,18,0,2,1,0,17,6048.67,3,0.155,1,5,1,unauthorized,1
CASE-4718,17911.27,2,9,0,1,0,2,17106.28,4,1.0,0,5,1,item_not_received,1
CASE-4719,15118.68,3,4,0,1,0,18,11471.27,9,0.272,0,5,1,defective,1
CASE-4720,1106.19,2,0,0,0,23,18,1502.37,0,0.217,0,3,3,unauthorized,0
CASE-4721,570.77,8,0,2,1,19,4,297.65,7,0.128,1,6,0,defective,1
CASE-4722,16375.29,77,9,0,0,3,23,36339.26,3,0.979,2,2,4,item_not_received,0
CASE-4723,1830.02,15,3,5,1,3,84,793.42,2,0.299,0,6,0,duplicate,0
CASE-4724,830.91,66,0,0,0,17,14,1555.86,12,0.32,3,4,2,unauthorized,0
CASE-4725,785.94,3,3,0,1,0,2,248.69,11,0.318,0,5,1,item_not_received,1
CASE-4726,4355.47,1,0,1,0,2,67,3627.53,0,0.121,0,5,1,defective,0
CASE-4727,10014.64,1,0,0,1,0,24,15457.82,4,0.126,0,6,0,unauthorized,1
CASE-4728,829.56,67,5,0,1,8,3,760.04,2,0.695,2,6,0,unauthorized,0
CASE-4729,214.0,2,6,1,0,12,5,411.01,4,0.624,0,3,3,duplicate,0
CASE-4730,62739.21,1,2,0,1,0,2,98358.73,0,0.315,0,3,3,item_not_received,1
CASE-4731,1119.62,12,0,0,0,2,5,1481.98,11,0.102,1,4,2,defective,0
CASE-4732,1940.4,60,0,0,1,7,58,1508.38,7,0.029,0,6,0,defective,1
CASE-4733,512.11,19,1,0,1,0,36,528.66,1,0.218,2,5,1,item_not_received,1
CASE-4734,22701.45,10,2,0,1,7,24,23484.69,3,0.556,0,5,1,defective,1
CASE-4735,9657.39,43,1,0,1,26,19,16968.9,1,0.18,0,3,3,defective,1
CASE-4736,412.25,1,1,0,0,6,5,598.77,1,0.068,0,1,5,unauthorized,0
CASE-4737,38612.58,7,5,1,1,0,20,71279.34,4,0.484,0,6,0,duplicate,1
CASE-4738,701.2,14,7,0,1,16,27,619.98,0,0.978,0,4,2,item_not_received,0
CASE-4739,395.61,11,8,4,1,0,42,722.71,2,0.736,0,4,2,defective,0
CASE-4740,113509.84,3,7,0,1,27,5,129801.34,2,0.664,0,5,1,item_not_received,1
CASE-4741,12150.56,16,2,2,1,0,26,29149.14,0,0.265,0,6,0,defective,1
CASE-4742,17905.02,2,0,0,0,28,1,40290.22,0,0.16,2,1,5,item_not_received,0
CASE-4743,29586.27,1,2,0,1,10,10,49411.84,3,0.359,0,5,1,other,1
CASE-4744,1913.45,1,0,2,1,0,29,3746.34,9,0.262,0,6,0,defective,0
CASE-4745,1062.78,3,0,0,1,29,4,1006.55,6,0.294,0,5,1,defective,1
CASE-4746,476.69,4,0,1,0,24,19,1147.91,3,0.107,0,4,2,item_not_received,1
CASE-4747,842.83,2,0,0,1,0,5,776.04,0,0.031,0,3,3,item_not_received,1
CASE-4748,674.06,2,3,4,1,0,3,907.18,3,0.184,0,4,2,item_not_received,1
CASE-4749,11590.74,11,3,0,0,2,4,22147.35,1,0.42,1,3,3,item_not_received,0
CASE-4750,1809.63,83,0,6,1,0,2,2033.14,3,0.262,0,3,3,defective,1
CASE-4751,79418.51,62,0,5,1,15,10,186935.85,6,0.26,6,5,1,item_not_received,1
CASE-4752,895.01,3,1,1,0,14,16,2128.4,0,0.508,2,2,4,defective,0
CASE-4753,1094.53,44,0,1,1,18,21,1088.74,0,0.142,3,5,1,item_not_received,1
CASE-4754,1002.07,5,0,7,1,2,29,347.93,0,0.204,0,3,3,item_not_received,1
CASE-4755,58135.54,3,2,0,1,11,19,110721.34,4,0.354,0,6,0,other,1
CASE-4756,15530.46,2,2,0,1,0,89,20169.61,0,0.485,0,3,3,unauthorized,0
CASE-4757,494.13,3,0,0,1,0,26,248.26,1,0.128,0,5,1,unauthorized,1
CASE-4758,5952.94,2,0,2,1,0,17,10616.04,0,0.056,0,4,2,other,1
CASE-4759,5924.56,8,0,2,1,5,32,2894.02,2,0.195,0,3,3,item_not_received,1
CASE-4760,131173.73,3,3,0,1,9,1,221383.3,1,0.484,0,5,1,defective,0
CASE-4761,9760.07,9,0,0,1,0,11,15064.74,9,0.053,3,4,2,item_not_received,1
CASE-4762,4959.29,18,0,1,1,0,14,2531.7,9,0.289,1,5,1,item_not_received,1
CASE-4763,1016.39,6,1,0,0,19,4,1748.42,2,0.195,2,4,2,item_not_received,0
CASE-4764,31565.0,19,8,0,1,0,20,11985.75,5,0.908,0,4,2,defective,0
CASE-4765,1002.92,19,0,0,1,0,17,753.54,2,0.024,0,3,3,other,1
CASE-4766,12780.29,17,5,0,0,14,57,18515.68,0,0.432,0,2,4,defective,0
CASE-4767,117832.78,3,3,0,1,15,85,100321.09,14,0.308,4,5,1,unauthorized,1
CASE-4768,16516.63,16,5,1,1,9,21,24718.54,7,0.624,0,4,2,item_not_received,1
CASE-4769,216.64,2,5,0,1,27,2,393.17,1,0.535,2,4,2,unauthorized,0
CASE-4770,8220.5,95,5,2,1,14,20,20115.53,3,0.517,0,5,1,other,1
CASE-4771,71432.25,10,0,1,1,0,23,177461.27,0,0.205,0,3,3,duplicate,0
CASE-4772,2589.92,16,0,1,1,0,29,6344.36,0,0.288,0,6,0,defective,1
CASE-4773,75029.19,5,0,1,1,19,5,49099.52,0,0.127,0,5,1,unauthorized,0
CASE-4774,37101.02,9,0,0,1,0,17,13498.86,0,0.206,0,2,4,item_not_received,1
CASE-4775,14982.66,15,1,0,1,17,5,12584.68,4,0.174,3,4,2,item_not_received,1
CASE-4776,863.66,12,3,2,0,18,34,989.88,4,0.37,6,4,2,defective,0
CASE-4777,1659.97,16,0,1,0,5,4,2436.22,5,0.158,2,2,4,unauthorized,0
CASE-4778,379.18,18,7,0,1,0,30,557.85,12,0.641,1,4,2,defective,1
CASE-4779,103316.37,3,2,0,1,0,47,126855.98,4,0.128,0,5,1,other,1
CASE-4780,7394.13,87,0,0,1,0,17,6051.5,2,0.153,1,5,1,unauthorized,1
CASE-4781,808.31,5,0,0,1,0,19,964.04,11,0.062,2,2,4,other,0
CASE-4782,67531.24,4,3,1,1,0,23,118456.84,3,0.222,0,5,1,duplicate,1
CASE-4783,1673.66,3,0,0,1,8,18,1354.49,2,0.254,0,5,1,other,1
CASE-4784,19867.56,6,0,0,1,0,29,40353.07,2,0.202,1,5,1,item_not_received,1
CASE-4785,701.46,2,1,6,1,0,3,1729.4,0,0.213,0,2,4,item_not_received,0
CASE-4786,252.15,6,0,0,1,0,14,469.08,0,0.104,3,4,2,item_not_received,1
CASE-4787,1805.74,8,0,0,1,18,16,4160.46,2,0.013,6,3,3,defective,1
CASE-4788,70567.75,81,0,0,0,1,11,108270.54,4,0.016,0,5,1,item_not_received,0
CASE-4789,145038.29,17,1,1,1,0,10,175188.04,11,0.172,0,4,2,item_not_received,1
CASE-4790,10117.84,4,2,0,1,5,27,13412.11,0,0.453,0,6,0,item_not_received,1
CASE-4791,1215.69,4,7,2,0,20,2,1662.27,4,1.0,0,4,2,item_not_received,0
CASE-4792,7678.13,8,0,3,1,11,65,13661.25,4,0.069,0,6,0,unauthorized,0
CASE-4793,4536.12,18,9,1,0,9,17,3403.27,2,0.99,0,3,3,other,0
CASE-4794,1335.45,3,2,2,1,5,45,2029.5,2,0.325,2,5,1,other,0
CASE-4795,75183.75,17,0,2,1,29,58,184139.32,3,0.188,0,6,0,item_not_received,1
CASE-4796,19606.98,54,3,0,1,0,4,45616.88,4,0.809,0,5,1,unauthorized,1
CASE-4797,24975.07,4,0,0,0,20,11,43632.77,4,0.218,0,1,5,item_not_received,0
CASE-4798,1756.77,53,0,0,0,5,17,1335.81,2,0.035,1,2,4,item_not_received,1
CASE-4799,1351.91,8,0,1,1,0,1,2803.48,9,0.444,0,5,1,other,1
CASE-4800,1118.1,13,1,2,1,6,6,597.61,0,0.393,0,6,0,unauthorized,0
CASE-4801,1686.55,75,3,0,1,0,22,540.22,0,0.245,4,3,3,defective,0
CASE-4802,7869.37,10,0,0,1,0,5,2981.57,3,0.057,0,4,2,defective,1
CASE-4803,245.9,4,0,0,1,24,60,506.89,11,0.141,4,5,1,unauthorized,1
CASE-4804,14890.21,48,1,7,1,0,49,10502.98,14,0.338,0,5,1,unauthorized,0
CASE-4805,21632.38,12,1,0,1,0,5,35389.71,3,0.256,0,3,3,item_not_received,1
CASE-4806,23621.12,4,9,0,1,0,11,36297.89,4,1.0,0,4,2,unauthorized,0
CASE-4807,927.96,16,0,0,1,24,24,1439.69,10,0.4,0,3,3,unauthorized,1
CASE-4808,9988.01,7,0,0,0,5,1,14179.57,0,0.195,0,3,3,item_not_received,0
CASE-4809,60773.65,17,0,0,1,0,2,122247.55,0,0.172,5,3,3,defective,0
CASE-4810,13886.63,1,7,0,0,15,28,25120.85,4,0.74,0,4,2,defective,0
CASE-4811,1196.25,11,0,1,1,17,1,986.8,2,0.196,0,3,3,item_not_received,1
CASE-4812,1795.2,6,1,0,1,0,66,875.15,0,0.044,3,5,1,other,0
CASE-4813,18816.42,1,5,3,1,0,20,8765.46,13,0.646,0,4,2,other,0
CASE-4814,1912.02,2,3,0,1,13,68,4038.36,2,0.337,0,5,1,duplicate,0
CASE-4815,814.24,58,0,0,0,18,14,504.83,4,0.049,5,4,2,other,0
CASE-4816,127582.45,14,0,0,1,0,8,203912.27,9,0.366,5,6,0,unauthorized,1
CASE-4817,666.8,59,0,0,1,13,1,247.69,8,0.249,0,4,2,defective,1
CASE-4818,1308.69,15,0,0,0,15,12,1000.55,0,0.238,0,3,3,other,0
CASE-4819,7073.41,30,9,1,1,0,5,7849.05,12,0.619,0,6,0,unauthorized,1
CASE-4820,10774.02,34,2,3,1,0,9,4433.31,0,0.591,2,3,3,item_not_received,1
CASE-4821,1440.51,9,0,0,1,0,16,2158.82,0,0.062,2,5,1,other,1
CASE-4822,114230.46,1,2,0,1,13,4,282122.64,0,0.144,2,5,1,duplicate,1
CASE-4823,1036.92,16,1,0,0,17,1,2193.55,0,0.147,0,3,3,unauthorized,0
CASE-4824,1822.06,86,7,0,1,0,3,2739.4,0,0.603,2,5,1,defective,1
CASE-4825,125429.47,8,0,2,1,0,12,309424.94,5,0.177,2,6,0,item_not_received,1
CASE-4826,108738.3,15,2,1,0,12,4,216968.8,2,0.299,0,0,6,defective,0
CASE-4827,1798.82,55,0,0,0,7,28,3876.43,5,0.092,2,3,3,unauthorized,0
CASE-4828,1781.92,1,2,0,1,24,21,2890.1,1,0.476,0,5,1,other,0
CASE-4829,4117.65,11,0,1,1,8,1,3602.28,13,0.148,0,6,0,duplicate,1
CASE-4830,1870.21,5,3,2,1,23,8,4460.29,2,0.483,2,5,1,other,0
CASE-4831,760.49,42,0,1,1,0,1,684.83,0,0.161,5,6,0,unauthorized,1
CASE-4832,1424.09,2,3,0,1,0,1,2853.25,1,0.453,0,5,1,duplicate,1
CASE-4833,4563.49,2,3,0,0,28,4,6418.81,0,0.481,0,3,3,unauthorized,0
CASE-4834,1995.11,8,1,0,1,7,12,802.84,3,0.338,0,4,2,item_not_received,1
CASE-4835,60039.44,18,2,0,0,20,86,59195.08,0,0.441,0,3,3,duplicate,0
CASE-4836,1328.31,2,4,1,0,17,10,2473.68,4,0.357,0,4,2,defective,0
CASE-4837,485.02,4,1,0,1,4,6,769.11,0,0.229,0,3,3,item_not_received,1
CASE-4838,16230.13,4,3,1,1,15,6,13742.25,4,0.369,1,6,0,defective,1
CASE-4839,1134.95,19,1,0,1,0,2,2295.9,4,0.168,0,5,1,duplicate,0
CASE-4840,1821.66,19,2,1,0,10,83,1344.71,4,0.171,0,3,3,defective,0
CASE-4841,6708.36,9,0,1,0,11,18,9785.43,12,0.3,2,3,3,item_not_received,0
CASE-4842,1084.81,33,0,0,1,0,11,610.93,14,0.054,0,4,2,other,1
CASE-4843,66573.94,2,5,0,1,0,3,160701.93,1,0.484,0,4,2,defective,1
CASE-4844,1471.52,6,0,0,1,26,4,3544.3,1,0.066,0,6,0,unauthorized,1
CASE-4845,1860.27,56,0,1,1,0,74,2692.63,1,0.054,0,2,4,unauthorized,1
CASE-4846,135439.52,6,0,2,1,27,82,268838.91,2,0.217,0,4,2,item_not_received,1
CASE-4847,1047.6,1,0,2,1,0,21,2555.81,4,0.385,3,4,2,item_not_received,1
CASE-4848,71354.68,3,1,0,1,0,6,121567.62,1,0.38,1,5,1,defective,1
CASE-4849,554.23,15,2,0,1,0,25,196.69,1,0.388,5,3,3,unauthorized,1
CASE-4850,78904.48,69,0,0,1,0,4,129863.78,4,0.294,0,5,1,duplicate,1
CASE-4851,109707.37,8,2,0,1,0,25,244387.66,4,0.307,0,3,3,duplicate,1
CASE-4852,518.2,6,1,0,1,0,8,589.6,3,0.131,0,4,2,unauthorized,1
CASE-4853,18481.33,13,0,1,1,12,6,13784.61,12,0.237,0,6,0,unauthorized,1
CASE-4854,9155.39,3,0,0,0,1,2,22437.18,12,0.287,0,4,2,unauthorized,0
CASE-4855,81632.89,13,5,0,1,9,5,51192.94,0,0.564,0,6,0,item_not_received,1
CASE-4856,575.51,15,5,2,1,0,74,206.81,14,0.585,2,5,1,item_not_received,1
CASE-4857,15593.84,13,1,0,1,2,16,35980.96,3,0.064,0,5,1,defective,1
CASE-4858,141730.54,2,8,2,0,11,29,56826.33,3,0.894,0,3,3,item_not_received,0
CASE-4859,76339.42,4,0,0,0,0,2,182719.91,3,0.184,5,5,1,item_not_received,0
CASE-4860,103989.61,2,3,0,1,0,12,133961.63,0,0.858,0,5,1,defective,1
CASE-4861,117153.86,1,6,2,1,0,2,227323.34,4,0.614,2,6,0,unauthorized,0
CASE-4862,653.18,1,0,0,1,6,49,774.83,4,0.085,4,2,4,item_not_received,0
CASE-4863,19291.3,81,2,0,0,10,24,33434.38,4,0.234,0,3,3,item_not_received,0
CASE-4864,1978.45,15,2,2,1,0,6,3232.88,0,0.164,0,6,0,unauthorized,1
CASE-4865,823.67,4,1,0,1,22,23,330.47,1,0.155,0,3,3,item_not_received,1
CASE-4866,15883.16,6,2,0,1,0,15,14418.86,2,0.442,0,4,2,other,0
CASE-4867,4207.5,13,0,0,0,8,19,1618.59,7,0.259,3,3,3,unauthorized,0
CASE-4868,13740.79,2,0,2,1,0,44,13481.08,4,0.156,0,5,1,item_not_received,0
CASE-4869,782.28,8,0,2,1,14,6,1294.98,14,0.05,0,5,1,unauthorized,1
CASE-4870,1481.98,19,0,0,1,0,35,3340.16,2,0.064,0,3,3,unauthorized,1
CASE-4871,12664.04,94,5,1,1,0,7,18597.83,2,0.567,0,3,3,defective,0
CASE-4872,12443.57,99,3,0,1,0,3,6754.49,0,0.048,1,6,0,item_not_received,1
CASE-4873,3536.94,3,8,0,0,3,14,3385.27,2,0.66,0,2,4,unauthorized,0
CASE-4874,18003.11,11,0,0,1,10,34,32295.63,0,0.137,2,3,3,item_not_received,1
CASE-4875,2460.6,8,4,1,0,10,15,5684.33,1,0.306,0,2,4,item_not_received,0
CASE-4876,7307.9,2,0,1,1,0,3,16280.31,13,0.25,0,4,2,unauthorized,1
CASE-4877,969.37,53,3,1,1,0,6,1408.35,0,0.633,0,5,1,item_not_received,0
CASE-4878,565.85,15,1,0,0,27,4,737.35,4,0.368,0,3,3,defective,0
CASE-4879,17734.49,25,9,0,0,22,29,41561.44,0,0.915,1,2,4,item_not_received,0
CASE-4880,139782.99,15,0,0,1,0,1,226399.53,4,0.174,6,5,1,unauthorized,1
CASE-4881,18816.13,15,0,3,0,23,5,45554.78,0,0.084,2,4,2,item_not_received,0
CASE-4882,10054.8,4,4,0,1,0,21,15990.26,0,0.763,0,3,3,defective,1
CASE-4883,6078.54,15,0,0,1,0,18,8649.83,0,0.237,0,4,2,other,0
CASE-4884,48362.11,16,1,0,1,0,24,78599.59,0,0.137,1,5,1,other,1
CASE-4885,131945.17,14,2,0,1,0,81,285622.74,2,0.312,1,6,0,defective,1
CASE-4886,146610.75,16,2,0,1,9,78,259813.39,4,0.523,0,5,1,defective,1
CASE-4887,2042.89,36,0,2,1,0,22,4871.08,3,0.096,0,5,1,unauthorized,1
CASE-4888,4975.85,22,0,2,0,20,6,10041.91,3,0.098,0,3,3,defective,0
CASE-4889,66893.29,14,0,0,0,24,28,164804.36,1,0.242,0,3,3,duplicate,1
CASE-4890,16682.4,17,3,3,1,0,3,29954.13,4,0.205,0,5,1,other,1
CASE-4891,1355.58,2,3,0,0,13,16,562.22,1,0.346,1,0,6,unauthorized,0
CASE-4892,148290.93,18,5,1,1,0,27,122313.32,2,0.759,0,5,1,item_not_received,1
CASE-4893,1162.7,13,0,0,1,0,14,1764.4,3,0.032,0,4,2,other,1
CASE-4894,88436.06,8,0,1,0,12,4,186824.33,3,0.151,0,2,4,item_not_received,1
CASE-4895,1383.55,72,0,0,1,0,12,1674.16,0,0.113,0,5,1,other,1
CASE-4896,255.25,14,0,1,1,20,20,357.91,5,0.263,1,6,0,duplicate,1
CASE-4897,13079.01,10,7,0,1,0,1,5042.26,12,0.811,0,5,1,unauthorized,0
CASE-4898,57748.09,6,0,0,1,0,24,17922.26,0,0.096,6,5,1,duplicate,1
CASE-4899,743.97,8,1,2,1,0,5,411.64,1,0.346,0,6,0,other,1
CASE-4900,1210.14,1,3,0,1,16,7,1410.31,0,0.583,0,4,2,defective,1
CASE-4901,643.01,16,0,0,0,19,27,885.7,12,0.08,0,2,4,item_not_received,0
CASE-4902,7203.82,1,0,1,1,29,19,14523.09,0,0.02,0,3,3,item_not_received,1
CASE-4903,15845.56,1,5,0,1,28,23,28076.13,1,0.703,0,2,4,item_not_received,1
CASE-4904,15975.72,4,0,0,0,10,5,19703.59,9,0.066,0,1,5,unauthorized,0
CASE-4905,4673.75,65,0,0,0,9,36,5362.43,0,0.059,1,2,4,other,0
CASE-4906,19598.85,1,2,0,0,15,41,35339.17,4,0.307,0,4,2,item_not_received,0
CASE-4907,108833.74,4,0,0,1,7,27,167282.32,10,0.183,0,6,0,item_not_received,1
CASE-4908,147884.14,73,0,0,1,7,24,217861.21,3,0.269,0,4,2,unauthorized,1
CASE-4909,966.71,13,3,2,1,0,3,1481.79,3,0.444,6,3,3,unauthorized,0
CASE-4910,15254.02,4,0,0,0,13,6,14493.98,2,0.295,0,1,5,defective,0
CASE-4911,353.56,19,1,0,1,20,15,196.99,8,0.443,0,6,0,other,1
CASE-4912,11436.21,33,4,2,1,0,24,26768.41,2,0.281,2,5,1,item_not_received,1
CASE-4913,90483.7,5,1,2,1,0,3,100645.11,2,0.178,0,4,2,unauthorized,1
CASE-4914,376.74,12,0,1,1,0,21,292.74,13,0.212,0,5,1,unauthorized,1
CASE-4915,499.66,34,5,0,1,0,76,1073.55,1,0.693,0,5,1,unauthorized,1
CASE-4916,768.65,4,7,1,1,26,28,886.21,4,1.0,2,5,1,other,1
CASE-4917,18145.81,16,3,0,0,7,27,33279.91,0,0.389,0,3,3,defective,0
CASE-4918,538.33,2,3,0,1,0,1,695.93,0,0.29,0,5,1,item_not_received,1
CASE-4919,3508.37,12,0,0,0,8,30,4950.28,0,0.062,0,2,4,defective,0
CASE-4920,362.31,9,0,2,1,25,22,324.13,0,0.079,2,3,3,unauthorized,0
CASE-4921,744.81,33,0,2,1,0,12,1498.34,0,0.353,0,4,2,other,1
CASE-4922,121284.44,3,2,0,1,0,77,203552.2,7,0.515,0,6,0,defective,1
CASE-4923,3488.72,49,0,1,1,0,6,5095.2,12,0.217,2,5,1,defective,1
CASE-4924,14062.66,6,0,0,1,0,5,12660.43,4,0.108,0,6,0,item_not_received,1
CASE-4925,458.87,5,0,0,0,26,2,325.35,4,0.097,1,2,4,item_not_received,0
CASE-4926,16743.23,9,2,0,1,0,37,33592.11,0,0.207,0,6,0,defective,1
CASE-4927,223.86,1,0,0,0,15,6,178.54,3,0.141,2,1,5,other,0
CASE-4928,1536.5,2,0,0,0,26,4,2933.75,2,0.057,1,1,5,unauthorized,0
CASE-4929,855.71,5,2,1,1,0,3,1143.09,3,0.105,0,4,2,item_not_received,1
CASE-4930,611.19,4,0,0,1,0,5,1131.76,3,0.352,0,5,1,unauthorized,1
CASE-4931,16897.6,11,0,0,1,9,3,5601.84,0,0.035,0,6,0,item_not_received,1
CASE-4932,40402.64,54,7,0,1,24,6,69126.2,0,0.678,4,4,2,duplicate,0
CASE-4933,10626.39,8,5,0,1,19,33,19273.71,2,0.503,0,4,2,duplicate,0
CASE-4934,7732.44,8,0,0,1,0,14,12878.32,0,0.09,0,5,1,item_not_received,1
CASE-4935,1865.88,15,6,1,1,11,2,3942.69,2,0.594,6,4,2,item_not_received,0
CASE-4936,1826.82,3,6,0,0,12,26,1613.22,4,0.446,0,5,1,unauthorized,0
CASE-4937,140968.91,4,6,1,1,0,15,150097.36,0,0.661,0,3,3,item_not_received,1
CASE-4938,1457.34,3,1,0,0,19,1,2673.92,4,0.536,4,2,4,defective,0
CASE-4939,148866.14,57,0,0,0,9,6,54222.7,0,0.148,0,3,3,defective,0
CASE-4940,99337.86,11,0,0,1,19,4,131013.53,0,0.226,0,5,1,defective,1
CASE-4941,91135.79,3,0,0,1,0,25,38503.89,5,0.082,0,4,2,defective,1
CASE-4942,15460.89,13,1,0,0,8,12,24977.6,1,0.225,2,1,5,unauthorized,0
CASE-4943,729.54,4,2,0,1,17,7,1051.05,3,0.354,0,3,3,other,1
CASE-4944,838.0,1,3,1,0,16,12,1119.9,0,0.39,0,4,2,item_not_received,0
CASE-4945,1029.36,1,0,2,1,0,2,1857.74,0,0.197,1,6,0,item_not_received,1
CASE-4946,2525.32,89,1,1,0,0,25,5322.35,0,0.084,0,4,2,item_not_received,1
CASE-4947,2615.49,18,2,0,0,21,46,6287.57,4,0.248,0,2,4,item_not_received,0
CASE-4948,2169.57,3,0,2,1,0,45,3570.63,10,0.084,0,6,0,duplicate,1
CASE-4949,482.17,7,1,0,0,12,57,335.12,9,0.503,3,2,4,other,0
CASE-4950,765.58,16,0,0,1,25,5,1553.52,0,0.186,0,5,1,defective,1
CASE-4951,715.23,2,9,2,1,0,5,848.97,0,1.0,0,5,1,defective,0
CASE-4952,1779.21,65,0,0,0,9,27,1223.06,0,0.213,0,3,3,duplicate,0
CASE-4953,313.04,11,0,0,0,14,5,347.71,0,0.145,2,3,3,other,0
CASE-4954,5145.92,6,0,2,1,0,89,8633.1,14,0.338,4,5,1,item_not_received,0
CASE-4955,101394.25,3,3,0,1,0,10,98183.12,4,0.231,0,6,0,unauthorized,0
CASE-4956,563.5,13,9,2,1,0,18,300.07,1,0.599,0,5,1,item_not_received,1
CASE-4957,721.45,19,1,0,1,0,57,237.48,13,0.269,0,5,1,duplicate,0
CASE-4958,16823.81,15,3,0,1,0,23,32052.21,4,0.348,0,5,1,unauthorized,0
CASE-4959,1292.09,1,0,0,0,15,15,3105.87,4,0.061,0,3,3,defective,0
CASE-4960,16311.02,13,8,0,0,11,24,12024.33,3,0.609,0,1,5,item_not_received,0
CASE-4961,1278.68,4,0,0,0,8,26,2621.46,1,0.061,0,1,5,defective,0
CASE-4962,9345.0,3,0,1,1,22,13,23041.59,0,0.275,0,5,1,item_not_received,1
CASE-4963,16066.82,8,0,0,1,8,7,15420.3,14,0.319,0,6,0,other,1
CASE-4964,1935.78,3,0,2,1,0,1,3981.98,3,0.049,0,5,1,defective,1
CASE-4965,4662.11,6,0,3,0,8,6,4556.44,3,0.082,2,2,4,duplicate,0
CASE-4966,129943.59,19,2,0,1,1,22,52740.52,4,0.324,0,5,1,other,0
CASE-4967,9170.05,2,0,2,1,0,16,6423.02,2,0.177,4,4,2,defective,1
CASE-4968,149478.45,1,3,0,1,0,10,57993.45,1,0.381,0,4,2,item_not_received,1
CASE-4969,1458.38,12,3,2,1,0,6,952.84,7,0.63,2,6,0,item_not_received,1
CASE-4970,1485.27,13,3,0,1,24,26,1587.74,9,0.545,0,5,1,unauthorized,1
CASE-4971,16060.63,2,2,0,0,6,65,25820.79,7,0.376,0,3,3,unauthorized,0
CASE-4972,30835.53,9,0,0,1,0,13,48863.48,2,0.165,0,6,0,defective,1
CASE-4973,9831.49,6,0,0,1,22,1,10098.97,0,0.037,0,4,2,item_not_received,1
CASE-4974,1107.17,9,0,0,1,0,29,1441.23,4,0.143,2,5,1,item_not_received,1
CASE-4975,734.05,3,0,1,1,0,8,780.77,2,0.28,0,4,2,unauthorized,0
CASE-4976,62718.68,15,3,0,0,7,5,34116.11,2,0.266,0,1,5,unauthorized,0
CASE-4977,15031.77,8,3,0,0,0,5,10249.32,3,0.443,0,1,5,other,0
CASE-4978,10241.25,86,5,2,1,0,14,20471.36,2,0.575,0,3,3,item_not_received,1
CASE-4979,999.94,1,5,6,1,0,2,894.95,0,0.58,1,3,3,defective,0
CASE-4980,57105.04,44,0,2,1,0,6,136633.02,0,0.209,0,5,1,other,1
CASE-4981,2626.08,3,3,0,1,17,9,2393.98,4,0.577,0,6,0,item_not_received,1
CASE-4982,835.3,2,1,6,1,4,1,457.09,4,0.313,0,6,0,item_not_received,0
CASE-4983,2665.41,9,0,1,0,9,5,1178.31,0,0.117,6,4,2,other,0
CASE-4984,125818.97,6,0,0,1,0,10,265389.73,2,0.163,0,4,2,other,1
CASE-4985,1569.28,4,0,2,1,0,27,1236.04,0,0.233,1,4,2,defective,0
CASE-4986,17187.31,7,0,0,0,14,29,27545.14,0,0.015,2,2,4,defective,0
CASE-4987,30501.39,2,0,0,1,28,23,35396.25,0,0.076,1,5,1,other,1
CASE-4988,434.15,11,0,2,1,0,30,328.01,1,0.24,0,5,1,defective,1
CASE-4989,4600.99,8,1,6,1,0,2,6917.02,0,0.259,0,5,1,unauthorized,1
CASE-4990,17416.75,33,4,0,1,0,62,17356.39,4,0.797,2,5,1,defective,0
CASE-4991,137226.61,16,0,4,1,19,11,243675.65,7,0.255,0,5,1,other,0
CASE-4992,29013.82,99,0,0,1,16,23,59434.5,1,0.129,0,2,4,item_not_received,1
CASE-4993,82758.22,9,2,2,1,0,3,71645.64,1,0.2,0,6,0,defective,1
CASE-4994,137106.42,19,0,0,1,0,10,213713.57,7,0.128,1,6,0,item_not_received,1
CASE-4995,1276.63,86,0,0,0,11,1,1898.19,2,0.086,0,3,3,item_not_received,0
CASE-4996,260.69,12,2,0,1,0,19,493.02,3,0.244,0,4,2,duplicate,1
CASE-4997,544.74,63,0,0,1,0,4,264.09,2,0.365,0,6,0,item_not_received,1
CASE-4998,2688.77,51,2,1,1,0,2,5050.84,0,0.311,0,6,0,duplicate,1
CASE-4999,453.32,5,4,1,1,0,11,264.06,13,0.269,2,6,0,duplicate,1
CASE-5000,23961.97,1,0,1,1,0,13,54554.17,3,0.146,0,5,1,item_not_received,1
CASE-5001,4433.63,1,3,0,1,0,36,5311.13,12,0.756,0,3,3,duplicate,1
CASE-5002,1396.93,11,3,5,0,12,3,1353.95,0,0.218,0,3,3,other,0
CASE-5003,471.97,8,4,0,1,0,57,235.17,6,0.457,0,6,0,item_not_received,1
CASE-5004,131307.72,18,0,0,1,0,8,208196.92,2,0.214,0,6,0,defective,1
CASE-5005,382.43,17,6,0,1,2,36,945.59,0,0.675,0,5,1,unauthorized,1
CASE-5006,332.5,2,0,1,1,22,10,119.22,1,0.158,1,3,3,item_not_received,1
CASE-5007,19838.84,58,2,0,1,16,12,38754.42,11,0.352,0,5,1,duplicate,1
CASE-5008,94243.23,3,8,0,1,0,3,200983.04,14,0.856,2,4,2,item_not_received,0
CASE-5009,17573.83,16,1,0,1,0,5,36874.85,0,0.256,0,2,4,duplicate,1
CASE-5010,2603.54,37,0,7,1,0,6,2560.98,1,0.037,0,3,3,item_not_received,1
CASE-5011,931.39,2,4,0,1,7,13,2222.78,3,0.252,0,5,1,defective,1
CASE-5012,19710.39,4,0,1,1,8,4,41873.93,1,0.403,2,6,0,defective,1
CASE-5013,124696.56,79,8,0,1,0,9,93144.27,0,0.915,0,5,1,defective,0
CASE-5014,36813.49,4,0,0,1,0,3,34347.29,3,0.053,1,3,3,item_not_received,1
CASE-5015,8674.78,7,5,0,1,13,14,6400.01,8,1.0,0,5,1,other,1
CASE-5016,1461.44,4,3,0,1,18,6,1444.77,2,0.531,0,5,1,defective,0
CASE-5017,1182.28,18,0,2,0,2,27,941.3,1,0.159,2,2,4,defective,0
CASE-5018,12472.08,80,3,2,1,26,35,7021.34,1,0.736,0,5,1,defective,1
CASE-5019,143195.18,7,0,1,1,22,67,352091.43,4,0.143,2,6,0,item_not_received,0
CASE-5020,18489.12,59,2,2,1,0,17,8477.95,4,0.49,0,5,1,duplicate,1
CASE-5021,537.62,11,0,0,0,24,6,979.15,4,0.126,0,0,6,unauthorized,0
CASE-5022,125516.44,31,0,2,0,20,26,103050.34,0,0.165,0,2,4,duplicate,0
CASE-5023,8078.33,6,0,0,1,10,11,4289.86,9,0.199,0,4,2,unauthorized,1
CASE-5024,56049.31,9,0,3,1,0,10,30252.77,13,0.293,0,4,2,item_not_received,1
CASE-5025,26530.88,18,0,0,1,0,9,50641.57,8,0.053,0,6,0,duplicate,1
CASE-5026,580.92,15,0,0,1,17,25,1094.68,7,0.15,2,6,0,item_not_received,1
CASE-5027,1183.29,3,0,0,1,0,26,2066.28,0,0.265,6,3,3,duplicate,0
CASE-5028,1977.74,14,0,0,1,23,20,1849.06,0,0.157,0,3,3,unauthorized,1
CASE-5029,1099.27,7,0,0,0,10,14,2464.02,6,0.068,1,2,4,defective,0
CASE-5030,32128.88,3,5,1,1,9,27,72444.91,14,0.572,6,4,2,other,1
CASE-5031,317.3,2,3,0,1,25,1,367.32,1,0.448,0,3,3,defective,1
CASE-5032,1458.55,42,3,0,1,17,5,2951.33,3,0.679,0,3,3,unauthorized,0
CASE-5033,240.2,3,0,0,0,8,28,224.39,0,0.086,1,2,4,item_not_received,0
CASE-5034,16123.78,18,6,0,1,15,69,16159.27,3,0.647,0,4,2,item_not_received,1
CASE-5035,710.4,9,0,0,1,28,5,1209.7,4,0.196,4,5,1,duplicate,1
CASE-5036,92913.85,3,0,1,1,2,3,74506.0,1,0.148,0,3,3,item_not_received,1
CASE-5037,12989.62,1,0,0,1,3,5,10502.0,13,0.103,0,5,1,duplicate,1
CASE-5038,1487.1,10,0,2,1,0,18,3458.23,1,0.188,0,5,1,defective,1
CASE-5039,350.16,14,0,1,1,0,1,845.05,3,0.088,3,4,2,item_not_received,1
CASE-5040,19594.04,6,1,0,1,5,62,47490.68,1,0.236,0,6,0,defective,1
CASE-5041,49400.84,14,0,0,1,0,2,106174.36,3,0.108,0,4,2,defective,0
CASE-5042,1166.84,13,0,0,1,0,31,2620.87,1,0.039,0,6,0,unauthorized,1
CASE-5043,1348.75,2,2,7,1,4,27,2078.31,3,0.258,1,4,2,duplicate,0
CASE-5044,1701.48,42,0,2,1,0,81,3020.61,2,0.146,0,4,2,unauthorized,1
CASE-5045,36296.64,2,8,0,0,17,8,76529.66,3,1.0,4,4,2,defective,0
CASE-5046,13383.75,1,1,3,1,0,4,29951.27,1,0.081,2,5,1,unauthorized,1
CASE-5047,7767.58,7,1,0,1,0,11,14057.69,0,0.067,2,6,0,defective,1
CASE-5048,78040.01,3,1,1,1,0,16,70164.05,2,0.058,0,4,2,item_not_received,1
CASE-5049,8660.66,1,0,1,0,21,29,14357.41,3,0.145,1,3,3,defective,1
CASE-5050,1705.01,60,0,0,1,0,6,3644.6,2,0.355,0,5,1,defective,1
CASE-5051,34427.51,28,6,0,1,2,1,12267.23,13,0.627,2,5,1,unauthorized,1
CASE-5052,99709.97,3,9,1,1,0,3,76284.28,0,0.662,0,4,2,item_not_received,1
CASE-5053,1320.28,82,8,0,1,26,3,711.08,0,0.867,0,3,3,item_not_received,0
CASE-5054,13356.47,3,0,0,0,10,1,5146.05,6,0.127,0,2,4,unauthorized,0
CASE-5055,18520.49,19,0,0,1,0,70,8515.13,1,0.087,0,6,0,unauthorized,1
CASE-5056,2739.1,14,3,0,1,16,87,5711.12,3,0.356,4,5,1,other,1
CASE-5057,1766.17,13,3,2,1,10,10,1249.62,14,0.76,0,6,0,item_not_received,1
CASE-5058,14971.15,1,3,0,0,6,20,27644.23,0,0.4,0,5,1,unauthorized,0
CASE-5059,45975.61,2,0,2,1,13,2,94703.22,0,0.253,2,4,2,defective,0
CASE-5060,19030.84,7,1,0,1,26,45,21021.17,4,0.223,4,6,0,item_not_received,1
CASE-5061,1550.58,3,2,0,0,17,1,3822.88,0,0.322,0,3,3,other,0
CASE-5062,751.25,64,0,5,1,0,89,481.14,7,0.3,0,6,0,item_not_received,1
CASE-5063,15643.76,4,0,0,0,6,3,33040.77,3,0.193,0,3,3,duplicate,0
CASE-5064,1607.41,13,0,0,1,0,78,3345.39,11,0.286,6,4,2,unauthorized,1
CASE-5065,207.82,4,0,0,1,15,14,65.66,3,0.161,0,5,1,defective,1
CASE-5066,6585.93,7,3,1,0,19,2,13727.1,4,0.334,1,2,4,item_not_received,0
CASE-5067,1386.75,16,2,0,1,26,82,2468.62,1,0.294,0,2,4,unauthorized,1
CASE-5068,11327.6,2,2,1,1,0,54,24398.18,9,0.195,2,5,1,defective,1
CASE-5069,9014.36,3,3,0,1,0,26,18603.42,0,0.441,3,3,3,duplicate,1
CASE-5070,3204.24,57,3,1,1,27,6,3735.71,0,0.377,0,3,3,unauthorized,0
CASE-5071,337.55,2,0,0,0,15,80,386.67,1,0.113,6,4,2,unauthorized,1
CASE-5072,600.05,3,0,2,1,0,31,1378.34,4,0.274,0,4,2,item_not_received,1
CASE-5073,18995.93,4,9,0,1,0,5,9242.1,2,0.901,5,4,2,defective,1
CASE-5074,14980.42,43,1,1,1,0,25,22228.45,11,0.166,0,6,0,defective,1
CASE-5075,23122.45,5,7,1,0,12,2,48571.43,0,0.964,0,4,2,item_not_received,0
CASE-5076,598.14,2,0,1,1,2,2,1286.85,3,0.134,0,5,1,defective,1
CASE-5077,64942.98,28,2,0,1,0,77,112186.25,4,0.304,2,6,0,duplicate,1
CASE-5078,63201.0,13,1,5,0,3,14,111968.63,3,0.437,0,3,3,duplicate,0
CASE-5079,148324.9,76,0,0,1,19,25,244707.57,12,0.174,0,6,0,defective,0
CASE-5080,10626.27,72,1,2,1,6,6,18711.26,2,0.43,2,6,0,duplicate,1
CASE-5081,74094.4,69,2,0,1,8,3,108490.76,11,0.469,1,5,1,unauthorized,0
CASE-5082,1871.53,31,7,0,0,2,6,3170.23,4,0.936,1,4,2,defective,0
CASE-5083,1394.81,3,0,2,0,4,12,2990.52,4,0.063,0,5,1,other,0
CASE-5084,3826.56,5,0,0,0,14,80,8003.72,10,0.167,0,4,2,item_not_received,0
CASE-5085,1167.72,24,1,0,0,5,1,2737.3,3,0.25,1,1,5,item_not_received,1
CASE-5086,1089.26,99,2,0,1,0,5,1623.05,0,0.525,0,4,2,item_not_received,1
CASE-5087,17589.62,3,1,1,0,24,12,14270.04,1,0.112,0,6,0,defective,0
CASE-5088,1344.01,17,0,7,1,0,28,1234.56,0,0.278,2,6,0,duplicate,0
CASE-5089,63242.16,4,1,5,1,9,4,67085.45,14,0.248,6,5,1,item_not_received,1
CASE-5090,767.75,3,0,0,1,0,61,1316.23,0,0.128,0,3,3,item_not_received,1
CASE-5091,13157.96,5,1,0,0,17,9,28373.7,0,0.271,0,3,3,item_not_received,0
CASE-5092,926.35,1,0,2,1,3,26,698.89,0,0.087,0,3,3,defective,0
CASE-5093,15389.12,3,0,0,1,0,2,20413.92,3,0.148,0,3,3,unauthorized,1
CASE-5094,81567.04,2,7,0,1,0,21,154991.99,3,0.778,1,5,1,item_not_received,1
CASE-5095,116478.88,19,2,2,1,0,62,278894.35,0,0.237,0,5,1,item_not_received,1
CASE-5096,1654.24,10,0,0,1,0,15,1342.0,0,0.315,6,4,2,other,1
CASE-5097,16875.26,2,0,0,0,10,15,20845.27,11,0.052,0,3,3,defective,0
CASE-5098,88365.39,12,1,0,0,14,9,78672.59,3,0.333,0,3,3,item_not_received,0
CASE-5099,1122.89,3,1,0,1,0,12,382.64,0,0.194,2,6,0,unauthorized,1
CASE-5100,30830.79,96,0,1,1,0,5,70396.36,13,0.141,0,6,0,unauthorized,1
CASE-5101,101816.68,69,3,0,1,0,4,132877.77,3,0.624,0,6,0,item_not_received,1
CASE-5102,406.07,61,1,2,1,18,5,348.61,14,0.279,0,5,1,unauthorized,1
CASE-5103,127580.58,2,0,0,1,2,5,63499.88,3,0.121,0,5,1,item_not_received,1
CASE-5104,5683.55,1,0,0,0,16,9,5554.06,1,0.072,2,3,3,duplicate,1
CASE-5105,6689.65,19,0,0,0,28,3,13319.09,0,0.347,0,3,3,other,0
CASE-5106,56169.67,14,0,2,1,22,27,109689.41,4,0.274,1,5,1,item_not_received,1
CASE-5107,660.27,6,6,0,1,0,17,1487.24,2,0.562,0,5,1,unauthorized,0
CASE-5108,1675.37,4,1,1,1,0,27,617.74,10,0.215,0,6,0,other,1
CASE-5109,93896.59,9,0,1,0,27,71,211857.95,1,0.049,0,0,6,duplicate,0
CASE-5110,1742.11,5,3,2,1,5,16,2280.62,4,0.315,2,4,2,item_not_received,0
CASE-5111,418.89,5,3,0,0,23,4,234.94,2,0.489,2,3,3,item_not_received,0
CASE-5112,86256.87,1,0,0,1,3,6,192642.09,4,0.166,0,4,2,item_not_received,1
CASE-5113,145548.83,11,2,0,0,16,10,133765.84,1,0.392,0,1,5,unauthorized,0
CASE-5114,374.74,6,0,0,1,18,13,519.24,0,0.093,1,6,0,defective,1
CASE-5115,1253.3,3,0,7,1,1,2,2356.31,9,0.233,0,4,2,item_not_received,1
CASE-5116,99823.77,3,2,2,1,0,24,130184.31,1,0.262,6,5,1,defective,0
CASE-5117,585.11,12,1,0,1,0,80,478.77,0,0.099,0,4,2,unauthorized,1
CASE-5118,11784.58,10,0,5,1,22,19,27460.12,3,0.053,4,3,3,item_not_received,1
CASE-5119,245.6,3,3,0,1,0,23,162.61,3,0.315,2,5,1,item_not_received,1
CASE-5120,360.94,9,2,2,1,0,29,838.06,0,0.487,2,6,0,defective,0
CASE-5121,1829.69,19,0,0,1,0,25,1939.04,4,0.134,0,4,2,unauthorized,1
CASE-5122,232.49,17,1,6,1,0,8,471.8,4,0.219,0,5,1,item_not_received,1
CASE-5123,2410.83,17,0,0,1,0,16,4835.64,8,0.338,0,6,0,defective,1
CASE-5124,73734.85,6,0,0,1,12,2,146410.83,0,0.267,1,3,3,defective,1
CASE-5125,127966.45,3,1,0,1,0,27,55856.54,1,0.265,0,3,3,unauthorized,1
CASE-5126,55104.4,39,2,0,1,0,12,90048.0,2,0.53,0,4,2,defective,0
CASE-5127,494.16,5,3,0,1,17,14,254.84,1,0.384,0,3,3,item_not_received,1
CASE-5128,5729.4,13,0,0,0,9,2,10122.65,2,0.102,0,3,3,item_not_received,0
CASE-5129,486.73,41,9,0,1,0,22,357.92,9,0.972,0,6,0,item_not_received,1
CASE-5130,1799.11,2,2,2,0,24,6,1672.63,0,0.408,6,3,3,duplicate,0
CASE-5131,1665.62,40,3,0,1,18,7,3155.48,0,0.406,0,4,2,defective,1
CASE-5132,1197.84,3,2,0,1,3,36,2770.65,8,0.35,0,4,2,defective,1
CASE-5133,18406.63,2,2,2,1,0,14,28241.11,2,0.628,0,3,3,unauthorized,1
CASE-5134,10386.23,3,2,1,1,0,2,21502.12,1,0.303,0,3,3,unauthorized,0
CASE-5135,1956.63,71,0,0,1,0,15,1076.72,12,0.259,0,5,1,unauthorized,0
CASE-5136,1741.14,15,0,2,1,0,1,2845.17,2,0.168,0,5,1,unauthorized,1
CASE-5137,135434.93,3,3,0,1,10,25,298716.78,12,0.353,0,5,1,defective,0
CASE-5138,7551.05,4,0,0,0,2,34,16080.54,10,0.131,0,3,3,item_not_received,0
CASE-5139,5269.96,3,2,0,1,0,27,9401.48,10,0.27,0,5,1,item_not_received,1
CASE-5140,48851.85,1,2,0,1,0,1,49410.35,4,0.447,0,4,2,unauthorized,0
CASE-5141,8540.98,34,1,0,1,0,5,19100.71,5,0.36,0,5,1,defective,1
CASE-5142,77074.35,8,0,0,1,1,65,117280.86,0,0.04,0,5,1,duplicate,1
CASE-5143,689.73,1,8,0,1,0,27,1189.69,0,1.0,0,4,2,defective,0
CASE-5144,856.31,4,0,2,1,0,18,1002.1,1,0.268,0,4,2,other,1
CASE-5145,1325.3,1,2,1,0,5,4,1990.15,0,0.285,6,3,3,item_not_received,0
CASE-5146,427.07,9,0,2,1,12,27,202.48,4,0.326,0,4,2,item_not_received,1
CASE-5147,10274.09,19,0,0,1,0,14,11158.05,2,0.214,5,6,0,item_not_received,1
CASE-5148,1955.6,99,3,1,1,5,29,4676.67,8,0.642,5,6,0,unauthorized,1
CASE-5149,1238.5,10,0,0,1,0,29,2656.1,0,0.216,6,4,2,defective,1
CASE-5150,51395.83,25,0,0,1,4,15,69303.64,2,0.184,0,4,2,other,1
CASE-5151,1423.33,1,0,0,0,21,16,3219.76,1,0.104,0,3,3,item_not_received,0
CASE-5152,106863.76,37,1,0,0,19,26,182639.88,2,0.314,1,2,4,duplicate,1
CASE-5153,58195.02,26,9,1,1,0,21,28254.5,0,1.0,0,3,3,unauthorized,0
CASE-5154,17663.78,1,0,0,1,12,10,43174.81,0,0.186,2,4,2,unauthorized,1
CASE-5155,669.24,4,0,5,1,17,29,236.36,7,0.084,0,5,1,item_not_received,1
CASE-5156,137651.95,3,2,0,1,28,2,285994.04,3,0.485,0,5,1,other,1
CASE-5157,871.64,3,0,5,0,3,1,557.35,10,0.154,0,3,3,item_not_received,0
CASE-5158,1699.6,1,1,2,1,0,31,2005.35,0,0.294,2,4,2,item_not_received,1
CASE-5159,50061.58,19,0,2,1,0,11,104119.22,8,0.057,3,6,0,item_not_received,1
CASE-5160,1780.6,51,0,3,1,28,75,3878.2,5,0.075,0,5,1,defective,1
CASE-5161,134423.56,1,2,1,0,10,18,250870.81,0,0.158,0,1,5,defective,0
CASE-5162,898.5,15,2,0,0,14,1,542.17,6,0.277,0,3,3,duplicate,0
CASE-5163,770.54,13,0,0,0,1,1,385.64,6,0.035,0,3,3,defective,1
CASE-5164,414.65,12,0,0,1,0,29,431.01,0,0.138,0,5,1,item_not_received,1
CASE-5165,13221.58,1,0,0,1,18,1,23470.61,12,0.272,0,5,1,duplicate,1
CASE-5166,11935.32,2,3,0,1,20,3,16713.44,0,0.468,0,6,0,item_not_received,1
CASE-5167,9171.09,81,1,0,0,7,4,12800.72,2,0.339,0,2,4,unauthorized,0
CASE-5168,10102.29,6,0,1,0,15,17,13274.05,0,0.028,0,3,3,unauthorized,0
CASE-5169,50418.25,6,6,2,1,0,10,18112.76,3,0.879,2,3,3,defective,0
CASE-5170,115328.67,20,8,0,1,0,17,101936.05,1,1.0,2,5,1,unauthorized,0
CASE-5171,107028.63,7,2,0,0,28,11,262499.4,4,0.19,0,4,2,item_not_received,0
CASE-5172,1536.22,16,2,2,1,0,2,3449.35,0,0.196,0,3,3,unauthorized,1
CASE-5173,527.21,43,2,0,1,0,15,489.32,4,0.277,0,6,0,item_not_received,1
CASE-5174,1920.25,2,1,2,0,15,18,1889.5,2,0.1,0,3,3,item_not_received,0
CASE-5175,127544.39,93,0,0,1,3,46,141907.5,8,0.136,2,5,1,unauthorized,1
CASE-5176,39175.31,1,3,5,1,0,18,73928.79,3,0.36,0,5,1,duplicate,0
CASE-5177,136216.99,2,0,1,0,25,65,178801.69,2,0.276,0,2,4,unauthorized,0
CASE-5178,14982.84,2,0,6,1,0,13,23062.76,1,0.174,2,5,1,item_not_received,1
CASE-5179,1684.63,8,6,0,0,12,3,590.27,3,0.656,0,2,4,item_not_received,0
CASE-5180,1443.18,16,3,0,1,0,25,2994.17,0,0.224,0,4,2,unauthorized,1
CASE-5181,17556.68,2,1,0,0,20,27,32890.56,8,0.274,0,3,3,item_not_received,0
CASE-5182,18014.15,11,3,0,0,26,74,24984.32,8,0.43,0,3,3,item_not_received,0
CASE-5183,779.49,4,5,0,0,14,3,1635.57,8,0.647,2,5,1,item_not_received,1
CASE-5184,9119.03,97,0,0,1,0,4,7815.58,4,0.017,1,6,0,item_not_received,1
CASE-5185,2185.02,3,3,0,0,17,57,1894.47,11,0.358,2,4,2,item_not_received,0
CASE-5186,577.56,4,2,1,0,27,1,1244.36,3,0.393,0,3,3,other,0
CASE-5187,1391.68,4,0,0,0,25,25,1393.91,1,0.081,0,2,4,item_not_received,0
CASE-5188,1353.03,32,0,0,1,0,6,1342.7,4,0.206,0,6,0,unauthorized,1
CASE-5189,93884.52,6,0,2,0,16,7,183180.31,2,0.335,0,4,2,other,0
CASE-5190,1995.85,15,3,0,0,3,2,3212.53,1,0.261,0,1,5,item_not_received,0
CASE-5191,787.53,55,0,0,0,14,4,1496.39,2,0.019,0,4,2,other,0
CASE-5192,88443.34,1,3,0,0,27,22,92837.02,12,0.523,0,5,1,defective,0
CASE-5193,1807.85,9,0,7,0,19,29,1771.32,0,0.155,1,5,1,other,0
CASE-5194,357.2,19,1,0,1,0,1,275.04,0,0.443,0,6,0,defective,1
CASE-5195,1397.44,18,0,5,1,0,24,1776.05,2,0.13,1,5,1,defective,1
CASE-5196,17809.27,1,0,1,1,21,13,14611.09,0,0.128,3,3,3,item_not_received,0
CASE-5197,702.84,4,0,0,0,6,7,834.75,3,0.373,0,3,3,other,0
CASE-5198,1571.02,27,0,0,1,2,8,1288.61,6,0.087,1,6,0,unauthorized,1
CASE-5199,1333.65,2,0,1,1,3,10,2285.06,3,0.204,0,4,2,other,1
CASE-5200,8505.31,1,0,0,1,0,5,16385.18,0,0.284,0,5,1,unauthorized,0
CASE-5201,7072.81,3,2,0,1,0,3,15239.82,2,0.437,2,4,2,duplicate,1
CASE-5202,17476.65,1,0,0,0,12,24,37386.91,1,0.106,0,3,3,defective,0
CASE-5203,24354.09,17,3,0,1,0,44,53772.49,0,0.296,1,4,2,item_not_received,1
CASE-5204,93408.11,12,3,3,0,10,27,178832.28,0,0.513,0,2,4,item_not_received,0
CASE-5205,15486.73,36,0,0,1,28,12,6435.15,2,0.092,2,3,3,item_not_received,0
CASE-5206,17470.16,3,1,2,1,0,3,26967.7,3,0.078,2,3,3,duplicate,1
CASE-5207,17440.28,8,3,1,1,0,11,27501.78,0,0.478,0,5,1,defective,0
CASE-5208,14923.78,6,0,0,0,8,6,11595.1,7,0.1,1,3,3,duplicate,0
CASE-5209,6555.92,13,1,0,0,3,23,2481.82,4,0.082,0,3,3,unauthorized,0
CASE-5210,90582.26,5,0,0,1,0,8,79936.71,0,0.074,0,5,1,unauthorized,0
CASE-5211,129153.8,6,0,0,1,11,18,193085.45,4,0.342,3,5,1,other,1
CASE-5212,18420.05,14,0,0,1,0,60,44454.63,2,0.241,0,4,2,item_not_received,1
CASE-5213,90909.62,3,0,2,0,5,16,135127.34,0,0.288,2,4,2,duplicate,0
CASE-5214,249.51,1,0,7,0,8,2,524.85,0,0.314,0,2,4,other,0
CASE-5215,4377.79,2,0,2,0,13,1,2302.26,3,0.146,0,4,2,unauthorized,0
CASE-5216,5409.86,10,2,1,1,0,18,8981.4,4,0.588,1,4,2,unauthorized,1
CASE-5217,127265.35,6,0,0,1,28,4,245760.34,1,0.234,0,4,2,item_not_received,1
CASE-5218,121846.72,4,1,2,1,0,27,203792.28,4,0.176,4,5,1,item_not_received,1
CASE-5219,15233.22,13,3,0,1,0,13,23593.63,7,0.39,1,5,1,item_not_received,1
CASE-5220,12296.29,3,0,0,1,18,47,22163.98,2,0.205,0,4,2,item_not_received,1
CASE-5221,106403.6,19,0,1,1,0,9,205318.24,2,0.069,3,3,3,unauthorized,0
CASE-5222,1320.48,13,2,0,1,0,9,2424.97,4,0.297,0,2,4,defective,0
CASE-5223,14199.31,2,0,0,1,28,22,26718.18,4,0.368,0,4,2,defective,1
CASE-5224,1664.28,55,1,0,0,9,14,3202.7,7,0.133,0,1,5,item_not_received,1
CASE-5225,257.34,1,0,1,1,0,3,566.75,9,0.2,0,5,1,item_not_received,1
CASE-5226,9170.84,3,1,0,0,27,23,5798.77,2,0.216,1,0,6,defective,0
CASE-5227,1295.63,1,0,2,1,14,11,2728.2,2,0.071,4,5,1,item_not_received,1
CASE-5228,102813.05,8,7,0,1,0,9,97396.03,4,0.443,0,3,3,item_not_received,1
CASE-5229,9742.93,87,0,1,1,2,15,10140.15,2,0.183,1,2,4,defective,0
CASE-5230,748.02,91,0,0,1,23,29,447.39,3,0.298,0,6,0,item_not_received,1
CASE-5231,122671.25,4,3,7,1,0,22,182608.53,4,0.583,2,5,1,item_not_received,0
CASE-5232,1909.62,3,6,0,0,16,1,759.55,2,0.686,1,3,3,item_not_received,0
CASE-5233,8283.32,1,0,0,1,7,6,17991.51,3,0.107,2,5,1,item_not_received,1
CASE-5234,665.02,1,0,0,1,0,6,571.57,9,0.268,4,6,0,defective,0
CASE-5235,8328.92,4,0,3,1,0,27,16380.34,0,0.235,0,3,3,other,1
CASE-5236,5661.77,34,0,0,1,0,22,2862.97,2,0.134,0,6,0,item_not_received,1
CASE-5237,1023.2,1,2,1,1,27,4,1381.33,1,0.277,0,5,1,other,1
CASE-5238,4977.04,2,0,0,1,0,3,5514.69,3,0.21,6,5,1,duplicate,1
CASE-5239,38129.9,6,1,5,1,11,26,72257.62,2,0.452,0,6,0,item_not_received,1
CASE-5240,533.83,93,0,0,1,21,1,348.62,9,0.16,0,5,1,unauthorized,1
CASE-5241,1303.52,13,1,2,1,11,3,1208.34,9,0.26,0,6,0,defective,0
CASE-5242,17817.58,4,4,2,1,6,6,41162.13,0,0.371,0,4,2,item_not_received,1
CASE-5243,669.77,3,0,1,0,27,27,386.81,4,0.465,0,5,1,unauthorized,0
CASE-5244,435.63,22,0,0,1,0,47,943.1,2,0.137,0,4,2,defective,1
CASE-5245,13512.82,33,0,0,0,16,1,17352.61,1,0.123,0,2,4,other,0
CASE-5246,2744.53,1,0,2,1,16,74,6800.25,12,0.139,0,6,0,unauthorized,0
CASE-5247,949.91,89,0,0,1,0,22,2087.03,14,0.044,0,5,1,other,1
CASE-5248,1680.61,3,0,0,1,0,11,3144.47,0,0.351,0,4,2,defective,1
CASE-5249,80262.1,13,2,2,1,0,26,153987.33,0,0.43,0,5,1,item_not_received,1
CASE-5250,1814.45,40,0,0,0,19,71,771.59,0,0.391,0,1,5,unauthorized,0
CASE-5251,9113.0,7,2,0,1,0,18,5005.79,0,0.337,0,4,2,defective,0
CASE-5252,15582.41,1,3,0,0,19,14,33634.46,3,0.233,2,4,2,item_not_received,0
CASE-5253,811.19,65,0,0,0,28,78,1938.03,0,0.09,0,3,3,defective,0
CASE-5254,28585.41,14,6,0,1,0,35,53214.9,2,0.858,1,5,1,defective,0
CASE-5255,1197.31,12,0,0,1,2,3,2357.56,1,0.33,3,6,0,other,1
CASE-5256,14952.6,4,0,7,0,24,15,23064.96,2,0.492,2,3,3,item_not_received,0
CASE-5257,8595.13,38,3,1,1,27,3,6679.02,4,0.685,2,6,0,item_not_received,1
CASE-5258,431.26,11,0,0,1,23,17,501.01,0,0.127,0,5,1,other,1
CASE-5259,1275.71,13,0,3,1,0,82,1618.35,9,0.035,0,5,1,defective,1
CASE-5260,116975.14,19,2,0,1,0,10,39183.83,4,0.41,0,4,2,defective,1
CASE-5261,120312.58,3,2,0,0,28,5,215516.02,0,0.418,0,3,3,unauthorized,0
CASE-5262,23342.42,94,2,2,1,0,20,54770.92,0,0.436,0,6,0,unauthorized,1
CASE-5263,322.44,44,0,2,0,27,27,574.93,0,0.19,1,0,6,unauthorized,0
CASE-5264,1352.46,7,0,0,0,18,11,1968.92,4,0.068,1,4,2,other,1
CASE-5265,681.17,52,0,3,1,0,17,367.13,4,0.445,6,4,2,unauthorized,1
CASE-5266,86922.21,9,3,0,0,11,1,147716.78,13,0.507,0,5,1,unauthorized,1
CASE-5267,324.47,2,3,0,1,27,67,661.52,1,0.193,6,5,1,item_not_received,0
CASE-5268,111361.2,2,1,0,1,0,2,232782.18,4,0.213,0,4,2,defective,1
CASE-5269,8020.74,2,0,2,0,17,13,9894.26,10,0.019,0,3,3,defective,0
CASE-5270,3882.25,10,3,0,0,12,30,4455.25,0,0.543,0,2,4,defective,0
CASE-5271,1878.25,2,1,0,1,0,71,1408.32,4,0.166,0,6,0,item_not_received,1
CASE-5272,221.34,4,0,2,1,0,4,434.71,3,0.082,0,5,1,duplicate,1
CASE-5273,14507.48,8,0,1,1,2,55,29375.22,10,0.053,0,5,1,defective,1
CASE-5274,991.85,4,0,2,1,1,29,489.59,3,0.075,3,3,3,defective,1
CASE-5275,859.54,50,1,4,0,2,29,1708.8,6,0.134,2,2,4,item_not_received,0
CASE-5276,1108.94,16,6,1,0,18,22,808.97,0,0.519,0,2,4,unauthorized,0
CASE-5277,309.52,16,0,0,1,25,26,275.45,2,0.095,0,5,1,item_not_received,1
CASE-5278,46221.47,19,0,0,1,0,23,50223.17,0,0.177,0,4,2,other,1
CASE-5279,5999.0,5,0,0,0,15,23,5296.53,6,0.176,1,4,2,item_not_received,0
CASE-5280,16251.6,13,9,0,1,2,11,12958.49,11,0.806,0,5,1,item_not_received,1
CASE-5281,18751.92,7,0,0,1,9,10,21445.67,0,0.173,6,5,1,defective,1
CASE-5282,18584.71,3,0,0,1,0,25,15264.0,10,0.181,5,5,1,item_not_received,1
CASE-5283,11876.01,17,1,0,1,0,5,14123.67,2,0.124,1,6,0,other,1
CASE-5284,12142.25,80,1,0,1,27,4,23180.15,7,0.668,0,6,0,defective,1
CASE-5285,1847.2,11,1,2,0,20,3,4578.9,1,0.355,6,2,4,other,0
CASE-5286,141928.68,95,0,0,0,25,1,74978.13,5,0.299,0,5,1,defective,1
CASE-5287,149356.6,98,0,0,1,0,9,365565.47,0,0.217,2,4,2,defective,1
CASE-5288,1628.53,12,0,0,1,12,47,758.43,3,0.037,1,5,1,unauthorized,1
CASE-5289,132393.3,2,0,0,1,8,2,203369.87,2,0.126,0,5,1,item_not_received,1
CASE-5290,17220.38,18,1,0,0,19,1,13336.62,0,0.159,0,2,4,other,0
CASE-5291,10084.7,8,6,0,1,0,4,23361.63,0,0.723,4,3,3,item_not_received,0
CASE-5292,452.81,95,0,0,1,28,4,814.3,2,0.349,0,5,1,unauthorized,0
CASE-5293,1320.5,3,0,0,1,0,23,694.88,2,0.307,2,4,2,unauthorized,0
CASE-5294,2079.68,2,0,0,1,0,19,4353.58,0,0.237,0,4,2,item_not_received,1
CASE-5295,1724.27,3,0,0,0,17,18,4032.68,1,0.271,0,3,3,item_not_received,1
CASE-5296,44533.06,2,0,1,0,28,5,91601.38,0,0.079,1,4,2,defective,0
CASE-5297,4372.8,7,0,2,1,29,64,4271.01,6,0.121,4,5,1,item_not_received,1
CASE-5298,352.99,3,2,0,1,0,6,278.89,11,0.218,0,5,1,item_not_received,0
CASE-5299,19818.16,13,0,2,1,0,4,14025.32,0,0.216,0,3,3,unauthorized,1
CASE-5300,619.17,89,0,0,1,0,10,365.16,2,0.067,0,5,1,item_not_received,1
CASE-5301,13908.63,16,5,0,1,0,84,18341.92,3,0.942,0,4,2,item_not_received,1
CASE-5302,9025.0,17,2,1,0,14,3,21243.77,8,0.556,0,2,4,duplicate,0
CASE-5303,642.05,58,1,1,1,18,20,778.42,6,0.142,0,6,0,item_not_received,0
CASE-5304,139514.59,4,0,5,0,18,19,138101.49,12,0.451,0,2,4,defective,0
CASE-5305,4284.92,3,0,0,0,4,27,5811.38,9,0.371,0,3,3,other,0
CASE-5306,108177.22,3,0,2,0,11,3,157227.67,4,0.176,0,3,3,other,0
CASE-5307,1588.26,13,4,0,1,0,79,1664.65,0,0.438,5,5,1,other,1
CASE-5308,1765.5,46,6,0,1,5,3,816.2,0,0.838,0,5,1,item_not_received,1
CASE-5309,581.95,4,1,4,0,2,5,203.46,1,0.057,0,3,3,duplicate,0
CASE-5310,12585.93,1,2,4,1,0,6,5917.69,1,0.177,1,3,3,item_not_received,1
CASE-5311,1185.44,16,0,1,1,0,39,949.28,0,0.122,0,5,1,item_not_received,1
CASE-5312,131094.91,99,2,0,0,4,12,244366.32,1,0.232,1,2,4,unauthorized,0
CASE-5313,55754.29,33,0,0,0,11,14,83362.71,8,0.41,0,4,2,other,1
CASE-5314,466.98,2,0,0,1,0,9,1088.0,3,0.241,0,5,1,defective,0
CASE-5315,8797.9,54,0,4,1,0,28,20976.84,12,0.156,2,5,1,other,1
CASE-5316,41194.56,8,6,0,1,0,29,37978.34,4,0.637,2,5,1,unauthorized,0
CASE-5317,4693.74,33,3,0,1,0,4,3836.74,0,0.317,0,5,1,other,1
CASE-5318,1690.41,90,0,0,0,13,80,1656.85,2,0.014,0,3,3,defective,0
CASE-5319,1402.26,10,0,1,1,9,6,1937.31,4,0.022,2,5,1,item_not_received,1
CASE-5320,113186.9,1,0,0,0,5,14,274822.29,3,0.115,0,2,4,unauthorized,0
CASE-5321,19878.17,3,2,0,1,12,19,25386.0,1,0.359,2,4,2,defective,0
CASE-5322,1803.86,12,0,0,1,9,5,1000.17,2,0.13,0,2,4,defective,1
CASE-5323,14970.47,8,4,0,0,25,24,6700.31,1,0.448,3,2,4,other,0
CASE-5324,17869.64,6,0,2,1,12,5,43904.01,0,0.266,0,3,3,unauthorized,0
CASE-5325,6301.55,19,2,0,0,18,21,10008.26,7,0.325,6,5,1,item_not_received,0
CASE-5326,320.45,2,0,5,0,26,4,765.26,1,0.351,0,5,1,item_not_received,0
CASE-5327,1927.79,6,0,0,1,11,21,1715.51,6,0.111,1,6,0,item_not_received,1
CASE-5328,3837.46,2,1,0,0,22,21,4841.5,0,0.423,0,3,3,item_not_received,0
CASE-5329,10800.87,2,3,6,1,1,8,10079.6,0,0.209,0,4,2,item_not_received,0
CASE-5330,17836.7,1,0,1,1,0,25,38153.15,2,0.186,0,5,1,unauthorized,1
CASE-5331,132992.02,16,4,0,1,0,27,69801.68,4,0.583,0,5,1,item_not_received,1
CASE-5332,1023.78,79,0,0,1,0,6,566.35,1,0.139,0,4,2,defective,1
CASE-5333,972.29,1,0,0,0,5,12,2053.8,4,0.255,0,3,3,unauthorized,0
CASE-5334,827.81,19,7,1,1,18,2,1166.17,0,0.905,0,5,1,unauthorized,1
CASE-5335,4109.49,1,1,0,1,0,87,2527.04,11,0.378,1,4,2,duplicate,1
CASE-5336,69441.83,6,0,0,1,27,83,142121.08,14,0.082,0,3,3,unauthorized,0
CASE-5337,146881.62,3,0,0,1,0,1,225855.21,14,0.102,0,5,1,unauthorized,1
CASE-5338,1356.69,2,0,1,1,0,18,599.67,14,0.029,1,4,2,other,1
CASE-5339,93654.25,1,0,0,1,0,10,160199.59,4,0.102,2,5,1,unauthorized,1
CASE-5340,1828.35,4,0,0,1,0,18,597.28,0,0.148,0,3,3,unauthorized,1
CASE-5341,28289.64,18,0,0,1,15,2,66557.8,4,0.125,0,4,2,item_not_received,1
CASE-5342,1609.61,4,0,0,1,19,3,2472.19,11,0.211,5,4,2,duplicate,1
CASE-5343,1633.29,8,0,0,0,25,27,1910.23,0,0.347,2,2,4,unauthorized,0
CASE-5344,81099.7,17,0,0,0,27,21,80117.06,11,0.208,0,2,4,item_not_received,0
CASE-5345,4374.37,5,0,0,0,7,4,9530.72,3,0.133,0,3,3,defective,0
CASE-5346,9227.93,2,9,0,0,12,26,21693.45,2,1.0,0,4,2,unauthorized,0
CASE-5347,583.56,1,2,5,1,23,28,252.73,3,0.426,2,5,1,item_not_received,1
CASE-5348,880.64,9,0,2,0,3,4,414.49,0,0.153,0,2,4,unauthorized,0
CASE-5349,7372.97,18,0,2,1,25,28,6526.97,0,0.129,0,5,1,other,1
CASE-5350,235.98,69,6,1,1,0,42,453.48,11,0.639,3,5,1,item_not_received,1
CASE-5351,88951.94,3,0,2,1,0,4,111278.57,2,0.112,0,5,1,defective,1
CASE-5352,13070.83,79,0,0,0,4,6,12912.05,9,0.079,1,3,3,defective,0
CASE-5353,1879.09,1,0,0,1,0,38,1467.9,5,0.087,1,5,1,unauthorized,0
CASE-5354,40030.73,2,0,0,0,13,6,83186.02,12,0.19,1,1,5,unauthorized,0
CASE-5355,1228.66,3,2,3,1,0,2,1722.4,1,0.358,0,4,2,item_not_received,1
CASE-5356,1846.24,1,7,1,1,0,28,3380.65,14,1.0,0,6,0,item_not_received,1
CASE-5357,1618.24,38,9,0,1,0,13,3041.05,3,1.0,0,5,1,item_not_received,1
CASE-5358,690.61,49,0,0,1,0,69,273.61,3,0.214,0,6,0,other,0
CASE-5359,1369.98,1,1,0,1,0,28,2108.22,4,0.161,4,6,0,item_not_received,1
CASE-5360,139370.94,11,6,0,0,18,39,216030.5,9,0.891,0,5,1,unauthorized,0
CASE-5361,525.01,14,0,0,1,22,4,635.75,0,0.288,0,6,0,unauthorized,1
CASE-5362,8458.29,95,1,2,0,5,13,5289.98,13,0.128,0,3,3,item_not_received,1
CASE-5363,81962.02,5,0,2,1,0,69,28611.4,2,0.032,0,4,2,other,0
CASE-5364,18794.05,3,0,2,1,0,11,46099.25,2,0.133,0,3,3,unauthorized,0
CASE-5365,105206.54,15,3,0,1,0,44,45335.08,2,0.676,0,5,1,unauthorized,0
CASE-5366,242.88,8,0,2,1,21,17,123.21,1,0.198,0,3,3,defective,1
CASE-5367,19626.07,86,6,0,1,0,4,10911.18,4,0.497,0,5,1,other,1
CASE-5368,80553.42,56,0,2,1,0,16,181933.05,3,0.06,3,4,2,item_not_received,1
CASE-5369,125875.37,8,0,1,1,4,70,48313.14,14,0.172,0,5,1,other,1
CASE-5370,98657.2,6,1,0,1,0,76,145471.08,10,0.466,0,6,0,unauthorized,1
CASE-5371,984.8,3,0,0,1,0,2,2034.27,7,0.192,0,5,1,defective,1
CASE-5372,10824.62,2,0,2,1,8,8,20062.73,0,0.07,0,5,1,item_not_received,1
CASE-5373,77909.89,18,0,0,1,0,29,154113.72,13,0.137,0,4,2,defective,1
CASE-5374,13772.65,2,0,0,1,29,73,26643.95,0,0.323,4,5,1,defective,0
CASE-5375,1390.2,14,3,3,0,12,1,2038.28,3,0.504,0,3,3,unauthorized,0
CASE-5376,9265.52,3,0,1,0,4,2,7486.98,2,0.182,0,3,3,defective,0
CASE-5377,12000.48,2,7,2,0,9,66,4994.07,0,0.885,0,5,1,defective,0
CASE-5378,1374.07,1,1,0,0,3,29,2777.32,3,0.12,0,3,3,unauthorized,0
CASE-5379,52803.43,28,1,0,1,15,8,19855.51,0,0.259,2,5,1,unauthorized,1
CASE-5380,119062.14,87,0,7,0,3,2,93186.66,5,0.135,0,2,4,item_not_received,0
CASE-5381,35145.75,16,4,2,1,0,27,69784.2,4,0.698,0,5,1,unauthorized,1
CASE-5382,10354.35,1,5,2,1,0,23,23115.84,0,0.631,0,5,1,item_not_received,0
CASE-5383,147292.25,3,4,0,0,2,3,53151.59,3,0.272,0,4,2,item_not_received,0
CASE-5384,10086.98,2,0,1,1,0,2,12500.85,0,0.082,0,3,3,defective,1
CASE-5385,12193.88,11,0,0,1,0,6,23849.72,4,0.09,0,5,1,other,1
CASE-5386,11706.54,4,1,0,1,0,5,12852.33,4,0.611,0,4,2,duplicate,1
CASE-5387,12842.87,17,0,0,0,22,41,23037.1,10,0.135,0,4,2,item_not_received,1
CASE-5388,18010.98,16,8,0,0,9,2,28767.83,0,0.759,0,3,3,unauthorized,0
CASE-5389,4225.07,18,2,6,1,23,6,2881.61,4,0.441,1,5,1,unauthorized,0
CASE-5390,3812.73,7,0,0,1,12,10,1542.44,0,0.39,0,3,3,item_not_received,1
CASE-5391,731.83,19,0,1,0,11,6,1415.8,1,0.032,0,4,2,unauthorized,0
CASE-5392,1197.24,15,3,1,1,25,10,897.8,11,0.427,0,5,1,other,1
CASE-5393,3868.37,2,0,6,1,0,34,2395.53,0,0.143,1,4,2,defective,0
CASE-5394,1004.67,9,2,2,1,0,76,2171.88,4,0.446,0,6,0,defective,1
CASE-5395,15619.74,9,0,1,0,1,14,27049.21,1,0.249,2,3,3,unauthorized,0
CASE-5396,3304.11,3,0,0,1,14,57,6056.77,0,0.146,0,2,4,defective,1
CASE-5397,110561.07,11,0,2,0,6,8,99902.55,0,0.095,1,4,2,defective,0
CASE-5398,13102.31,17,0,0,0,4,6,32174.05,14,0.158,0,5,1,item_not_received,0
CASE-5399,13994.15,3,2,0,1,0,12,32904.46,6,0.361,0,5,1,item_not_received,1
CASE-5400,1300.07,5,0,0,1,0,6,2464.25,6,0.078,0,6,0,duplicate,1
CASE-5401,1459.04,3,0,0,1,0,4,932.19,1,0.155,0,6,0,item_not_received,1
CASE-5402,1494.9,46,0,0,1,0,10,2361.85,4,0.172,0,5,1,unauthorized,1
CASE-5403,16400.61,8,3,0,1,16,5,29875.73,0,0.292,0,4,2,unauthorized,0
CASE-5404,46086.85,13,1,2,1,29,52,98229.86,0,0.274,0,5,1,unauthorized,0
CASE-5405,904.31,3,3,0,1,27,27,1165.49,1,0.454,2,4,2,item_not_received,0
CASE-5406,1122.48,4,0,0,1,18,6,1974.56,1,0.023,5,6,0,other,1
CASE-5407,373.26,13,3,0,1,22,83,491.52,3,0.248,0,4,2,item_not_received,1
CASE-5408,103603.14,2,0,0,1,10,4,97262.59,14,0.064,0,5,1,unauthorized,1
CASE-5409,1269.55,1,3,1,1,0,22,2967.88,10,0.286,1,5,1,defective,1
CASE-5410,18392.48,9,0,1,1,0,87,29372.54,2,0.148,0,5,1,item_not_received,1
CASE-5411,5149.53,4,0,0,0,23,17,6370.3,0,0.134,1,3,3,unauthorized,0
CASE-5412,594.05,11,1,0,1,14,12,747.17,1,0.403,0,3,3,item_not_received,1
CASE-5413,10668.97,16,0,3,0,3,6,10572.44,1,0.189,0,3,3,unauthorized,0
CASE-5414,1006.57,61,0,5,0,3,6,2108.02,2,0.015,0,2,4,item_not_received,0
CASE-5415,59922.42,4,0,0,0,29,7,28483.08,0,0.155,0,3,3,other,0
CASE-5416,3002.42,13,0,0,1,23,25,5258.26,9,0.117,0,5,1,unauthorized,1
CASE-5417,10905.56,76,0,0,0,8,14,17117.84,0,0.278,0,2,4,item_not_received,0
CASE-5418,1965.73,16,0,3,1,0,4,4112.88,1,0.456,5,6,0,defective,0
CASE-5419,148261.88,8,3,0,1,0,5,232997.32,2,0.678,5,4,2,defective,0
CASE-5420,8966.27,2,1,2,1,9,22,8460.49,3,0.421,2,4,2,item_not_received,1
CASE-5421,1507.6,12,8,0,1,21,19,1967.63,1,0.546,0,6,0,unauthorized,1
CASE-5422,1100.28,18,0,1,1,9,14,1379.68,0,0.067,1,6,0,defective,1
CASE-5423,2202.01,18,0,0,0,1,9,1950.16,1,0.147,0,4,2,item_not_received,1
CASE-5424,4426.19,32,3,0,0,17,2,7593.74,0,0.297,0,3,3,other,0
CASE-5425,6962.8,13,4,0,1,0,22,13447.21,0,0.273,5,3,3,unauthorized,1
CASE-5426,114781.98,1,0,0,1,25,42,77062.86,2,0.291,0,4,2,other,1
CASE-5427,1486.75,18,0,2,1,0,28,533.24,4,0.232,0,6,0,unauthorized,0
CASE-5428,221.3,1,1,0,0,8,14,186.25,2,0.271,1,3,3,duplicate,0
CASE-5429,67895.53,18,0,0,1,0,69,111065.2,4,0.294,1,5,1,defective,1
CASE-5430,1694.65,8,0,0,1,0,19,4084.72,0,0.151,0,4,2,duplicate,1
CASE-5431,428.34,1,7,0,1,24,6,268.69,2,0.987,1,3,3,duplicate,1
CASE-5432,10280.79,42,0,0,0,16,26,20509.29,0,0.367,2,1,5,item_not_received,0
CASE-5433,1484.31,3,0,0,1,29,42,3464.21,3,0.106,0,5,1,unauthorized,0
CASE-5434,115370.26,15,3,4,1,0,24,51573.43,0,0.524,2,5,1,item_not_received,0
CASE-5435,105345.06,12,0,0,0,7,26,201947.15,10,0.304,5,4,2,unauthorized,0
CASE-5436,18311.51,93,0,0,1,20,43,10812.38,0,0.06,0,4,2,item_not_received,1
CASE-5437,3931.99,4,2,0,1,0,62,7498.36,12,0.503,2,6,0,item_not_received,1
CASE-5438,129848.52,2,0,0,1,0,16,160262.32,4,0.292,2,5,1,unauthorized,0
CASE-5439,17370.18,2,3,0,1,0,29,34054.27,9,0.405,0,6,0,other,1
CASE-5440,1536.45,8,0,0,1,5,6,2480.29,8,0.163,2,5,1,item_not_received,1
CASE-5441,1188.36,29,0,0,1,0,10,1235.84,2,0.117,0,6,0,other,1
CASE-5442,409.65,26,0,5,1,0,6,737.72,0,0.094,0,3,3,item_not_received,0
CASE-5443,51724.39,91,1,1,0,10,4,100935.44,0,0.244,0,3,3,unauthorized,0
CASE-5444,13511.18,11,0,0,1,6,1,23747.54,2,0.274,0,6,0,item_not_received,1
CASE-5445,137065.76,63,2,1,1,21,46,267173.39,0,0.235,0,5,1,item_not_received,1
CASE-5446,129547.2,4,1,0,1,0,6,184184.61,7,0.251,0,5,1,defective,1
CASE-5447,149798.48,7,0,2,0,13,28,130155.94,10,0.099,0,3,3,item_not_received,0
CASE-5448,43696.06,80,1,7,1,28,27,19821.78,0,0.128,0,5,1,unauthorized,1
CASE-5449,1347.69,19,0,0,1,0,3,1241.52,1,0.107,0,4,2,defective,0
CASE-5450,1669.42,10,3,0,0,14,58,2255.6,1,0.427,0,3,3,unauthorized,0
CASE-5451,1908.32,1,3,0,0,23,2,1965.61,0,0.409,0,1,5,defective,0
CASE-5452,14113.77,4,2,0,1,26,28,33706.85,0,0.263,0,4,2,unauthorized,0
CASE-5453,1046.76,56,3,6,1,0,6,1953.94,1,0.442,0,4,2,duplicate,1
CASE-5454,1410.33,1,2,0,0,2,6,587.73,2,0.416,1,5,1,unauthorized,0
CASE-5455,1521.79,14,1,0,1,26,3,776.62,3,0.294,0,4,2,defective,1
CASE-5456,116836.7,16,0,2,0,2,6,175021.63,3,0.058,0,2,4,item_not_received,0
CASE-5457,1266.14,61,1,0,1,3,3,1894.93,4,0.387,0,6,0,item_not_received,1
CASE-5458,351.09,12,2,2,1,0,1,824.96,8,0.288,0,5,1,defective,1
CASE-5459,17280.38,12,2,0,0,25,10,18752.81,0,0.36,0,2,4,unauthorized,0
CASE-5460,6129.96,55,2,0,1,25,21,15209.24,3,0.405,0,5,1,defective,1
CASE-5461,344.48,2,2,0,0,21,63,518.98,9,0.402,0,3,3,unauthorized,0
CASE-5462,17699.49,15,7,2,1,0,4,28460.49,0,0.86,1,6,0,item_not_received,0
CASE-5463,1871.65,4,0,0,1,0,28,3657.7,12,0.175,1,5,1,defective,1
CASE-5464,70782.46,1,0,0,1,23,14,64459.67,0,0.108,0,3,3,defective,1
CASE-5465,11875.64,18,3,0,1,0,12,29083.82,11,0.45,1,5,1,other,1
CASE-5466,771.82,2,1,7,0,8,3,836.43,0,0.484,0,2,4,other,0
CASE-5467,1048.69,7,0,1,1,14,2,1546.45,1,0.055,1,5,1,item_not_received,1
CASE-5468,4087.92,11,0,0,1,0,4,1742.17,2,0.117,2,5,1,defective,0
CASE-5469,1367.53,2,0,2,1,17,4,2786.52,7,0.346,0,6,0,unauthorized,0
CASE-5470,15261.76,3,0,0,1,0,80,5257.08,0,0.217,0,5,1,item_not_received,1
CASE-5471,26227.48,5,0,0,1,0,27,52426.76,1,0.079,0,5,1,item_not_received,1
CASE-5472,14155.98,16,0,7,1,0,85,13482.62,10,0.082,0,6,0,item_not_received,1
CASE-5473,6431.34,3,2,0,1,0,14,9099.1,12,0.157,0,4,2,defective,0
CASE-5474,148300.56,15,0,5,0,10,11,359250.08,1,0.299,4,3,3,other,0
CASE-5475,1191.2,3,0,0,0,11,6,969.94,0,0.152,3,2,4,unauthorized,0
CASE-5476,922.99,14,0,0,1,10,2,2013.87,0,0.115,2,5,1,item_not_received,1
CASE-5477,2904.75,49,0,0,1,0,27,4844.3,9,0.151,2,4,2,item_not_received,1
CASE-5478,563.71,1,0,1,0,12,20,968.37,1,0.032,1,1,5,unauthorized,0
CASE-5479,1880.26,3,0,2,0,4,1,2197.62,4,0.175,1,4,2,item_not_received,0
CASE-5480,82528.47,10,3,7,1,0,65,149310.41,3,0.529,1,6,0,item_not_received,1
CASE-5481,1310.32,8,7,0,0,18,9,1777.67,0,0.552,2,3,3,item_not_received,0
CASE-5482,4378.39,1,6,0,1,5,12,2430.67,2,0.527,0,4,2,unauthorized,0
CASE-5483,10250.3,13,5,0,1,18,21,19345.97,2,0.514,1,4,2,item_not_received,1
CASE-5484,2548.3,13,0,0,0,9,26,980.3,0,0.099,2,2,4,duplicate,0
CASE-5485,625.65,3,3,0,0,4,2,331.62,1,0.431,3,2,4,item_not_received,0
CASE-5486,116204.85,18,7,0,1,8,16,79639.92,3,0.721,0,4,2,item_not_received,0
CASE-5487,1547.67,4,1,2,1,0,6,2483.27,0,0.185,1,4,2,item_not_received,1
CASE-5488,25908.63,2,2,3,0,14,25,15013.63,2,0.14,0,2,4,unauthorized,0
CASE-5489,1235.1,15,3,5,1,0,21,1316.41,8,0.302,0,5,1,defective,0
CASE-5490,4523.89,5,0,0,1,0,23,2576.73,1,0.311,0,6,0,duplicate,1
CASE-5491,1980.17,6,7,0,1,0,14,3742.14,3,0.64,5,3,3,other,0
CASE-5492,545.18,4,0,0,1,0,4,1103.97,0,0.285,0,4,2,unauthorized,1
CASE-5493,36282.63,4,0,0,1,0,23,15527.92,0,0.218,0,4,2,defective,1
CASE-5494,1832.0,2,5,0,1,0,5,2548.69,0,0.597,0,4,2,item_not_received,1
CASE-5495,10402.64,79,0,1,0,17,17,11413.57,9,0.26,1,3,3,other,0
CASE-5496,34382.07,2,2,0,1,0,9,13026.83,1,0.378,0,4,2,unauthorized,0
CASE-5497,1623.04,1,1,2,1,0,22,3746.33,2,0.149,0,4,2,item_not_received,0
CASE-5498,425.6,54,9,6,1,5,15,594.97,9,0.863,0,3,3,item_not_received,0
CASE-5499,19969.58,18,0,0,1,0,27,37370.95,0,0.07,0,6,0,unauthorized,0
CASE-5500,6182.26,16,0,2,1,13,5,4503.55,9,0.063,1,3,3,unauthorized,0
CASE-5501,122643.36,3,8,0,0,22,13,39802.06,2,0.374,0,0,6,item_not_received,0
CASE-5502,91545.91,12,0,2,1,0,8,212547.45,0,0.193,0,4,2,other,1
CASE-5503,1102.88,75,2,0,1,29,62,1579.94,13,0.339,0,5,1,other,1
CASE-5504,11419.51,18,2,0,0,23,14,25904.5,13,0.38,0,3,3,defective,0
CASE-5505,15039.19,8,3,1,1,24,28,28786.5,10,0.443,0,5,1,item_not_received,1
CASE-5506,19785.43,17,0,0,1,26,48,18381.75,4,0.211,0,4,2,item_not_received,1
CASE-5507,67760.73,93,0,0,1,28,28,167881.67,3,0.131,0,6,0,item_not_received,1
CASE-5508,96248.95,2,0,2,1,2,1,196280.35,0,0.041,0,6,0,defective,1
CASE-5509,93425.33,2,7,0,1,0,18,198426.19,0,1.0,0,3,3,unauthorized,0
CASE-5510,421.73,4,0,4,1,0,29,144.71,0,0.149,1,5,1,defective,1
CASE-5511,1797.85,3,0,0,0,6,20,3674.47,5,0.168,0,3,3,unauthorized,1
CASE-5512,1977.54,2,3,0,1,5,27,3791.18,4,0.353,0,5,1,defective,1
CASE-5513,1983.88,11,0,0,0,6,11,1210.11,9,0.436,6,3,3,item_not_received,0
CASE-5514,89350.75,68,0,0,1,0,2,131136.94,0,0.133,6,5,1,item_not_received,1
CASE-5515,322.8,5,3,5,0,26,21,611.28,3,0.554,2,2,4,unauthorized,0
CASE-5516,17385.19,12,7,2,1,0,27,8409.7,10,0.986,0,5,1,unauthorized,1
CASE-5517,17351.61,17,0,4,1,22,19,32922.48,0,0.227,0,6,0,unauthorized,0
CASE-5518,51606.66,1,0,0,0,27,59,94128.59,0,0.105,0,1,5,unauthorized,0
CASE-5519,1337.89,20,1,2,1,9,26,1879.36,0,0.199,0,5,1,unauthorized,0
CASE-5520,1706.26,2,2,0,1,0,28,3754.77,2,0.221,0,4,2,item_not_received,1
CASE-5521,129868.76,84,0,0,1,0,8,219071.62,2,0.211,0,4,2,unauthorized,1
CASE-5522,124106.31,13,0,0,1,0,4,165846.16,0,0.028,0,4,2,defective,1
CASE-5523,15746.83,11,3,2,1,10,12,20093.99,6,0.661,2,5,1,duplicate,0
CASE-5524,753.61,1,0,0,1,0,33,234.99,3,0.181,0,2,4,item_not_received,1
CASE-5525,81709.83,65,0,2,0,4,30,117828.86,8,0.199,0,3,3,unauthorized,0
CASE-5526,667.61,75,1,0,0,0,3,1015.07,2,0.297,0,5,1,unauthorized,1
CASE-5527,15134.9,3,0,2,1,0,12,9389.99,4,0.379,0,5,1,unauthorized,1
CASE-5528,1173.42,4,3,0,1,12,28,2824.6,12,0.351,0,6,0,unauthorized,0
CASE-5529,139966.86,2,0,1,1,0,2,106165.22,8,0.05,0,5,1,other,1
CASE-5530,33592.74,1,0,0,1,0,63,65590.72,0,0.032,0,6,0,item_not_received,1
CASE-5531,1962.71,82,1,6,1,0,15,1513.0,3,0.269,2,4,2,item_not_received,1
CASE-5532,1504.62,7,0,0,1,26,28,3170.08,7,0.187,0,3,3,defective,1
CASE-5533,6497.42,17,8,2,1,26,26,11137.53,11,0.941,0,4,2,defective,0
CASE-5534,501.9,14,0,0,1,0,2,368.23,0,0.173,0,3,3,item_not_received,1
CASE-5535,19648.51,9,0,2,1,16,29,41922.83,1,0.076,0,6,0,duplicate,1
CASE-5536,9938.66,3,0,0,0,4,21,24290.35,14,0.273,1,3,3,unauthorized,0
CASE-5537,203.7,4,8,0,1,28,14,218.06,2,0.926,5,4,2,item_not_received,1
CASE-5538,17119.32,2,0,2,1,0,24,40569.79,0,0.362,0,6,0,defective,0
CASE-5539,125551.78,10,3,0,1,0,26,246243.19,0,0.297,0,5,1,duplicate,1
CASE-5540,89628.46,50,0,0,0,3,39,41501.88,1,0.147,0,5,1,other,0
CASE-5541,974.88,65,2,1,0,21,8,2256.76,1,0.248,0,2,4,item_not_received,0
CASE-5542,74136.74,1,0,0,0,20,6,174659.38,8,0.241,0,4,2,item_not_received,0
CASE-5543,68594.65,3,4,2,1,0,3,81057.91,6,0.61,0,6,0,unauthorized,1
CASE-5544,1734.14,19,1,0,1,0,3,2607.86,4,0.33,0,6,0,other,1
CASE-5545,1628.74,1,1,2,1,0,11,1927.57,4,0.325,0,5,1,defective,0
CASE-5546,76810.78,12,0,1,1,0,1,174526.62,2,0.147,0,5,1,item_not_received,1
CASE-5547,6549.18,7,0,0,1,0,5,11648.61,1,0.147,2,5,1,item_not_received,1
CASE-5548,19230.01,15,3,0,1,22,23,18577.6,2,0.448,0,5,1,item_not_received,1
CASE-5549,34167.54,3,0,0,1,0,18,20208.45,14,0.172,2,5,1,item_not_received,1
CASE-5550,847.33,88,0,0,1,0,4,1553.95,3,0.133,1,5,1,unauthorized,1
CASE-5551,1678.35,2,6,0,0,18,14,4042.94,2,0.376,2,3,3,other,0
CASE-5552,18083.06,4,7,2,0,15,8,15607.0,10,0.708,1,3,3,other,0
CASE-5553,106018.49,9,0,0,1,0,2,258076.35,4,0.246,2,6,0,defective,1
CASE-5554,12863.83,5,0,2,1,1,22,6288.28,1,0.043,0,5,1,unauthorized,0
CASE-5555,55251.18,1,0,1,0,26,5,43533.58,3,0.188,0,3,3,defective,0
CASE-5556,709.31,57,0,4,1,0,82,1141.85,6,0.058,2,5,1,unauthorized,1
CASE-5557,7336.02,12,0,0,1,13,11,4261.45,0,0.256,0,5,1,item_not_received,1
CASE-5558,17582.39,19,4,0,0,0,28,32801.9,11,0.373,4,2,4,duplicate,0
CASE-5559,8600.21,2,0,2,0,19,6,11336.77,4,0.25,0,2,4,item_not_received,0
CASE-5560,33347.21,3,9,0,1,0,5,66445.16,0,1.0,0,4,2,item_not_received,0
CASE-5561,15733.27,6,0,1,0,14,2,15717.28,2,0.451,0,4,2,duplicate,0
CASE-5562,111861.18,10,0,0,0,11,11,138980.5,11,0.108,5,3,3,unauthorized,0
CASE-5563,3152.05,5,0,1,1,27,85,7485.26,3,0.208,1,3,3,defective,1
CASE-5564,687.41,10,6,1,1,0,20,744.31,0,0.697,0,3,3,item_not_received,1
CASE-5565,716.43,1,0,0,0,14,48,908.33,0,0.192,0,3,3,unauthorized,0
CASE-5566,273.2,9,3,0,0,18,34,232.85,0,0.32,0,3,3,unauthorized,0
CASE-5567,7799.81,17,0,2,1,0,3,6244.95,4,0.045,1,5,1,unauthorized,1
CASE-5568,3215.24,17,0,0,1,0,18,6637.01,2,0.264,1,5,1,item_not_received,1
CASE-5569,1662.61,7,8,0,1,0,16,1512.44,4,0.789,5,4,2,unauthorized,0
CASE-5570,16261.54,7,2,0,0,1,28,15144.54,3,0.278,0,4,2,item_not_received,0
CASE-5571,11357.33,47,3,0,0,10,51,7370.72,1,0.458,1,4,2,item_not_received,0
CASE-5572,4437.36,51,0,0,1,0,4,3182.56,3,0.198,0,6,0,item_not_received,1
CASE-5573,7512.49,5,1,0,1,6,26,15962.06,8,0.453,2,5,1,unauthorized,1
CASE-5574,9041.8,1,0,2,1,0,12,6517.14,1,0.223,2,3,3,item_not_received,1
CASE-5575,4871.34,2,0,5,0,7,2,4060.31,7,0.119,0,0,6,unauthorized,0
CASE-5576,1519.3,6,2,0,1,0,17,3014.32,8,0.172,0,5,1,other,1
CASE-5577,10073.7,12,0,0,1,0,54,21332.59,3,0.293,0,5,1,unauthorized,1
CASE-5578,38380.1,3,0,5,1,0,9,17665.56,4,0.091,2,4,2,defective,1
CASE-5579,18573.28,3,0,1,0,0,61,36319.43,1,0.093,0,3,3,unauthorized,0
CASE-5580,29512.54,37,0,1,1,25,7,19107.33,1,0.19,1,6,0,item_not_received,1
CASE-5581,3679.22,2,0,0,1,0,70,4039.58,1,0.328,0,6,0,duplicate,1
CASE-5582,237.59,10,0,0,1,0,3,103.63,4,0.07,0,6,0,other,1
CASE-5583,10023.9,15,9,0,0,5,78,15849.92,3,0.801,0,4,2,unauthorized,0
CASE-5584,647.7,9,3,0,1,0,6,704.77,0,0.489,0,4,2,other,1
CASE-5585,9306.07,13,8,0,1,0,1,5155.36,0,0.863,0,6,0,unauthorized,1
CASE-5586,18374.35,3,2,0,1,0,3,42763.85,9,0.359,0,6,0,duplicate,1
CASE-5587,90087.5,3,6,0,1,21,6,70097.39,3,0.628,0,5,1,item_not_received,1
CASE-5588,973.45,11,3,0,1,0,6,1950.78,11,0.573,0,4,2,item_not_received,1
CASE-5589,1092.75,52,7,0,1,0,10,803.86,4,0.934,0,4,2,unauthorized,0
CASE-5590,560.05,10,2,0,1,9,17,470.46,3,0.563,0,2,4,unauthorized,0
CASE-5591,1866.93,3,2,1,1,0,27,1579.27,0,0.374,0,4,2,other,1
CASE-5592,9271.19,68,1,0,1,3,24,18502.62,2,0.317,0,4,2,item_not_received,1
CASE-5593,13828.99,1,0,0,0,23,11,11692.11,2,0.06,0,3,3,defective,0
CASE-5594,1387.61,49,0,1,1,21,21,2797.16,8,0.146,0,4,2,defective,1
CASE-5595,1806.77,58,3,0,1,0,74,599.06,0,0.316,0,6,0,other,1
CASE-5596,1070.97,14,0,0,1,0,9,1327.21,13,0.322,0,6,0,defective,1
CASE-5597,10333.8,16,0,0,0,7,2,25708.27,4,0.107,0,3,3,defective,0
CASE-5598,576.23,13,2,0,1,0,18,1019.6,14,0.416,0,6,0,duplicate,1
CASE-5599,11282.22,63,8,0,1,0,21,19384.76,4,0.958,0,5,1,unauthorized,0
CASE-5600,1089.5,1,0,2,1,0,7,1821.15,2,0.203,2,5,1,defective,1
CASE-5601,1985.98,32,0,0,1,0,86,4539.07,2,0.141,0,5,1,unauthorized,1
CASE-5602,910.38,94,3,0,1,17,20,1763.2,6,0.552,0,4,2,unauthorized,0
CASE-5603,6913.64,8,0,0,1,22,22,13340.04,1,0.217,0,6,0,unauthorized,1
CASE-5604,1696.42,9,2,2,1,0,74,2319.94,4,0.439,0,4,2,item_not_received,1
CASE-5605,14057.18,13,3,0,1,0,22,14413.72,6,0.317,0,5,1,defective,1
CASE-5606,4828.09,81,0,1,1,0,85,6289.73,2,0.229,1,5,1,unauthorized,1
CASE-5607,5864.56,11,8,0,1,29,1,12718.13,0,1.0,0,5,1,item_not_received,1
CASE-5608,8458.14,77,3,2,1,0,12,9714.98,12,0.289,0,4,2,unauthorized,1
CASE-5609,897.03,34,1,0,1,16,23,1535.76,0,0.334,0,6,0,defective,1
CASE-5610,813.52,3,7,0,1,6,2,305.52,2,0.53,0,5,1,item_not_received,1
CASE-5611,18431.08,28,0,2,0,21,15,20863.37,11,0.119,0,3,3,unauthorized,0
CASE-5612,12648.3,13,0,0,1,14,6,21230.17,3,0.051,1,6,0,defective,1
CASE-5613,274.6,3,0,0,1,0,7,315.0,4,0.356,0,2,4,defective,1
CASE-5614,66133.97,6,2,0,1,26,2,148164.89,14,0.194,1,6,0,duplicate,1
CASE-5615,19347.33,7,0,2,1,0,60,18238.83,1,0.13,0,6,0,unauthorized,1
CASE-5616,16161.14,2,9,0,0,15,15,36234.52,1,1.0,0,3,3,defective,0
CASE-5617,474.64,19,1,0,0,3,1,759.67,2,0.125,0,2,4,item_not_received,1
CASE-5618,12207.53,82,0,0,1,13,17,11255.23,14,0.119,0,5,1,unauthorized,1
CASE-5619,19172.27,5,3,0,0,14,17,33326.99,0,0.686,0,3,3,item_not_received,0
CASE-5620,138013.46,16,0,0,0,9,81,290384.34,2,0.133,1,4,2,defective,0
CASE-5621,545.78,18,0,2,1,9,8,912.81,0,0.079,0,4,2,duplicate,1
CASE-5622,5370.81,33,0,0,0,13,19,7347.82,11,0.246,1,3,3,item_not_received,0
CASE-5623,45695.23,99,0,1,0,25,47,81040.82,0,0.126,0,3,3,unauthorized,0
CASE-5624,6494.1,70,2,0,1,0,21,14305.21,3,0.512,2,4,2,defective,1
CASE-5625,985.89,2,1,0,1,0,28,1124.79,2,0.231,0,5,1,item_not_received,1
CASE-5626,76126.95,7,0,1,1,13,22,110105.84,7,0.242,1,6,0,unauthorized,1
CASE-5627,12745.14,3,0,2,1,0,26,7025.15,3,0.145,0,5,1,unauthorized,0
CASE-5628,10188.01,19,1,0,0,7,4,4915.03,2,0.549,0,4,2,defective,0
CASE-5629,356.24,2,0,0,1,0,2,517.86,1,0.166,0,4,2,item_not_received,1
CASE-5630,1097.34,2,3,0,1,0,24,1484.74,3,0.316,0,5,1,unauthorized,1
CASE-5631,30560.88,94,0,0,0,13,59,23161.33,4,0.171,1,3,3,unauthorized,1
CASE-5632,741.72,2,0,0,0,20,12,1131.43,4,0.082,0,4,2,item_not_received,1
CASE-5633,11847.29,1,0,0,0,11,3,29287.75,2,0.018,2,4,2,other,0
CASE-5634,89283.89,2,0,0,1,0,64,45995.94,7,0.039,1,5,1,other,1
CASE-5635,1672.02,15,0,0,1,14,66,2724.34,4,0.065,1,6,0,item_not_received,1
CASE-5636,5502.05,7,0,0,1,0,11,2184.81,0,0.118,0,4,2,defective,0
CASE-5637,3926.55,4,2,0,1,0,5,4461.12,4,0.274,0,4,2,item_not_received,1
CASE-5638,484.13,77,0,0,1,0,14,1090.36,0,0.108,0,6,0,other,1
CASE-5639,13851.4,35,0,0,1,0,24,18627.68,0,0.176,0,5,1,item_not_received,1
CASE-5640,1830.9,3,4,2,1,29,26,2507.89,4,0.289,3,6,0,item_not_received,1
CASE-5641,814.93,12,2,7,0,21,61,1630.75,0,0.302,0,4,2,unauthorized,0
CASE-5642,19527.27,3,0,0,1,0,25,44255.68,0,0.257,0,2,4,duplicate,1
CASE-5643,5764.09,3,0,0,1,0,34,4354.65,0,0.121,5,3,3,defective,0
CASE-5644,133285.24,56,3,0,1,12,2,178742.14,1,0.375,0,6,0,item_not_received,1
CASE-5645,133844.16,7,0,2,0,28,2,298817.49,0,0.075,0,4,2,defective,0
CASE-5646,4026.62,1,8,4,1,6,23,4803.06,0,0.937,0,4,2,unauthorized,0
CASE-5647,73585.4,9,0,0,1,10,20,34423.94,6,0.161,1,4,2,unauthorized,1
CASE-5648,12024.05,7,0,0,1,0,3,12108.5,1,0.304,0,3,3,item_not_received,1
CASE-5649,26710.66,59,0,1,1,0,11,56519.38,0,0.194,1,4,2,item_not_received,1
CASE-5650,3776.36,17,1,0,1,0,17,3658.56,4,0.379,0,5,1,item_not_received,1
CASE-5651,939.99,79,0,1,1,0,9,2344.83,4,0.307,0,5,1,item_not_received,1
CASE-5652,10353.99,1,2,0,0,12,12,19376.11,0,0.418,0,2,4,item_not_received,0
CASE-5653,1510.64,81,2,1,1,0,28,3229.9,6,0.274,0,6,0,item_not_received,1
CASE-5654,2885.15,1,2,3,1,6,6,5202.53,11,0.369,0,3,3,item_not_received,1
CASE-5655,1057.45,9,0,0,1,0,12,1502.39,4,0.185,0,4,2,item_not_received,1
CASE-5656,1836.19,4,0,1,1,11,75,833.93,7,0.101,0,5,1,other,1
CASE-5657,11115.81,18,0,0,1,0,12,19702.61,3,0.237,2,6,0,duplicate,1
CASE-5658,49833.88,9,3,1,0,6,3,23075.07,0,0.484,0,2,4,item_not_received,0
CASE-5659,1187.22,2,0,0,0,15,89,1347.88,6,0.328,0,2,4,unauthorized,0
CASE-5660,9026.21,1,0,0,0,13,56,3449.7,1,0.161,0,5,1,defective,0
CASE-5661,5252.11,5,2,0,1,0,76,11914.83,3,0.353,0,5,1,defective,1
CASE-5662,781.93,12,0,2,0,7,27,1093.19,6,0.091,1,2,4,item_not_received,0
CASE-5663,6223.89,3,0,0,1,16,88,14223.48,0,0.24,0,5,1,item_not_received,1
CASE-5664,906.96,14,5,0,1,0,20,1935.53,10,0.875,0,6,0,item_not_received,1
CASE-5665,35406.75,9,5,0,1,16,6,71590.15,1,0.39,0,4,2,other,1
CASE-5666,550.37,68,3,0,0,23,19,1232.23,0,0.444,0,4,2,item_not_received,0
CASE-5667,16872.0,2,3,0,1,22,5,7223.67,0,0.364,0,6,0,unauthorized,1
CASE-5668,700.36,2,0,0,1,0,4,1470.99,10,0.095,2,4,2,duplicate,1
CASE-5669,1065.06,17,9,2,0,23,23,740.44,2,0.97,0,3,3,defective,0
CASE-5670,141483.41,10,8,0,1,0,61,274382.29,0,0.684,0,5,1,defective,1
CASE-5671,115168.78,15,3,0,1,0,42,261143.57,7,0.475,2,5,1,item_not_received,1
CASE-5672,1272.34,5,9,0,1,0,3,729.87,4,0.696,0,5,1,item_not_received,0
CASE-5673,3764.52,4,0,0,1,0,6,8225.34,0,0.157,0,3,3,item_not_received,1
CASE-5674,1252.35,1,9,0,0,5,14,664.57,4,1.0,0,5,1,item_not_received,0
CASE-5675,273.18,11,3,0,1,0,66,207.64,3,0.379,0,3,3,item_not_received,1
CASE-5676,1438.57,26,3,0,0,8,6,1174.37,3,0.317,0,3,3,defective,0
CASE-5677,5762.53,6,9,2,1,0,19,3107.44,0,0.835,0,6,0,unauthorized,0
CASE-5678,8819.65,84,1,0,1,16,24,7236.13,1,0.306,0,6,0,item_not_received,1
CASE-5679,7762.35,14,0,0,0,5,17,4324.8,14,0.089,0,1,5,unauthorized,0
CASE-5680,1859.07,3,0,1,1,6,42,3418.53,0,0.287,0,4,2,item_not_received,1
CASE-5681,485.35,5,0,1,0,19,5,266.7,4,0.14,2,3,3,defective,0
CASE-5682,2362.71,15,0,0,0,21,8,741.4,1,0.102,0,1,5,item_not_received,1
CASE-5683,57335.54,5,0,0,0,8,11,125912.99,0,0.226,1,2,4,item_not_received,0
CASE-5684,18370.18,13,7,1,0,25,2,13739.22,4,0.678,6,2,4,item_not_received,0
CASE-5685,716.98,2,0,0,1,0,71,750.22,1,0.192,0,4,2,item_not_received,1
CASE-5686,19573.57,1,6,0,1,0,5,22217.55,2,0.356,3,4,2,item_not_received,1
CASE-5687,506.84,16,0,2,0,13,88,980.54,1,0.234,0,4,2,unauthorized,0
CASE-5688,10633.78,17,0,6,1,14,15,21963.08,11,0.205,2,6,0,duplicate,0
CASE-5689,1593.94,18,2,2,1,12,28,2339.46,14,0.279,0,6,0,defective,1
CASE-5690,19248.04,19,0,0,0,16,64,44219.06,1,0.168,2,4,2,other,0
CASE-5691,1304.2,18,2,0,1,0,24,1325.47,2,0.478,0,3,3,unauthorized,1
CASE-5692,1734.85,91,9,0,1,18,45,3622.39,2,1.0,0,3,3,duplicate,0
CASE-5693,10663.79,6,0,0,0,27,20,22368.02,2,0.174,0,3,3,unauthorized,0
CASE-5694,925.94,76,0,0,1,0,79,1106.36,0,0.321,2,4,2,duplicate,0
CASE-5695,39999.03,3,0,0,1,14,22,73209.26,3,0.214,0,4,2,unauthorized,1
CASE-5696,205.27,13,0,0,1,19,4,248.76,2,0.198,0,3,3,item_not_received,1
CASE-5697,72423.59,19,0,0,1,10,13,36652.28,0,0.041,2,2,4,defective,0
CASE-5698,857.57,9,2,0,1,0,6,1554.93,3,0.226,0,2,4,unauthorized,1
CASE-5699,7567.55,17,0,0,0,28,70,15332.14,11,0.151,0,4,2,unauthorized,0
CASE-5700,25609.11,1,0,2,0,17,1,59052.07,4,0.089,3,0,6,unauthorized,0
CASE-5701,1834.4,45,0,2,0,23,46,2868.88,3,0.081,1,4,2,item_not_received,0
CASE-5702,780.57,12,0,0,0,24,21,1171.87,0,0.099,0,4,2,item_not_received,0
CASE-5703,263.72,12,9,0,1,23,28,393.56,4,0.72,0,2,4,defective,1
CASE-5704,887.46,17,1,1,0,20,5,1793.96,0,0.13,0,3,3,defective,0
CASE-5705,665.02,7,3,0,1,0,5,1035.03,4,0.17,0,4,2,other,1
CASE-5706,595.82,37,2,0,0,5,3,1066.59,0,0.276,0,4,2,item_not_received,0
CASE-5707,7025.24,1,0,0,1,0,58,13748.27,3,0.124,0,5,1,duplicate,1
CASE-5708,1147.2,87,0,4,1,21,2,2858.14,2,0.245,1,6,0,item_not_received,1
CASE-5709,1759.13,3,1,1,1,7,26,4363.34,0,0.248,0,6,0,item_not_received,1
CASE-5710,16428.43,69,8,0,1,0,29,12682.29,3,0.651,1,5,1,unauthorized,0
CASE-5711,92442.09,3,1,0,1,0,13,57850.34,1,0.407,0,2,4,duplicate,1
CASE-5712,16310.88,40,4,0,1,0,70,18716.46,0,0.556,2,4,2,duplicate,1
CASE-5713,86255.23,4,4,0,0,7,20,70697.59,1,0.741,2,4,2,item_not_received,0
CASE-5714,10116.87,10,0,4,1,0,17,21358.67,14,0.166,0,5,1,defective,0
CASE-5715,17411.78,1,0,0,1,7,1,24345.34,3,0.234,0,5,1,duplicate,1
CASE-5716,10912.16,27,2,0,1,0,12,6134.99,3,0.127,0,5,1,defective,1
CASE-5717,590.97,3,3,2,1,0,18,1307.41,2,0.243,0,4,2,item_not_received,1
CASE-5718,135117.88,2,0,0,1,0,21,161018.62,12,0.293,1,4,2,item_not_received,1
CASE-5719,586.29,3,0,1,1,0,14,1388.49,3,0.089,0,3,3,item_not_received,1
CASE-5720,14205.93,15,7,0,0,12,1,4712.51,3,0.6,0,2,4,duplicate,0
CASE-5721,9775.23,30,3,0,0,29,3,22069.45,11,0.551,2,4,2,defective,0
CASE-5722,363.52,18,0,0,0,16,19,522.89,0,0.261,0,3,3,defective,0
CASE-5723,822.64,1,0,0,0,15,11,761.43,5,0.044,1,5,1,defective,0
CASE-5724,522.43,2,6,2,1,0,11,1182.89,9,0.88,0,6,0,item_not_received,1
CASE-5725,108402.57,3,0,0,1,0,11,51233.58,1,0.221,0,6,0,defective,1
CASE-5726,12752.44,17,6,3,1,20,20,9210.68,0,0.86,2,3,3,duplicate,1
CASE-5727,33925.0,1,9,0,1,18,23,36700.4,2,0.806,0,4,2,item_not_received,0
CASE-5728,7875.74,20,0,0,1,2,21,6300.35,1,0.137,0,5,1,defective,1
CASE-5729,17623.18,13,0,0,1,25,2,16015.99,3,0.148,2,6,0,defective,1
CASE-5730,5920.66,8,8,5,1,0,26,9366.31,5,1.0,2,4,2,unauthorized,0
CASE-5731,287.28,11,0,0,1,0,13,224.25,0,0.036,0,3,3,item_not_received,1
CASE-5732,12137.97,4,0,4,0,25,4,5297.04,2,0.125,0,4,2,duplicate,0
CASE-5733,278.17,50,4,0,0,7,5,314.25,13,0.858,0,3,3,defective,0
CASE-5734,5377.19,40,3,6,1,0,5,3816.57,2,0.569,0,4,2,defective,0
CASE-5735,82704.16,8,2,2,1,29,72,157498.5,3,0.481,0,4,2,defective,1
CASE-5736,504.94,16,4,0,0,0,2,422.18,0,0.197,0,3,3,item_not_received,0
CASE-5737,15358.13,18,0,0,1,0,28,5999.42,0,0.109,1,2,4,item_not_received,1
CASE-5738,399.93,8,0,1,1,0,7,258.37,3,0.051,0,4,2,unauthorized,0
CASE-5739,18206.38,52,0,0,1,0,5,14881.07,1,0.113,1,4,2,defective,1
CASE-5740,702.13,2,3,1,0,22,5,583.66,0,0.748,3,0,6,unauthorized,0
CASE-5741,106006.11,6,2,1,1,16,5,239185.26,5,0.452,1,5,1,defective,1
CASE-5742,1867.03,5,9,3,1,14,1,1977.71,1,1.0,0,4,2,defective,0
CASE-5743,63032.17,5,8,2,0,21,88,66592.28,3,1.0,0,3,3,duplicate,0
CASE-5744,3826.01,5,0,0,1,0,22,2759.4,4,0.27,0,4,2,item_not_received,1
CASE-5745,742.02,1,0,7,1,0,25,519.7,1,0.455,1,3,3,unauthorized,0
CASE-5746,215.46,1,3,0,0,6,2,139.77,4,0.499,0,4,2,defective,0
CASE-5747,2413.26,8,0,0,0,14,24,5029.99,3,0.206,0,2,4,unauthorized,0
CASE-5748,1783.62,3,0,7,1,0,6,4448.43,3,0.138,0,5,1,item_not_received,1
CASE-5749,145000.01,11,0,4,1,26,5,61804.61,0,0.192,0,3,3,unauthorized,0
CASE-5750,17815.95,17,0,0,0,21,74,44442.96,3,0.107,0,3,3,unauthorized,0
CASE-5751,8727.07,85,4,0,0,7,9,18920.38,2,0.603,0,4,2,unauthorized,0
CASE-5752,784.54,14,0,6,1,0,6,779.14,2,0.149,0,5,1,defective,1
CASE-5753,18404.85,16,0,2,0,26,5,32832.52,0,0.081,4,1,5,item_not_received,0
CASE-5754,1472.28,9,2,0,1,0,28,2527.12,4,0.245,0,6,0,unauthorized,1
CASE-5755,147994.37,7,3,0,1,0,20,62154.24,0,0.546,0,6,0,other,1
CASE-5756,954.77,2,0,0,0,21,20,427.58,2,0.012,0,3,3,unauthorized,0
CASE-5757,821.39,10,0,0,0,20,62,1480.32,1,0.088,0,5,1,duplicate,1
CASE-5758,1578.33,14,8,0,1,0,5,2916.72,4,0.736,2,6,0,defective,1
CASE-5759,4762.39,3,6,1,1,16,28,10202.52,12,1.0,2,4,2,duplicate,0
CASE-5760,38381.74,3,0,3,1,0,26,95737.54,3,0.01,2,3,3,other,0
CASE-5761,1048.78,1,9,7,1,0,1,865.07,0,1.0,0,4,2,defective,0
CASE-5762,3666.04,49,0,2,1,0,6,8900.69,4,0.106,0,4,2,duplicate,1
CASE-5763,1340.1,9,2,0,1,0,4,979.5,0,0.335,0,4,2,item_not_received,1
CASE-5764,125247.74,9,4,0,1,0,83,68091.99,10,0.533,1,6,0,item_not_received,1
CASE-5765,1894.38,4,0,0,1,0,6,3740.5,1,0.062,0,5,1,duplicate,1
CASE-5766,1561.37,11,1,0,0,1,6,863.86,0,0.158,0,3,3,other,0
CASE-5767,113643.74,17,1,0,1,0,13,91006.42,8,0.29,1,6,0,item_not_received,1
CASE-5768,10721.53,40,0,0,1,0,4,8586.77,3,0.254,6,3,3,unauthorized,0
CASE-5769,474.55,10,9,1,1,0,19,278.44,4,1.0,0,5,1,unauthorized,0
CASE-5770,147218.42,4,8,1,0,17,7,304125.62,6,0.868,0,3,3,other,0
CASE-5771,109999.4,2,4,0,1,0,19,234016.54,2,0.681,0,5,1,item_not_received,1
CASE-5772,25333.63,16,0,0,0,29,1,51699.29,0,0.061,0,2,4,other,0
CASE-5773,12178.62,17,1,0,1,21,70,25858.91,11,0.298,6,3,3,unauthorized,1
CASE-5774,14413.27,17,0,0,1,1,5,34826.35,1,0.269,0,2,4,unauthorized,0
CASE-5775,13443.61,18,7,0,1,0,2,7050.09,3,0.719,0,4,2,item_not_received,1
CASE-5776,143495.57,4,0,0,1,0,1,258752.45,2,0.307,0,6,0,defective,1
CASE-5777,25403.74,13,7,1,1,0,59,38626.09,10,0.829,0,5,1,defective,0
CASE-5778,2772.1,9,0,2,1,25,19,2873.28,6,0.218,0,5,1,unauthorized,1
CASE-5779,495.77,50,0,0,0,1,47,721.87,0,0.237,0,4,2,duplicate,0
CASE-5780,1674.34,3,9,5,0,22,25,1415.14,13,0.864,0,2,4,item_not_received,0
CASE-5781,5637.1,12,0,0,1,0,1,9618.38,3,0.346,2,4,2,item_not_received,1
CASE-5782,1737.8,17,0,0,1,0,22,3551.89,3,0.087,1,5,1,unauthorized,1
CASE-5783,10066.15,18,1,2,0,12,1,19282.54,2,0.192,1,2,4,item_not_received,0
CASE-5784,3561.22,5,0,0,0,29,5,6289.46,10,0.031,0,4,2,unauthorized,1
CASE-5785,1991.01,14,7,2,1,29,16,4054.68,4,0.943,0,6,0,other,1
CASE-5786,15279.66,15,1,0,1,13,52,15043.16,4,0.156,0,6,0,item_not_received,1
CASE-5787,752.24,1,3,0,1,6,15,902.18,0,0.475,1,2,4,defective,0
CASE-5788,1243.16,2,3,7,1,25,27,1370.78,0,0.378,0,3,3,defective,0
CASE-5789,18562.78,14,1,2,1,19,13,18517.48,6,0.407,3,6,0,item_not_received,1
CASE-5790,1252.82,12,0,2,1,19,14,1972.71,2,0.182,0,5,1,unauthorized,1
CASE-5791,13086.77,4,0,0,0,4,20,31606.72,0,0.184,2,2,4,unauthorized,0
CASE-5792,1571.0,9,0,4,1,0,78,3711.62,2,0.159,0,2,4,item_not_received,1
CASE-5793,19955.29,2,0,0,1,0,35,15168.88,0,0.226,1,6,0,item_not_received,1
CASE-5794,34889.03,19,1,0,1,0,1,13950.67,9,0.18,0,5,1,item_not_received,1
CASE-5795,9516.72,78,0,2,1,0,17,4316.75,1,0.159,0,5,1,item_not_received,1
CASE-5796,4508.18,40,1,0,1,0,25,2606.9,0,0.369,0,4,2,unauthorized,1
CASE-5797,3194.01,11,0,2,0,9,22,3834.89,2,0.113,1,3,3,duplicate,0
CASE-5798,4678.77,8,0,2,0,26,12,11425.76,12,0.253,4,4,2,unauthorized,0
CASE-5799,15392.27,7,3,0,1,0,1,9898.8,4,0.494,0,6,0,defective,1
CASE-5800,15413.89,2,3,1,0,6,23,9518.23,2,0.43,0,1,5,unauthorized,0
CASE-5801,1672.23,14,1,0,0,19,4,2544.32,0,0.202,0,3,3,item_not_received,1
CASE-5802,65204.41,14,0,0,1,0,3,128887.3,0,0.142,1,4,2,item_not_received,1
CASE-5803,5599.17,2,1,0,0,8,87,8053.84,9,0.232,0,4,2,defective,0
CASE-5804,32469.47,4,0,0,0,12,11,73031.39,3,0.11,0,3,3,unauthorized,0
CASE-5805,550.53,12,0,0,1,0,8,1091.87,2,0.025,0,2,4,duplicate,1
CASE-5806,804.37,17,0,0,1,21,10,1562.85,0,0.246,1,4,2,item_not_received,1
CASE-5807,5371.86,2,0,3,1,0,26,8243.49,2,0.266,0,5,1,defective,1
CASE-5808,1472.77,38,0,0,0,8,2,3027.19,1,0.219,6,2,4,defective,0
CASE-5809,102499.23,72,1,0,0,7,37,38809.6,0,0.04,0,3,3,unauthorized,0
CASE-5810,1196.36,3,7,0,0,5,3,2639.63,0,1.0,0,2,4,other,0
CASE-5811,13377.25,9,0,0,1,0,5,8478.91,2,0.157,2,5,1,unauthorized,0
CASE-5812,91973.88,4,0,0,1,0,18,182368.81,13,0.124,0,5,1,unauthorized,1
CASE-5813,9007.83,2,0,0,1,4,17,4449.66,4,0.234,0,6,0,other,0
CASE-5814,6448.13,16,0,6,1,0,65,11536.45,3,0.266,5,5,1,duplicate,1
CASE-5815,4506.92,36,0,0,1,0,20,8737.61,13,0.164,1,5,1,unauthorized,1
CASE-5816,108859.56,4,0,0,0,23,5,88190.09,0,0.159,5,3,3,item_not_received,0
CASE-5817,5629.67,8,1,0,1,8,17,5604.67,0,0.166,0,4,2,unauthorized,1
CASE-5818,12081.45,8,3,1,1,13,16,4272.14,10,0.632,6,6,0,item_not_received,0
CASE-5819,16326.89,14,0,4,0,6,3,21968.44,0,0.077,0,2,4,item_not_received,0
CASE-5820,126679.46,9,3,0,1,0,4,277778.23,3,0.23,0,4,2,item_not_received,1
CASE-5821,105445.54,5,2,2,1,14,4,50321.07,3,0.44,0,5,1,item_not_received,1
CASE-5822,13638.83,2,8,6,0,28,29,22222.48,0,1.0,0,4,2,other,0
CASE-5823,1773.94,1,0,0,1,9,32,4205.2,8,0.235,0,6,0,item_not_received,1
CASE-5824,711.64,42,1,0,1,0,1,1529.48,0,0.078,0,3,3,duplicate,1
CASE-5825,4745.62,2,1,2,1,0,17,8614.96,7,0.236,1,6,0,unauthorized,1
CASE-5826,55486.65,16,0,4,1,0,24,21304.4,8,0.127,2,5,1,defective,1
CASE-5827,682.84,1,2,0,0,29,14,1499.7,8,0.23,0,4,2,item_not_received,0
CASE-5828,12590.91,19,0,3,1,0,1,16804.43,1,0.259,0,4,2,other,1
CASE-5829,741.63,20,1,1,1,15,79,707.73,10,0.206,0,5,1,other,1
CASE-5830,12044.26,2,0,2,1,12,7,13280.08,14,0.152,0,6,0,duplicate,1
CASE-5831,567.23,15,0,2,0,28,8,338.58,0,0.079,0,1,5,unauthorized,0
CASE-5832,5357.95,81,1,0,0,26,5,1704.6,0,0.118,0,4,2,defective,0
CASE-5833,68252.56,69,0,0,0,0,5,120203.53,4,0.206,0,3,3,defective,0
CASE-5834,1322.79,3,0,0,1,0,71,2523.47,1,0.109,0,6,0,duplicate,1
CASE-5835,5719.88,1,0,7,0,0,12,5171.18,0,0.217,0,2,4,item_not_received,0
CASE-5836,1352.7,8,1,4,1,0,1,2681.88,1,0.213,0,6,0,defective,0
CASE-5837,1634.98,8,4,0,1,0,1,3921.43,10,0.177,0,5,1,defective,1
CASE-5838,137888.17,1,1,2,1,23,47,143471.14,3,0.271,1,4,2,item_not_received,0
CASE-5839,1324.59,1,0,4,0,14,15,1832.36,0,0.07,0,2,4,defective,0
CASE-5840,4645.69,14,2,2,1,0,17,8371.42,2,0.216,0,3,3,item_not_received,1
CASE-5841,16209.21,11,4,1,1,0,9,22449.63,13,0.444,1,5,1,other,1
CASE-5842,14439.17,3,0,1,1,4,26,8951.83,4,0.174,0,5,1,defective,1
CASE-5843,1426.59,3,1,0,0,15,9,3483.47,3,0.225,0,3,3,other,1
CASE-5844,118975.88,6,4,2,1,0,17,167706.06,0,0.781,0,5,1,defective,0
CASE-5845,78238.34,54,0,0,1,0,7,129471.33,1,0.068,0,3,3,item_not_received,1
CASE-5846,1942.63,12,9,0,1,0,24,3494.76,0,1.0,0,4,2,unauthorized,0
CASE-5847,66304.27,65,0,1,1,26,16,115488.5,1,0.12,0,5,1,other,1
CASE-5848,17821.7,50,5,1,1,0,4,18126.59,2,0.685,0,2,4,other,0
CASE-5849,39040.28,9,0,1,0,14,22,86205.65,1,0.06,2,4,2,other,0
CASE-5850,13041.19,16,2,0,1,0,7,31102.35,6,0.434,2,5,1,item_not_received,1
CASE-5851,630.09,6,3,0,1,0,20,809.12,14,0.589,0,6,0,other,1
CASE-5852,5704.18,15,4,1,1,13,11,11375.79,4,0.396,0,4,2,item_not_received,1
CASE-5853,9992.81,1,2,0,1,0,13,5560.51,0,0.26,0,5,1,item_not_received,1
CASE-5854,5343.61,6,7,0,1,0,12,9209.6,8,0.679,0,6,0,unauthorized,0
CASE-5855,1833.75,1,1,1,1,0,5,3588.11,0,0.272,0,3,3,item_not_received,1
CASE-5856,17969.87,8,0,0,1,8,32,31002.92,0,0.204,2,4,2,item_not_received,1
CASE-5857,6281.44,1,0,0,0,28,5,8079.95,3,0.292,0,4,2,item_not_received,0
CASE-5858,15886.6,51,2,1,0,3,71,32875.01,7,0.41,2,4,2,duplicate,0
CASE-5859,1777.93,20,0,0,1,6,23,890.14,0,0.248,0,5,1,unauthorized,1
CASE-5860,10890.1,13,0,2,1,0,1,6344.06,0,0.374,0,6,0,defective,0
CASE-5861,130776.97,59,3,0,0,4,18,94440.08,5,0.614,0,4,2,defective,1
CASE-5862,14519.07,53,0,1,1,0,2,13987.31,0,0.343,3,5,1,defective,1
CASE-5863,595.57,18,1,0,0,29,12,294.02,2,0.517,2,5,1,item_not_received,0
CASE-5864,1629.47,8,2,0,1,3,24,3376.41,0,0.182,2,5,1,item_not_received,1
CASE-5865,13161.01,16,1,0,0,21,20,29873.17,3,0.554,2,1,5,unauthorized,0
CASE-5866,87444.23,4,0,2,1,21,11,212651.32,6,0.284,6,6,0,defective,1
CASE-5867,86519.75,7,2,0,0,13,84,97535.13,0,0.391,0,5,1,unauthorized,0
CASE-5868,17522.81,15,1,0,1,0,53,27524.01,4,0.198,0,5,1,unauthorized,1
CASE-5869,916.04,77,0,0,0,12,1,1704.12,3,0.105,0,4,2,item_not_received,0
CASE-5870,385.92,4,0,0,0,14,5,470.3,4,0.189,0,4,2,item_not_received,0
CASE-5871,1936.1,9,0,0,1,0,12,1843.48,10,0.094,2,3,3,item_not_received,1
CASE-5872,15129.54,8,2,0,1,1,29,16406.97,14,0.331,2,5,1,defective,1
CASE-5873,18568.38,12,0,2,1,0,13,37284.06,0,0.333,0,4,2,unauthorized,0
CASE-5874,1842.89,4,0,0,0,13,18,2231.03,1,0.048,0,4,2,item_not_received,0
CASE-5875,1721.66,17,0,3,1,23,83,1750.05,4,0.234,0,5,1,item_not_received,1
CASE-5876,1559.46,38,8,3,1,0,6,623.23,0,1.0,0,6,0,unauthorized,0
CASE-5877,6533.24,3,2,2,1,0,4,10597.99,8,0.342,2,5,1,defective,1
CASE-5878,14846.65,3,3,0,1,0,8,24128.31,0,0.384,0,6,0,defective,1
CASE-5879,14087.21,19,0,2,0,3,1,6974.36,1,0.063,2,3,3,unauthorized,0
CASE-5880,5151.54,10,3,0,1,0,17,1795.86,0,0.461,0,4,2,item_not_received,1
CASE-5881,68803.67,14,3,0,0,2,16,94151.26,10,0.643,0,0,6,unauthorized,0
CASE-5882,2214.2,10,0,2,1,0,1,4792.95,7,0.232,0,5,1,unauthorized,1
CASE-5883,79054.12,7,3,1,0,1,25,138817.21,4,0.473,4,3,3,duplicate,0
CASE-5884,64603.08,10,0,0,1,0,3,110394.91,8,0.235,1,5,1,unauthorized,1
CASE-5885,18388.17,3,3,0,1,0,27,13357.06,6,0.438,0,4,2,item_not_received,1
CASE-5886,119683.71,4,0,2,1,0,2,201738.18,0,0.064,0,1,5,unauthorized,1
CASE-5887,5276.13,55,0,0,1,0,70,6048.37,3,0.049,0,2,4,item_not_received,1
CASE-5888,71776.67,74,0,1,1,23,2,67851.2,0,0.091,1,4,2,other,1
CASE-5889,1547.54,11,0,0,0,15,5,2193.66,4,0.258,0,3,3,other,0
CASE-5890,1711.42,54,0,0,1,17,3,3223.02,0,0.133,0,5,1,defective,1
CASE-5891,1426.93,17,2,0,1,0,42,3243.79,2,0.177,0,3,3,duplicate,1
CASE-5892,12798.27,19,0,6,1,13,73,23249.68,0,0.018,0,4,2,item_not_received,1
CASE-5893,472.84,5,2,2,1,0,2,162.64,0,0.346,0,5,1,other,1
CASE-5894,25407.5,3,6,2,1,17,21,40179.64,10,0.756,0,4,2,other,0
CASE-5895,95806.27,10,1,0,1,0,25,62353.27,0,0.185,0,5,1,unauthorized,1
CASE-5896,299.92,2,3,0,0,15,6,721.53,3,0.406,0,3,3,other,0
CASE-5897,11253.88,18,6,5,1,0,12,7430.83,6,0.982,0,4,2,item_not_received,0
CASE-5898,16651.36,4,5,0,1,1,27,30308.97,3,0.511,2,3,3,unauthorized,1
CASE-5899,1139.28,7,0,1,1,0,73,1495.59,9,0.078,0,5,1,unauthorized,1
CASE-5900,15998.62,4,0,0,1,6,17,6980.47,0,0.254,2,4,2,unauthorized,1
CASE-5901,9815.96,9,3,1,1,14,56,10614.59,0,0.51,1,3,3,unauthorized,0
CASE-5902,1380.17,4,0,0,1,0,25,521.53,13,0.061,0,6,0,duplicate,1
CASE-5903,6709.82,15,2,0,1,0,12,10362.92,7,0.447,1,6,0,defective,0
CASE-5904,2448.1,1,0,1,1,28,25,2170.23,6,0.075,0,6,0,duplicate,1
CASE-5905,5985.75,4,0,2,0,6,23,2900.54,1,0.193,0,2,4,defective,0
CASE-5906,863.01,8,0,0,1,22,21,2054.0,1,0.107,0,6,0,defective,1
CASE-5907,1860.39,1,0,0,0,17,6,1577.78,13,0.077,0,3,3,defective,0
CASE-5908,74845.45,15,2,0,1,0,62,167251.59,2,0.367,2,5,1,defective,1
CASE-5909,500.98,14,0,5,1,0,3,521.38,2,0.079,2,4,2,other,1
CASE-5910,93684.81,3,3,0,0,27,5,125077.93,4,0.543,0,4,2,item_not_received,0
CASE-5911,8998.07,3,9,0,1,0,5,8318.32,11,1.0,0,5,1,item_not_received,1
CASE-5912,672.88,12,2,0,1,0,16,1288.5,3,0.726,0,4,2,unauthorized,1
CASE-5913,5764.68,4,0,0,1,0,24,3097.87,1,0.118,1,2,4,defective,1
CASE-5914,37213.86,2,2,0,1,20,25,49190.2,4,0.131,3,5,1,unauthorized,0
CASE-5915,3587.37,12,0,2,0,21,15,6509.21,3,0.362,6,1,5,item_not_received,0
CASE-5916,1924.7,4,0,2,1,2,11,4811.64,0,0.07,0,3,3,duplicate,0
CASE-5917,1091.91,4,3,2,0,23,27,2451.44,4,0.315,2,2,4,other,0
CASE-5918,41698.47,86,3,1,0,6,19,27288.91,7,0.576,0,4,2,item_not_received,0
CASE-5919,1019.69,18,0,0,0,5,17,1818.53,8,0.087,0,3,3,item_not_received,0
CASE-5920,821.74,60,0,2,1,0,1,1966.95,10,0.307,2,6,0,other,1
CASE-5921,7895.63,3,0,1,1,0,6,8041.39,13,0.18,5,4,2,item_not_received,1
CASE-5922,553.06,9,0,0,1,0,28,737.39,6,0.165,0,6,0,defective,1
CASE-5923,1645.75,4,0,0,1,6,25,2375.08,1,0.067,0,3,3,duplicate,1
CASE-5924,12084.47,1,0,0,1,0,4,15754.96,0,0.139,0,4,2,item_not_received,1
CASE-5925,99278.28,50,0,1,1,13,10,202670.5,1,0.14,0,6,0,defective,1
CASE-5926,1552.51,2,1,0,1,0,8,2497.84,11,0.363,0,5,1,defective,1
CASE-5927,3376.04,2,0,0,1,0,19,6377.81,2,0.215,0,6,0,other,1
CASE-5928,137818.04,3,0,0,1,0,2,90336.45,4,0.2,0,5,1,item_not_received,1
CASE-5929,15497.08,13,9,0,1,0,4,38321.81,4,0.934,0,6,0,unauthorized,0
CASE-5930,87504.93,13,8,0,0,11,1,210973.82,4,0.582,0,2,4,item_not_received,0
CASE-5931,1135.35,4,3,0,1,27,1,384.42,5,0.389,0,5,1,item_not_received,1
CASE-5932,1071.68,50,1,0,1,0,15,408.18,3,0.489,0,2,4,other,1
CASE-5933,1156.63,97,5,3,1,0,7,2554.07,2,0.66,0,4,2,item_not_received,1
CASE-5934,951.75,3,0,0,1,0,2,1416.13,2,0.189,1,4,2,duplicate,1
CASE-5935,18441.83,86,0,0,0,11,36,22268.25,2,0.207,0,2,4,other,1
CASE-5936,3075.28,6,7,3,1,0,2,2855.58,5,0.774,0,4,2,other,0
CASE-5937,1861.87,2,3,0,1,22,18,725.6,2,0.462,1,4,2,item_not_received,1
CASE-5938,228.38,16,0,3,0,27,13,205.18,0,0.097,2,2,4,other,1
CASE-5939,1362.68,87,7,0,0,25,1,2783.44,4,0.886,0,3,3,unauthorized,0
CASE-5940,360.26,1,0,0,1,5,13,584.28,3,0.09,0,4,2,defective,1
CASE-5941,131133.57,15,6,0,0,9,62,268992.7,12,0.674,0,2,4,unauthorized,0
CASE-5942,1853.84,45,0,0,0,24,8,1444.15,1,0.282,2,2,4,other,0
CASE-5943,11991.34,4,2,4,1,0,5,27346.48,1,0.343,0,5,1,item_not_received,0
CASE-5944,16144.58,83,0,1,0,5,1,32154.26,2,0.057,0,5,1,unauthorized,0
CASE-5945,68272.6,17,1,0,1,0,4,52353.65,0,0.165,1,5,1,duplicate,1
CASE-5946,73525.58,6,7,2,0,13,27,28907.04,12,0.99,0,1,5,item_not_received,0
CASE-5947,7533.32,76,0,0,1,0,6,4990.82,7,0.036,1,3,3,defective,1
CASE-5948,140371.78,2,0,0,1,21,40,229466.83,12,0.231,0,2,4,item_not_received,1
CASE-5949,1020.44,19,0,1,1,15,14,1059.0,4,0.105,2,6,0,item_not_received,1
CASE-5950,848.63,22,0,1,1,0,15,1111.18,6,0.294,0,6,0,item_not_received,1
CASE-5951,137789.91,95,9,0,1,0,4,223758.25,0,0.694,2,4,2,item_not_received,1
CASE-5952,4268.9,10,6,0,1,0,55,8917.81,0,0.878,0,6,0,defective,1
CASE-5953,1844.69,77,3,3,1,0,51,748.0,2,0.409,4,5,1,defective,1
CASE-5954,545.93,6,0,0,0,22,8,1064.02,2,0.122,1,0,6,unauthorized,0
CASE-5955,14378.12,9,3,0,0,22,25,24859.57,0,0.164,0,1,5,unauthorized,0
CASE-5956,1726.22,17,0,0,1,0,24,3502.41,0,0.069,1,3,3,item_not_received,1
CASE-5957,9273.34,77,0,2,1,0,26,21384.49,2,0.061,0,4,2,unauthorized,1
CASE-5958,8209.93,15,0,0,1,0,12,3377.4,4,0.109,0,6,0,item_not_received,1
CASE-5959,15351.94,16,0,0,0,4,26,15451.94,4,0.212,0,2,4,item_not_received,0
CASE-5960,920.91,4,1,2,1,0,26,1532.51,6,0.376,2,5,1,unauthorized,1
CASE-5961,4278.14,12,1,2,1,0,63,1741.57,3,0.104,1,3,3,duplicate,1
CASE-5962,281.21,31,1,0,1,15,18,380.72,8,0.291,0,5,1,other,0
CASE-5963,1299.16,18,1,6,1,0,4,1043.35,2,0.274,0,4,2,item_not_received,1
CASE-5964,1168.3,63,2,0,1,16,11,1371.54,3,0.335,1,5,1,defective,1
CASE-5965,983.62,11,8,0,1,0,84,1588.0,12,0.802,0,5,1,item_not_received,1
CASE-5966,1048.85,2,3,0,1,0,3,1942.27,4,0.47,1,6,0,item_not_received,1
CASE-5967,1061.82,11,0,1,1,0,1,1531.48,0,0.182,0,4,2,unauthorized,1
CASE-5968,13573.9,67,3,0,1,0,16,30559.22,3,0.232,0,5,1,duplicate,0
CASE-5969,641.96,82,0,2,0,11,51,797.98,3,0.15,0,1,5,item_not_received,0
CASE-5970,580.46,83,0,0,1,13,77,1316.73,1,0.014,0,5,1,unauthorized,1
CASE-5971,849.51,4,0,3,1,0,6,1762.31,8,0.162,0,4,2,unauthorized,0
CASE-5972,18245.69,3,1,0,0,16,82,21011.05,2,0.286,0,3,3,other,0
CASE-5973,47194.63,1,7,1,1,0,28,75937.72,11,0.545,0,6,0,item_not_received,1
CASE-5974,11928.04,44,0,0,0,24,8,28667.99,10,0.199,0,2,4,item_not_received,0
CASE-5975,377.26,4,1,2,0,19,5,223.64,12,0.154,2,2,4,item_not_received,0
CASE-5976,45914.63,5,0,0,1,0,80,99435.57,0,0.286,0,4,2,item_not_received,1
CASE-5977,5326.81,27,2,5,1,0,17,10778.38,8,0.482,1,5,1,other,1
CASE-5978,949.82,2,4,0,0,29,27,1371.77,2,0.779,0,2,4,item_not_received,0
CASE-5979,5948.55,4,0,0,0,6,74,13438.45,14,0.246,1,2,4,item_not_received,0
CASE-5980,99139.19,19,4,1,1,0,11,231184.76,4,0.3,5,6,0,defective,0
CASE-5981,109088.31,6,0,0,0,5,22,202752.85,2,0.133,5,1,5,duplicate,0
CASE-5982,1624.9,8,5,0,1,0,20,3839.45,13,0.395,0,5,1,defective,1
CASE-5983,991.6,1,2,0,0,28,6,735.92,12,0.268,1,1,5,unauthorized,1
CASE-5984,1334.52,4,1,0,0,3,1,779.53,0,0.553,2,4,2,item_not_received,0
CASE-5985,16494.04,12,2,0,1,0,29,16668.63,11,0.325,0,5,1,defective,1
CASE-5986,121747.23,19,0,0,1,12,8,278174.28,4,0.159,0,6,0,item_not_received,0
CASE-5987,17890.19,8,0,3,0,24,10,28431.17,9,0.14,0,5,1,item_not_received,0
CASE-5988,81574.86,12,2,0,0,24,21,166799.69,6,0.326,1,5,1,unauthorized,0
CASE-5989,117532.75,1,0,0,1,20,2,52393.6,9,0.126,2,5,1,defective,1
CASE-5990,16389.3,16,0,0,1,0,11,24248.69,1,0.317,4,3,3,unauthorized,1
CASE-5991,16601.75,3,7,0,1,17,1,25656.19,2,1.0,1,4,2,defective,0
CASE-5992,85722.87,4,0,2,0,18,7,70595.17,0,0.334,2,1,5,defective,0
CASE-5993,8187.79,4,0,0,1,1,40,4952.58,0,0.133,0,4,2,duplicate,1
CASE-5994,6343.11,17,3,0,1,29,23,3870.53,0,0.654,2,3,3,item_not_received,1
CASE-5995,12701.33,7,0,0,0,18,24,25821.18,4,0.342,1,2,4,unauthorized,0
CASE-5996,28585.43,2,0,0,1,0,3,13288.78,6,0.031,0,6,0,defective,1
CASE-5997,17798.44,3,3,0,0,8,69,8800.18,3,0.754,1,2,4,defective,0
CASE-5998,4168.12,8,1,0,1,0,3,6146.49,6,0.217,2,5,1,item_not_received,1
CASE-5999,8690.35,18,0,0,1,0,26,19947.43,3,0.11,2,4,2,item_not_received,1
CASE-6000,77120.35,16,0,0,1,19,12,82952.35,0,0.058,4,5,1,duplicate,1
CASE-6001,1985.52,15,0,0,0,10,6,2201.84,0,0.068,0,4,2,defective,0
CASE-6002,674.57,4,1,0,1,0,83,1603.65,2,0.276,2,2,4,defective,0
CASE-6003,252.56,4,3,0,1,0,3,247.17,6,0.266,0,5,1,item_not_received,1
CASE-6004,2918.39,6,3,0,1,25,7,2140.08,9,0.548,1,6,0,defective,1
CASE-6005,1718.34,49,0,1,1,23,37,1146.36,2,0.078,0,3,3,defective,1
CASE-6006,615.16,16,2,7,0,5,67,1175.56,3,0.32,1,1,5,item_not_received,0
CASE-6007,64989.41,16,5,1,1,17,22,131505.2,13,0.466,0,5,1,duplicate,1
CASE-6008,75975.86,1,0,0,1,0,52,91504.38,0,0.187,0,5,1,item_not_received,1
CASE-6009,2092.37,15,0,0,1,20,1,1726.94,0,0.045,0,5,1,unauthorized,1
CASE-6010,9218.25,14,0,0,1,22,7,15633.51,0,0.11,0,4,2,item_not_received,1
CASE-6011,81442.08,26,1,0,0,19,20,40389.15,10,0.178,0,5,1,duplicate,1
CASE-6012,19382.65,14,0,0,0,24,20,47926.57,1,0.315,0,2,4,defective,0
CASE-6013,69024.83,2,0,0,1,5,5,69380.9,4,0.133,0,5,1,unauthorized,0
CASE-6014,1525.44,13,0,0,1,0,4,3246.61,0,0.1,2,4,2,duplicate,1
CASE-6015,1953.01,3,9,2,1,22,1,3990.19,3,1.0,0,5,1,unauthorized,0
CASE-6016,105648.7,17,0,1,0,10,21,57529.1,14,0.192,0,3,3,unauthorized,1
CASE-6017,3496.76,3,2,0,1,0,23,5601.77,3,0.169,1,3,3,other,0
CASE-6018,11911.04,14,0,1,1,0,18,22421.85,3,0.121,2,2,4,other,1
CASE-6019,17020.72,8,0,0,0,3,14,13771.13,1,0.147,5,4,2,item_not_received,1
CASE-6020,1162.42,28,4,0,1,0,51,2189.58,0,0.3,1,3,3,defective,1
CASE-6021,3251.61,14,0,0,1,0,41,5734.83,1,0.115,2,5,1,unauthorized,1
CASE-6022,34704.95,7,0,2,1,6,24,14159.13,0,0.205,1,5,1,item_not_received,1
CASE-6023,746.71,5,3,0,0,0,4,1304.49,4,0.233,2,2,4,unauthorized,0
CASE-6024,3511.38,12,8,0,1,0,3,7443.79,2,0.992,2,5,1,defective,1
CASE-6025,16902.78,3,3,0,1,1,3,25021.74,9,0.369,0,6,0,defective,1
CASE-6026,13608.4,16,0,5,1,13,9,21223.25,9,0.083,0,5,1,unauthorized,1
CASE-6027,8469.92,11,3,0,1,0,41,4811.46,8,0.632,0,4,2,item_not_received,0
CASE-6028,4137.58,1,0,1,1,6,5,3660.57,7,0.165,0,5,1,unauthorized,1
CASE-6029,1942.78,18,0,0,1,0,15,2678.31,8,0.337,0,6,0,duplicate,1
CASE-6030,790.64,16,3,0,1,9,89,905.86,2,0.42,5,5,1,other,1
CASE-6031,7240.25,19,0,0,0,25,27,5823.57,10,0.177,0,3,3,item_not_received,0
CASE-6032,11156.66,18,0,0,0,28,7,14264.49,3,0.331,0,2,4,item_not_received,1
CASE-6033,15024.63,15,5,1,0,8,2,26112.07,9,0.536,0,2,4,defective,0
CASE-6034,617.2,2,0,1,1,0,3,295.78,0,0.085,0,6,0,unauthorized,1
CASE-6035,6501.9,7,0,1,1,0,1,2003.83,0,0.099,0,3,3,defective,0
CASE-6036,96221.19,1,3,0,1,0,28,65159.43,1,0.489,0,5,1,defective,1
CASE-6037,5291.26,58,0,4,1,0,42,3308.51,0,0.192,2,4,2,other,0
CASE-6038,102300.6,19,5,0,0,3,6,59040.18,0,0.784,2,4,2,item_not_received,0
CASE-6039,696.9,86,0,0,1,0,23,1559.38,0,0.258,0,2,4,item_not_received,1
CASE-6040,16443.41,1,4,0,1,0,9,39674.82,0,0.454,2,5,1,duplicate,0
CASE-6041,703.19,3,3,4,1,0,54,1167.44,0,0.206,0,3,3,unauthorized,0
CASE-6042,395.31,14,5,0,1,3,22,324.97,4,0.588,0,4,2,unauthorized,1
CASE-6043,1315.94,7,0,0,1,0,19,2718.9,3,0.059,0,5,1,duplicate,1
CASE-6044,626.88,83,0,0,1,1,13,259.3,2,0.055,4,6,0,defective,1
CASE-6045,1904.53,17,9,0,1,0,16,1571.44,6,1.0,6,5,1,item_not_received,0
CASE-6046,19722.48,9,0,0,0,22,89,16130.18,11,0.095,1,3,3,item_not_received,0
CASE-6047,716.3,10,0,1,0,10,18,799.91,0,0.084,0,5,1,defective,1
CASE-6048,139486.78,2,0,0,1,0,79,127511.76,2,0.117,0,5,1,unauthorized,1
CASE-6049,706.57,5,0,1,1,28,4,1428.77,0,0.333,2,3,3,duplicate,1
CASE-6050,1990.03,2,1,0,1,2,16,3952.79,12,0.148,0,5,1,item_not_received,1
CASE-6051,8172.66,9,3,5,0,4,45,3520.3,3,0.559,0,3,3,unauthorized,0
CASE-6052,6228.0,4,0,1,1,0,39,11830.57,3,0.343,0,5,1,item_not_received,1
CASE-6053,19477.38,15,0,0,1,0,3,8610.51,1,0.112,0,4,2,defective,1
CASE-6054,1492.77,19,5,0,1,0,68,1797.92,4,0.726,0,6,0,item_not_received,1
CASE-6055,18267.76,53,0,2,1,22,4,39739.24,3,0.125,0,4,2,defective,1
CASE-6056,1673.44,49,3,0,0,11,14,3643.64,2,0.422,1,3,3,other,0
CASE-6057,1585.94,4,9,0,1,0,4,2401.47,2,0.94,0,3,3,unauthorized,0
CASE-6058,811.97,14,0,0,1,11,13,1376.32,0,0.297,0,4,2,item_not_received,1
CASE-6059,18711.65,18,0,2,0,24,6,7122.75,10,0.098,2,2,4,unauthorized,0
CASE-6060,12280.84,4,0,0,1,0,1,24438.51,7,0.355,0,6,0,unauthorized,0
CASE-6061,94094.42,1,0,0,1,0,61,175761.23,0,0.279,0,3,3,unauthorized,1
CASE-6062,584.59,53,2,2,1,3,48,569.68,0,0.162,0,6,0,other,1
CASE-6063,1630.15,2,0,1,0,11,21,2843.36,6,0.109,1,2,4,duplicate,0
CASE-6064,8598.24,17,0,0,0,8,31,17986.69,9,0.114,0,3,3,unauthorized,0
CASE-6065,1145.74,15,0,2,1,0,11,2849.79,1,0.236,0,3,3,item_not_received,1
CASE-6066,5751.66,63,2,0,1,0,49,11746.81,4,0.267,0,6,0,item_not_received,1
CASE-6067,5194.81,1,0,0,1,0,12,6818.84,2,0.234,0,4,2,item_not_received,1
CASE-6068,68656.91,93,3,0,0,28,18,165852.91,14,0.272,0,3,3,duplicate,0
CASE-6069,1407.85,7,2,2,0,29,12,1861.06,1,0.244,2,3,3,defective,0
CASE-6070,302.61,1,6,0,1,0,13,236.39,3,0.787,0,5,1,item_not_received,1
CASE-6071,79504.27,3,0,2,1,0,45,48893.31,7,0.169,2,5,1,unauthorized,1
CASE-6072,315.94,18,0,0,1,0,5,208.89,1,0.15,0,5,1,duplicate,1
CASE-6073,1501.0,18,0,1,1,0,20,866.73,9,0.265,0,5,1,item_not_received,1
CASE-6074,1219.15,3,0,0,1,0,10,1046.15,4,0.194,0,5,1,unauthorized,1
CASE-6075,19371.89,14,1,5,1,0,6,21172.24,3,0.138,0,4,2,duplicate,1
CASE-6076,83575.68,1,0,0,1,0,23,34204.17,5,0.109,0,3,3,other,1
CASE-6077,118486.18,15,0,2,1,29,4,122513.75,5,0.048,2,4,2,unauthorized,1
CASE-6078,31182.62,10,0,0,0,2,35,20538.1,3,0.053,0,2,4,unauthorized,0
CASE-6079,764.17,63,3,0,1,0,4,1643.66,8,0.347,1,5,1,other,1
CASE-6080,6148.29,2,0,1,1,4,2,4631.53,12,0.279,0,5,1,item_not_received,1
CASE-6081,79355.01,7,0,6,1,0,3,114493.5,0,0.137,0,5,1,defective,0
CASE-6082,6716.91,4,0,0,1,0,14,12631.97,1,0.271,1,4,2,defective,1
CASE-6083,19042.64,17,0,0,0,16,18,19060.02,0,0.049,2,4,2,other,0
CASE-6084,10856.19,17,0,3,0,8,3,14119.03,3,0.066,0,1,5,defective,0
CASE-6085,1401.05,4,0,0,1,15,21,2064.65,1,0.301,2,5,1,defective,0
CASE-6086,18381.74,3,4,2,0,8,28,37055.31,2,0.513,0,1,5,item_not_received,0
CASE-6087,48139.77,3,1,0,1,0,63,34633.13,0,0.334,0,3,3,defective,1
CASE-6088,13432.56,7,2,0,1,28,4,15161.68,2,0.291,1,6,0,defective,1
CASE-6089,1412.36,34,1,1,0,23,20,1209.85,2,0.213,0,3,3,item_not_received,0
CASE-6090,1973.47,14,0,0,0,15,1,4000.76,6,0.19,0,3,3,defective,1
CASE-6091,5408.78,2,0,0,0,11,19,2096.37,8,0.121,0,1,5,item_not_received,0
CASE-6092,837.51,2,2,0,0,15,5,932.87,4,0.177,0,3,3,defective,0
CASE-6093,895.79,3,3,1,1,17,16,747.61,13,0.292,2,4,2,unauthorized,1
CASE-6094,5505.53,2,0,2,1,0,27,6183.07,12,0.153,0,4,2,unauthorized,0
CASE-6095,7110.58,1,3,1,1,13,16,9747.94,3,0.384,0,5,1,item_not_received,1
CASE-6096,423.31,13,0,0,1,0,5,145.17,0,0.156,1,5,1,item_not_received,1
CASE-6097,133251.46,5,1,0,1,27,3,287323.34,4,0.043,2,6,0,unauthorized,1
CASE-6098,25493.34,4,2,0,0,15,7,37765.79,3,0.186,0,3,3,unauthorized,0
CASE-6099,7046.41,83,3,2,0,7,4,13427.88,5,0.387,3,3,3,item_not_received,0
CASE-6100,1592.56,3,8,2,1,15,6,2360.22,3,0.82,0,4,2,duplicate,0
CASE-6101,2488.02,8,0,0,1,14,29,5892.35,4,0.151,0,5,1,defective,1
CASE-6102,1420.98,11,8,0,1,0,17,2032.02,11,0.746,0,4,2,unauthorized,0
CASE-6103,6863.63,4,0,0,0,7,29,5029.08,1,0.195,0,3,3,unauthorized,0
CASE-6104,498.25,1,5,2,1,22,2,1192.37,4,0.599,1,5,1,item_not_received,1
CASE-6105,117744.93,4,7,2,1,0,27,214766.7,2,0.526,0,5,1,other,1
CASE-6106,19295.0,17,0,0,1,0,35,16212.62,1,0.152,2,2,4,unauthorized,1
CASE-6107,713.98,10,5,0,1,5,28,1143.54,3,0.706,0,4,2,item_not_received,1
CASE-6108,16882.33,16,2,0,1,3,70,26245.61,0,0.374,2,5,1,defective,0
CASE-6109,9412.56,3,8,0,1,16,26,23185.08,10,0.971,0,5,1,item_not_received,0
CASE-6110,7120.31,3,2,2,1,23,5,12377.23,2,0.449,0,4,2,unauthorized,1
CASE-6111,423.89,15,0,0,1,0,13,990.99,0,0.397,0,4,2,item_not_received,1
CASE-6112,355.5,7,0,0,1,0,10,654.37,1,0.195,3,6,0,unauthorized,1
CASE-6113,10827.02,64,0,0,1,0,7,9870.1,3,0.156,0,5,1,other,1
CASE-6114,327.98,18,7,0,1,7,9,669.41,9,1.0,2,6,0,duplicate,1
CASE-6115,1433.62,43,1,0,1,0,60,3359.35,0,0.082,0,5,1,item_not_received,1
CASE-6116,1244.56,13,2,0,1,0,79,1921.71,2,0.437,2,6,0,unauthorized,1
CASE-6117,132409.15,7,3,7,1,0,2,50582.21,7,0.333,3,5,1,item_not_received,0
CASE-6118,626.26,3,3,1,1,21,80,1036.17,11,0.41,3,6,0,defective,0
CASE-6119,16272.75,13,5,0,1,25,5,5009.78,3,0.723,2,6,0,duplicate,0
CASE-6120,1697.34,4,0,0,1,0,13,3916.36,3,0.076,0,3,3,other,1
CASE-6121,146216.19,9,9,0,1,6,5,112077.51,6,0.765,0,4,2,unauthorized,0
CASE-6122,1000.85,17,3,2,1,0,29,1951.91,6,0.578,1,5,1,unauthorized,1
CASE-6123,105283.85,19,0,1,1,0,11,117575.14,1,0.2,0,5,1,item_not_received,1
CASE-6124,1153.93,22,0,0,0,22,1,1500.02,0,0.078,0,2,4,item_not_received,1
CASE-6125,79378.1,39,0,0,1,0,19,163225.98,4,0.319,0,5,1,item_not_received,1
CASE-6126,1735.65,55,9,7,1,0,82,720.41,1,1.0,2,5,1,item_not_received,1
CASE-6127,1962.95,4,2,0,1,0,69,3501.46,0,0.229,0,4,2,duplicate,0
CASE-6128,118099.48,8,3,1,1,10,63,253553.69,4,0.38,5,3,3,unauthorized,0
CASE-6129,303.77,57,1,2,0,10,6,704.08,3,0.391,0,1,5,item_not_received,0
CASE-6130,125003.56,7,1,4,1,2,1,255305.37,0,0.291,0,4,2,unauthorized,0
CASE-6131,580.36,40,8,1,1,6,1,576.74,2,1.0,2,5,1,item_not_received,1
CASE-6132,6901.97,16,5,2,1,0,22,6342.64,1,0.639,5,3,3,item_not_received,1
CASE-6133,342.34,10,2,1,0,19,15,245.56,1,0.254,2,4,2,other,0
CASE-6134,131338.62,3,3,0,1,9,11,68869.42,3,0.366,0,5,1,unauthorized,0
CASE-6135,1786.95,2,3,0,1,0,20,671.28,6,0.567,0,4,2,unauthorized,1
CASE-6136,25848.43,13,0,0,1,0,26,30975.91,2,0.185,0,5,1,defective,1
CASE-6137,9277.83,12,0,2,1,0,1,21588.95,14,0.302,0,6,0,unauthorized,1
CASE-6138,1112.17,3,0,0,0,18,2,660.39,5,0.247,0,2,4,duplicate,0
CASE-6139,2357.3,16,3,0,1,0,62,1109.23,9,0.603,0,4,2,unauthorized,0
CASE-6140,1922.61,4,0,4,1,15,24,3976.86,0,0.136,0,5,1,unauthorized,1
CASE-6141,351.49,1,0,0,0,13,81,726.85,12,0.176,0,3,3,other,0
CASE-6142,19118.01,63,0,0,1,0,24,37107.57,3,0.048,0,4,2,item_not_received,1
CASE-6143,121687.29,11,2,7,1,25,23,187915.94,2,0.268,0,3,3,unauthorized,0
CASE-6144,47558.62,19,0,0,1,0,18,118861.31,0,0.186,0,4,2,other,1
CASE-6145,687.11,15,2,1,0,20,8,906.11,4,0.096,1,2,4,duplicate,0
CASE-6146,902.81,16,3,0,0,27,8,2135.06,14,0.634,2,3,3,defective,1
CASE-6147,145202.69,4,2,2,1,0,6,49205.75,0,0.385,2,5,1,unauthorized,1
CASE-6148,1117.86,17,7,0,1,0,27,2131.98,4,0.642,0,5,1,item_not_received,1
CASE-6149,63285.66,10,3,1,1,0,19,58179.75,7,0.727,2,5,1,defective,0
CASE-6150,14496.99,4,9,5,0,22,31,20869.72,0,1.0,2,3,3,duplicate,0
CASE-6151,16004.72,2,0,0,1,11,1,36749.61,2,0.057,0,3,3,item_not_received,1
CASE-6152,219.4,2,2,2,0,29,5,90.88,14,0.327,0,2,4,unauthorized,0
CASE-6153,137207.98,11,8,0,1,0,49,300806.33,4,0.783,0,5,1,unauthorized,0
CASE-6154,21722.56,1,0,1,0,15,27,42308.48,4,0.079,0,4,2,defective,0
CASE-6155,80249.26,18,0,0,1,24,2,161950.74,3,0.217,1,5,1,item_not_received,1
CASE-6156,1772.87,4,0,0,0,21,27,2328.82,8,0.143,1,4,2,other,0
CASE-6157,980.43,1,0,0,1,26,81,1344.54,9,0.274,2,5,1,item_not_received,1
CASE-6158,13274.67,13,0,1,1,0,7,31880.96,1,0.129,2,5,1,other,1
CASE-6159,1303.17,6,9,0,1,0,26,1526.37,0,0.867,2,5,1,item_not_received,0
CASE-6160,91376.01,5,0,0,1,24,21,105473.22,1,0.2,0,5,1,defective,1
CASE-6161,117608.98,16,2,0,1,0,6,51138.71,0,0.375,0,6,0,defective,1
CASE-6162,132002.21,6,2,0,0,29,69,105555.37,2,0.183,0,4,2,defective,0
CASE-6163,1030.72,3,0,4,0,17,6,1183.58,2,0.154,4,4,2,item_not_received,0
CASE-6164,135253.79,12,0,0,1,0,16,314553.75,4,0.323,2,4,2,defective,1
CASE-6165,130514.1,14,0,0,1,0,31,264229.79,0,0.043,0,5,1,unauthorized,1
CASE-6166,16972.24,2,1,0,1,15,13,33406.36,5,0.2,0,6,0,defective,1
CASE-6167,19499.82,7,3,2,1,0,22,9951.96,1,0.303,0,4,2,duplicate,1
CASE-6168,13982.27,51,0,1,0,25,4,30806.83,6,0.159,0,5,1,item_not_received,0
CASE-6169,639.35,4,0,0,0,8,6,449.76,1,0.255,5,2,4,item_not_received,0
CASE-6170,5786.2,83,0,0,1,0,27,4995.74,1,0.201,0,3,3,defective,1
CASE-6171,16083.28,13,3,2,1,0,12,31641.01,0,0.438,3,6,0,duplicate,1
CASE-6172,122849.26,1,0,2,1,2,67,104228.78,12,0.369,0,3,3,item_not_received,1
CASE-6173,770.99,61,0,0,1,18,21,382.33,0,0.066,2,2,4,item_not_received,1
CASE-6174,16719.75,1,0,2,1,0,5,39147.67,3,0.276,5,4,2,item_not_received,0
CASE-6175,28735.1,7,4,0,1,19,3,62513.48,11,0.2,4,5,1,defective,0
CASE-6176,1219.77,17,9,0,1,29,57,1316.25,0,1.0,0,3,3,defective,1
CASE-6177,602.39,11,2,0,1,10,5,1276.74,1,0.38,5,3,3,item_not_received,1
CASE-6178,234.18,11,3,0,1,0,4,547.04,0,0.328,0,2,4,other,1
CASE-6179,801.27,82,4,0,1,0,2,442.42,0,0.629,0,6,0,defective,1
CASE-6180,17489.59,4,0,0,0,2,68,5941.43,12,0.025,0,3,3,unauthorized,1
CASE-6181,10269.52,9,0,0,0,14,4,22250.13,2,0.019,1,3,3,other,0
CASE-6182,912.58,9,0,1,1,0,5,1471.38,13,0.348,4,5,1,other,1
CASE-6183,108871.34,12,0,2,1,0,23,252229.35,0,0.068,0,6,0,defective,1
CASE-6184,1012.12,8,0,1,1,0,28,691.33,0,0.091,2,4,2,unauthorized,0
CASE-6185,327.69,2,3,0,1,0,26,256.08,2,0.632,3,5,1,other,0
CASE-6186,5981.35,18,0,1,1,12,87,3179.59,4,0.17,0,6,0,item_not_received,1
CASE-6187,3314.5,4,0,0,1,0,21,3919.79,0,0.127,0,3,3,defective,1
CASE-6188,1694.05,3,0,2,0,26,6,1584.79,3,0.069,2,5,1,item_not_received,0
CASE-6189,149614.89,6,0,2,1,0,13,326852.84,4,0.19,2,5,1,defective,0
CASE-6190,2559.88,9,0,0,1,0,4,6068.82,3,0.1,0,5,1,unauthorized,0
CASE-6191,58919.6,70,0,0,1,1,4,52771.84,1,0.094,4,5,1,duplicate,1
CASE-6192,9983.68,15,2,2,1,0,5,16227.42,1,0.375,1,5,1,item_not_received,1
CASE-6193,18564.55,14,0,6,1,15,2,26542.17,7,0.122,0,5,1,duplicate,1
CASE-6194,9912.49,6,7,0,0,26,22,11841.43,0,0.933,0,3,3,other,0
CASE-6195,5361.34,3,1,2,0,4,4,12748.58,5,0.265,2,4,2,item_not_received,0
CASE-6196,1548.12,17,0,0,1,0,25,2170.72,0,0.072,0,5,1,item_not_received,1
CASE-6197,3600.59,2,0,0,0,14,70,5689.38,11,0.059,0,4,2,item_not_received,0
CASE-6198,1140.11,75,3,0,1,14,4,1187.69,4,0.519,2,6,0,other,0
CASE-6199,1252.5,1,0,0,1,15,2,994.81,4,0.3,0,6,0,item_not_received,1
CASE-6200,1808.16,17,3,0,1,0,4,1993.11,6,0.337,2,6,0,item_not_received,1
CASE-6201,19121.43,5,0,0,1,0,25,15326.8,4,0.11,0,4,2,item_not_received,1
CASE-6202,1867.78,47,1,0,1,0,5,2718.05,5,0.334,0,5,1,unauthorized,1
CASE-6203,71945.15,13,7,1,1,0,22,37097.4,9,0.542,0,6,0,item_not_received,1
CASE-6204,750.28,17,2,0,1,0,3,339.36,1,0.532,0,5,1,duplicate,1
CASE-6205,467.12,49,0,2,0,24,32,527.74,8,0.049,0,3,3,unauthorized,0
CASE-6206,6078.7,17,1,0,1,20,4,9826.9,0,0.286,0,5,1,other,1
CASE-6207,110852.99,17,1,0,1,0,1,85799.55,2,0.187,0,4,2,item_not_received,1
CASE-6208,67646.0,11,5,6,1,0,8,90255.59,0,0.598,0,4,2,unauthorized,0
CASE-6209,1836.89,2,0,1,1,5,31,3347.91,4,0.234,6,6,0,unauthorized,1
CASE-6210,93137.79,5,1,0,1,0,18,84209.17,4,0.152,0,5,1,other,1
CASE-6211,65975.45,1,3,0,1,4,77,113262.84,12,0.728,0,4,2,item_not_received,1
CASE-6212,17288.64,5,0,0,1,12,21,26776.99,11,0.113,0,5,1,unauthorized,1
CASE-6213,18489.73,13,7,1,1,0,3,31703.69,0,0.512,3,3,3,defective,0
CASE-6214,5525.56,4,2,2,1,0,24,9682.29,1,0.353,0,5,1,defective,0
CASE-6215,63557.75,4,2,2,1,0,22,146730.98,0,0.304,0,5,1,defective,0
CASE-6216,6593.97,2,3,2,0,24,22,2615.5,1,0.433,0,2,4,unauthorized,0
CASE-6217,659.83,2,0,2,0,8,19,403.69,4,0.225,0,3,3,unauthorized,0
CASE-6218,146880.4,1,0,1,1,0,5,352608.94,0,0.471,0,3,3,unauthorized,0
CASE-6219,1435.21,2,0,0,1,0,1,953.72,4,0.195,0,5,1,item_not_received,1
CASE-6220,1208.36,14,3,0,1,0,64,2329.8,0,0.378,0,4,2,item_not_received,1
CASE-6221,19961.91,1,0,0,0,6,21,32193.5,0,0.045,0,2,4,unauthorized,0
CASE-6222,1565.28,8,0,0,1,15,27,2268.26,7,0.071,1,6,0,item_not_received,1
CASE-6223,321.54,15,8,3,1,0,14,497.97,0,1.0,0,4,2,other,0
CASE-6224,5902.07,6,0,0,1,28,64,5834.03,1,0.219,0,3,3,defective,1
CASE-6225,1678.73,25,0,2,1,0,24,3163.93,0,0.309,2,3,3,unauthorized,1
CASE-6226,89698.82,2,9,0,0,2,61,56691.66,5,1.0,0,2,4,other,0
CASE-6227,91521.26,4,3,3,1,0,56,167263.46,0,0.319,1,4,2,item_not_received,1
CASE-6228,328.07,1,1,0,0,29,16,439.1,10,0.314,0,3,3,item_not_received,1
CASE-6229,1916.31,18,0,1,0,27,26,3833.26,9,0.142,2,3,3,item_not_received,0
CASE-6230,7150.03,1,0,6,1,0,23,15089.43,11,0.171,0,5,1,item_not_received,0
CASE-6231,12136.01,20,0,0,1,0,45,3786.42,4,0.164,0,6,0,item_not_received,1
CASE-6232,100270.94,4,2,0,0,26,4,36520.12,3,0.356,3,1,5,unauthorized,0
CASE-6233,15029.21,13,3,7,1,0,3,21585.73,2,0.195,0,4,2,item_not_received,0
CASE-6234,97610.86,14,1,0,1,0,28,142163.41,13,0.482,2,5,1,other,1
CASE-6235,61958.17,19,0,7,1,0,29,130681.76,10,0.357,0,5,1,unauthorized,0
CASE-6236,11124.36,11,0,6,0,19,2,13824.62,0,0.218,2,4,2,duplicate,0
CASE-6237,3680.37,13,0,0,1,2,5,4671.4,3,0.16,2,3,3,item_not_received,1
CASE-6238,10254.99,18,2,1,1,0,21,3425.94,4,0.441,0,3,3,item_not_received,1
CASE-6239,17860.85,17,2,0,0,4,27,23915.34,3,0.575,6,3,3,unauthorized,0
CASE-6240,4950.0,10,5,0,1,22,11,12047.76,0,0.8,0,4,2,duplicate,0
CASE-6241,18850.33,16,0,1,1,10,18,46450.15,3,0.199,4,4,2,defective,1
CASE-6242,130504.97,18,7,0,1,0,48,90611.45,1,0.613,0,2,4,item_not_received,1
CASE-6243,9796.87,68,0,3,0,3,17,20775.13,7,0.119,0,3,3,unauthorized,0
CASE-6244,80106.63,9,4,0,1,0,36,118462.52,3,0.538,6,5,1,unauthorized,0
CASE-6245,12952.19,12,0,0,0,11,86,22776.87,0,0.137,0,2,4,item_not_received,0
CASE-6246,128578.34,11,0,0,1,0,23,197686.43,4,0.329,1,4,2,item_not_received,1
CASE-6247,38682.22,9,0,1,1,6,12,27031.54,4,0.109,0,6,0,item_not_received,1
CASE-6248,1414.86,19,0,0,0,11,13,479.84,0,0.052,2,3,3,item_not_received,0
CASE-6249,1548.07,4,0,0,1,27,14,1387.15,9,0.094,5,5,1,item_not_received,1
CASE-6250,1874.82,1,0,0,1,0,25,1650.34,6,0.367,0,5,1,duplicate,1
CASE-6251,75307.28,13,1,2,1,0,4,94700.92,3,0.414,2,4,2,unauthorized,0
CASE-6252,1329.11,62,0,0,1,22,21,1239.56,4,0.027,2,3,3,unauthorized,1
CASE-6253,1071.49,65,0,1,1,21,2,477.43,0,0.074,2,5,1,duplicate,1
CASE-6254,1070.32,96,3,0,1,17,4,1804.02,0,0.347,0,5,1,unauthorized,1
CASE-6255,1977.53,2,0,6,0,6,19,3103.44,3,0.133,1,3,3,other,0
CASE-6256,41348.36,1,8,0,1,0,23,34882.67,1,0.591,0,5,1,item_not_received,1
CASE-6257,3489.38,17,0,0,0,4,1,7789.96,0,0.16,0,1,5,item_not_received,0
CASE-6258,18912.18,16,0,0,1,0,18,25096.56,4,0.158,0,6,0,unauthorized,1
CASE-6259,42250.72,35,3,0,0,1,27,39768.38,10,0.271,1,3,3,unauthorized,0
CASE-6260,71745.93,21,0,0,1,0,29,39194.24,1,0.264,0,4,2,duplicate,1
CASE-6261,16761.44,4,3,1,1,28,6,22543.25,4,0.282,0,5,1,unauthorized,0
CASE-6262,1701.55,61,0,0,1,0,13,4223.7,1,0.163,1,5,1,other,1
CASE-6263,247.71,7,0,0,1,0,15,570.39,0,0.261,0,5,1,unauthorized,1
CASE-6264,129422.39,26,0,0,1,29,5,53962.63,0,0.079,0,4,2,defective,1
CASE-6265,1027.74,1,5,0,0,15,20,1785.58,2,0.492,5,3,3,unauthorized,0
CASE-6266,777.34,17,0,0,1,0,12,1287.29,3,0.131,0,5,1,item_not_received,1
CASE-6267,14352.32,2,3,0,1,0,71,15749.02,4,0.336,5,5,1,item_not_received,1
CASE-6268,85936.62,8,0,1,1,22,28,141181.73,3,0.071,0,4,2,item_not_received,0
CASE-6269,19060.38,14,0,1,1,21,11,45934.61,0,0.212,0,4,2,defective,0
CASE-6270,1782.19,15,1,0,1,0,10,2161.13,4,0.238,0,6,0,unauthorized,1
CASE-6271,1574.79,12,1,0,1,0,22,3626.24,3,0.288,1,2,4,unauthorized,0
CASE-6272,15419.85,9,5,0,1,0,15,12188.11,4,0.453,0,6,0,unauthorized,0
CASE-6273,113969.87,3,3,4,1,0,47,157801.17,0,0.396,0,5,1,duplicate,0
CASE-6274,1096.56,2,0,1,1,29,80,1691.17,3,0.028,0,4,2,unauthorized,1
CASE-6275,1308.12,3,2,2,1,7,25,411.24,0,0.509,0,3,3,other,0
CASE-6276,100578.52,5,0,5,1,0,26,225069.13,0,0.322,1,6,0,other,1
CASE-6277,1692.46,2,8,0,1,5,28,2855.09,1,0.814,0,6,0,item_not_received,1
CASE-6278,1192.89,3,5,0,1,1,28,545.46,11,0.549,5,6,0,item_not_received,1
CASE-6279,9717.93,66,0,0,1,0,4,19885.14,2,0.14,6,4,2,item_not_received,1
CASE-6280,35372.66,5,1,0,1,13,16,23256.03,12,0.111,0,6,0,unauthorized,1
CASE-6281,1283.28,11,2,0,1,10,83,2513.2,3,0.199,0,5,1,unauthorized,1
CASE-6282,16750.37,6,0,0,1,0,11,22382.61,3,0.071,1,4,2,item_not_received,1
CASE-6283,621.03,4,0,0,1,0,13,1117.51,2,0.014,0,4,2,defective,1
CASE-6284,1682.96,2,0,1,1,29,29,3067.03,2,0.241,0,6,0,item_not_received,1
CASE-6285,1349.51,4,0,0,1,0,18,2630.82,4,0.077,0,6,0,item_not_received,0
CASE-6286,1146.36,3,0,1,1,25,19,1946.08,9,0.067,2,3,3,item_not_received,1
CASE-6287,15493.88,1,1,1,0,27,14,29718.97,3,0.247,0,4,2,defective,0
CASE-6288,6599.32,15,1,3,1,27,3,4330.01,4,0.502,3,6,0,item_not_received,0
CASE-6289,15914.04,7,2,7,1,0,6,24699.18,0,0.204,1,5,1,item_not_received,0
CASE-6290,2419.25,17,1,1,1,0,18,4272.37,0,0.344,3,5,1,item_not_received,1
CASE-6291,51722.55,17,9,0,0,6,28,60198.11,1,0.59,0,3,3,item_not_received,0
CASE-6292,1506.46,2,4,0,1,0,68,1334.91,4,0.623,2,6,0,unauthorized,0
CASE-6293,146767.85,4,0,2,0,27,55,199142.3,0,0.346,0,2,4,unauthorized,0
CASE-6294,1100.41,4,0,0,1,0,7,829.44,4,0.025,2,5,1,item_not_received,1
CASE-6295,3810.46,32,0,0,0,13,4,2981.72,0,0.321,2,1,5,item_not_received,0
CASE-6296,1837.67,8,7,3,0,23,21,1845.02,0,0.779,0,3,3,defective,0
CASE-6297,8348.51,13,9,3,1,0,13,9548.04,0,0.668,0,2,4,item_not_received,0
CASE-6298,42139.91,15,2,0,1,0,49,51392.89,3,0.193,0,2,4,defective,1
CASE-6299,35111.54,33,0,1,1,4,15,26646.67,5,0.326,0,6,0,unauthorized,1
CASE-6300,8664.92,5,0,0,1,0,81,4515.93,1,0.222,0,5,1,item_not_received,1
CASE-6301,834.37,11,3,0,1,26,4,1644.62,2,0.443,0,5,1,defective,1
CASE-6302,90495.27,4,0,1,0,24,7,117620.76,12,0.138,0,4,2,duplicate,0
CASE-6303,786.16,50,3,1,1,0,29,1543.29,1,0.303,0,5,1,unauthorized,1
CASE-6304,13913.27,15,0,3,0,3,29,8985.97,12,0.165,0,3,3,defective,0
CASE-6305,6704.38,71,1,1,0,0,6,10459.04,3,0.098,6,0,6,item_not_received,0
CASE-6306,236.88,71,0,0,1,21,1,501.27,0,0.162,1,5,1,duplicate,1
CASE-6307,18207.43,1,8,2,1,0,53,10101.99,14,0.57,1,4,2,item_not_received,1
CASE-6308,939.03,12,0,0,0,27,62,2110.5,2,0.06,2,5,1,item_not_received,0
CASE-6309,1980.13,4,1,2,1,0,15,1595.74,4,0.317,2,4,2,duplicate,0
CASE-6310,17771.75,2,1,0,0,7,26,41713.68,2,0.24,0,3,3,item_not_received,0
CASE-6311,16906.58,9,1,0,0,12,23,38223.48,2,0.267,0,3,3,defective,0
CASE-6312,378.48,3,5,4,1,15,28,556.62,1,0.507,0,6,0,item_not_received,0
CASE-6313,61820.86,1,1,0,1,0,4,45330.33,8,0.139,2,3,3,duplicate,1
CASE-6314,1064.9,30,0,1,1,13,2,766.21,4,0.198,0,5,1,item_not_received,1
CASE-6315,828.91,4,0,7,1,6,10,706.96,0,0.084,0,6,0,item_not_received,1
CASE-6316,10856.44,4,0,0,1,18,4,7903.51,0,0.09,0,4,2,defective,1
CASE-6317,989.2,1,0,0,1,0,18,1183.11,9,0.141,1,4,2,defective,1
CASE-6318,1405.2,19,2,1,1,0,3,3313.09,1,0.526,1,5,1,defective,0
CASE-6319,11892.35,19,0,0,1,11,29,21411.02,12,0.117,1,4,2,item_not_received,1
CASE-6320,63577.99,3,0,0,1,23,6,128620.68,7,0.132,0,4,2,unauthorized,1
CASE-6321,1682.28,35,0,2,1,16,14,1976.48,2,0.014,3,6,0,other,1
CASE-6322,1072.32,1,9,2,0,26,18,1985.9,14,1.0,0,2,4,item_not_received,0
CASE-6323,418.45,9,0,0,0,18,35,594.34,4,0.055,5,3,3,item_not_received,0
CASE-6324,226.21,14,2,1,1,16,79,99.65,4,0.279,0,5,1,item_not_received,1
CASE-6325,748.81,15,0,2,0,12,56,734.59,13,0.228,1,4,2,duplicate,0
CASE-6326,745.2,2,0,0,0,5,26,687.82,3,0.339,0,2,4,item_not_received,0
CASE-6327,129328.66,14,0,0,1,17,3,295633.39,3,0.14,0,5,1,item_not_received,1
CASE-6328,584.49,9,1,0,1,24,15,1447.44,4,0.398,6,6,0,other,1
CASE-6329,39694.77,14,3,5,1,0,21,20278.79,0,0.78,0,6,0,item_not_received,1
CASE-6330,85739.74,57,0,1,1,0,1,157633.87,12,0.262,0,5,1,unauthorized,1
CASE-6331,925.79,1,8,2,1,0,6,956.25,5,0.793,5,5,1,defective,0
CASE-6332,32409.05,1,2,0,1,0,11,10966.21,13,0.337,1,4,2,other,1
CASE-6333,252.87,9,0,2,1,8,23,253.73,9,0.122,0,6,0,unauthorized,1
CASE-6334,12278.4,4,2,0,1,18,17,15794.31,7,0.54,0,4,2,duplicate,1
CASE-6335,1381.38,14,1,7,1,14,20,1106.95,0,0.232,0,5,1,defective,0
CASE-6336,4101.31,10,0,2,0,17,1,6110.63,0,0.34,0,2,4,item_not_received,0
CASE-6337,1280.21,2,0,2,1,0,5,1390.44,3,0.352,0,6,0,other,1
CASE-6338,149053.77,2,2,0,1,16,17,81442.57,14,0.264,6,4,2,item_not_received,1
CASE-6339,601.34,2,0,6,0,21,22,915.79,2,0.143,4,2,4,unauthorized,0
CASE-6340,113745.64,9,1,0,1,27,1,54170.54,0,0.254,0,5,1,unauthorized,1
CASE-6341,2131.89,3,0,0,0,6,15,3839.14,2,0.08,0,2,4,item_not_received,0
CASE-6342,350.94,67,1,2,1,0,7,863.86,4,0.069,0,5,1,item_not_received,1
CASE-6343,2425.65,24,3,2,1,0,4,2708.26,5,0.41,0,4,2,item_not_received,1
CASE-6344,126050.58,7,0,1,1,0,2,134652.14,2,0.19,1,5,1,defective,1
CASE-6345,6771.4,84,2,2,1,0,73,13064.86,6,0.175,5,6,0,other,1
CASE-6346,17293.83,1,0,0,1,0,79,39676.62,0,0.214,2,5,1,other,1
CASE-6347,11838.19,16,0,0,0,24,4,11255.78,3,0.057,2,2,4,item_not_received,1
CASE-6348,6062.66,5,0,2,0,20,43,4824.95,0,0.237,5,3,3,unauthorized,0
CASE-6349,15221.85,3,4,0,1,0,24,36026.85,1,0.585,2,6,0,defective,1
CASE-6350,7327.76,94,2,1,1,7,15,11411.5,0,0.166,0,5,1,item_not_received,1
CASE-6351,1719.03,2,1,0,1,0,89,3346.78,0,0.234,0,6,0,duplicate,1
CASE-6352,140446.32,5,2,1,1,8,24,300728.26,0,0.208,4,3,3,unauthorized,1
CASE-6353,8156.17,75,0,1,1,0,14,11924.0,0,0.312,0,4,2,item_not_received,1
CASE-6354,929.94,92,3,0,1,0,49,2238.43,4,0.472,0,6,0,defective,1
CASE-6355,12184.35,4,5,0,0,19,11,13513.3,13,0.874,2,2,4,unauthorized,0
CASE-6356,15022.09,3,0,0,1,22,27,33409.86,2,0.153,0,4,2,item_not_received,1
CASE-6357,1833.54,4,1,1,1,14,28,3017.91,11,0.365,0,3,3,defective,1
CASE-6358,93691.77,2,0,2,0,17,8,94775.41,5,0.111,1,5,1,item_not_received,0
CASE-6359,52560.16,94,2,0,1,22,3,85679.5,2,0.431,0,5,1,defective,0
CASE-6360,9302.39,15,2,1,0,9,9,7821.17,0,0.308,5,3,3,other,0
CASE-6361,1821.06,48,0,0,0,25,5,833.92,12,0.035,0,3,3,item_not_received,0
CASE-6362,135237.9,6,0,0,1,0,1,77815.0,0,0.186,0,5,1,unauthorized,0
CASE-6363,307.3,11,0,1,0,12,70,453.2,2,0.468,1,2,4,defective,0
CASE-6364,5089.1,18,0,0,0,18,29,3819.9,0,0.014,0,1,5,item_not_received,0
CASE-6365,5823.87,9,0,2,1,0,24,4400.54,12,0.16,0,2,4,unauthorized,0
CASE-6366,1626.59,6,0,0,0,17,29,2636.77,4,0.111,1,5,1,item_not_received,0
CASE-6367,129602.99,10,0,0,1,2,55,283731.91,2,0.146,2,5,1,item_not_received,1
CASE-6368,1011.97,16,2,0,1,0,37,1899.92,4,0.249,0,5,1,item_not_received,1
CASE-6369,15614.74,1,0,1,1,0,1,30618.03,4,0.214,0,6,0,item_not_received,1
CASE-6370,1620.97,11,3,0,1,0,15,3312.19,0,0.436,2,5,1,unauthorized,1
CASE-6371,11858.16,10,0,1,1,0,27,25456.11,5,0.148,3,4,2,other,1
CASE-6372,14399.28,4,2,0,1,15,47,30045.23,4,0.173,0,5,1,other,1
CASE-6373,55534.24,1,0,7,1,0,11,27387.18,0,0.114,0,3,3,item_not_received,0
CASE-6374,57178.3,83,0,2,1,1,6,137305.93,4,0.083,0,6,0,duplicate,1
CASE-6375,2136.8,12,0,0,1,0,8,4954.4,1,0.183,0,5,1,item_not_received,1
CASE-6376,1654.08,4,0,0,1,0,18,3069.58,3,0.207,0,3,3,item_not_received,1
CASE-6377,1126.48,10,0,5,1,19,6,737.57,1,0.199,0,4,2,defective,0
CASE-6378,79926.81,3,8,0,0,10,1,159107.38,0,0.99,0,2,4,item_not_received,0
CASE-6379,10678.91,1,7,1,1,26,18,25358.41,7,0.676,0,4,2,defective,1
CASE-6380,11444.5,16,0,7,1,0,20,14871.29,3,0.329,1,5,1,item_not_received,1
CASE-6381,788.83,16,0,0,1,19,30,1421.96,4,0.042,0,4,2,defective,1
CASE-6382,2850.0,47,0,2,0,16,7,6504.8,1,0.291,0,2,4,unauthorized,0
CASE-6383,11283.5,11,1,0,1,12,26,20859.79,1,0.108,0,3,3,item_not_received,1
CASE-6384,763.57,18,0,0,0,19,74,1538.88,14,0.272,1,4,2,unauthorized,0
CASE-6385,484.38,1,5,0,1,0,47,707.36,1,0.432,1,5,1,other,0
CASE-6386,49473.89,6,0,0,1,0,1,21450.29,0,0.4,1,5,1,item_not_received,1
CASE-6387,136590.68,3,3,0,1,0,25,234810.81,5,0.48,0,6,0,item_not_received,1
CASE-6388,1120.62,18,0,1,0,25,5,1285.39,0,0.138,0,3,3,item_not_received,1
CASE-6389,36794.33,4,2,5,0,11,66,27774.88,0,0.611,0,3,3,unauthorized,0
CASE-6390,1166.04,16,0,2,1,0,23,1347.63,3,0.171,0,5,1,other,1
CASE-6391,3086.07,30,3,6,1,0,12,6615.64,9,0.284,0,6,0,defective,1
CASE-6392,15709.79,4,7,2,1,0,9,13249.9,0,0.634,0,3,3,item_not_received,0
CASE-6393,1121.0,2,0,5,1,13,17,565.28,4,0.153,0,5,1,item_not_received,1
CASE-6394,19257.69,3,0,0,1,0,2,36447.85,0,0.05,0,5,1,defective,1
CASE-6395,96844.22,28,4,1,1,0,23,54938.86,0,0.54,2,4,2,duplicate,1
CASE-6396,413.18,11,0,2,1,0,5,1023.68,0,0.172,2,4,2,duplicate,0
CASE-6397,5372.22,4,0,0,1,0,7,8637.59,2,0.23,1,4,2,duplicate,1
CASE-6398,1458.2,86,1,1,1,19,10,2377.97,1,0.151,0,4,2,defective,0
CASE-6399,9856.97,6,1,0,1,0,6,9784.66,0,0.545,0,4,2,item_not_received,1
CASE-6400,1310.99,3,0,0,1,0,2,2692.97,3,0.053,0,5,1,item_not_received,1
CASE-6401,140367.37,2,0,0,1,9,5,341091.99,11,0.221,2,6,0,unauthorized,1
CASE-6402,9615.8,14,3,2,1,0,6,10780.27,3,0.725,0,6,0,unauthorized,0
CASE-6403,124040.28,58,0,0,1,6,16,54571.74,4,0.184,0,4,2,defective,1
CASE-6404,1167.95,91,0,4,1,26,31,2610.85,0,0.157,0,4,2,item_not_received,0
CASE-6405,10196.68,4,5,0,1,0,20,12547.29,2,0.534,1,5,1,unauthorized,1
CASE-6406,148974.78,3,1,2,1,0,8,141781.05,3,0.6,2,2,4,item_not_received,1
CASE-6407,1168.25,4,0,0,1,0,64,2478.58,1,0.143,6,4,2,other,1
CASE-6408,45398.44,3,8,0,1,0,11,91354.44,4,0.745,0,6,0,item_not_received,1
CASE-6409,116095.08,56,0,0,1,0,68,201099.39,1,0.181,2,2,4,item_not_received,1
CASE-6410,7068.25,85,0,0,1,0,26,17504.36,2,0.038,0,4,2,item_not_received,1
CASE-6411,19861.44,96,0,0,1,0,40,14723.53,11,0.049,0,4,2,duplicate,1
CASE-6412,71134.57,14,0,0,1,0,4,173513.62,1,0.028,0,6,0,duplicate,1
CASE-6413,753.71,47,0,5,0,7,57,296.88,1,0.084,1,1,5,item_not_received,0
CASE-6414,5134.06,18,1,4,0,24,20,6560.32,2,0.347,0,2,4,item_not_received,0
CASE-6415,108812.01,1,1,2,1,0,6,98960.52,0,0.042,0,3,3,duplicate,1
CASE-6416,1524.73,18,0,6,1,25,45,3764.72,4,0.363,0,6,0,item_not_received,1
CASE-6417,41932.79,9,2,1,1,0,88,59851.43,0,0.676,0,5,1,defective,1
CASE-6418,9535.64,8,1,0,1,6,20,3561.78,2,0.31,2,5,1,unauthorized,1
CASE-6419,18370.26,13,0,0,0,13,13,24004.95,0,0.058,2,4,2,item_not_received,0
CASE-6420,7211.57,67,3,0,1,19,8,5278.9,11,0.492,2,5,1,item_not_received,1
CASE-6421,8959.89,8,5,0,0,3,64,9122.37,0,0.648,0,1,5,item_not_received,0
CASE-6422,872.04,3,0,7,0,1,4,1918.05,2,0.157,0,2,4,item_not_received,0
CASE-6423,1574.41,3,9,0,0,2,4,1093.54,1,1.0,6,3,3,item_not_received,0
CASE-6424,91575.58,17,1,0,0,6,28,137022.81,4,0.308,0,2,4,defective,0
CASE-6425,1876.05,91,0,0,1,0,2,4506.07,10,0.166,0,5,1,duplicate,1
CASE-6426,113531.85,2,6,0,1,19,80,117374.69,0,0.511,0,3,3,other,0
CASE-6427,46151.26,3,3,0,1,0,46,52962.61,2,0.513,4,4,2,item_not_received,1
CASE-6428,103560.43,40,5,1,1,0,14,197233.52,3,0.491,0,4,2,unauthorized,1
CASE-6429,1436.1,4,0,7,1,0,12,2715.97,13,0.212,6,5,1,unauthorized,1
CASE-6430,1489.95,12,3,0,0,19,68,3629.28,6,0.236,2,3,3,item_not_received,0
CASE-6431,1858.9,6,0,0,1,2,4,2336.04,13,0.156,0,3,3,other,1
CASE-6432,15796.48,1,0,6,1,0,2,13877.87,3,0.401,0,5,1,item_not_received,1
CASE-6433,37617.06,7,1,0,1,0,29,66613.25,9,0.341,0,6,0,other,1
CASE-6434,1254.63,18,2,0,0,20,22,547.89,0,0.162,0,3,3,other,0
CASE-6435,17307.88,2,1,0,0,8,55,42659.72,3,0.274,0,4,2,item_not_received,0
CASE-6436,1953.31,2,6,0,1,0,27,2914.45,1,0.696,0,3,3,unauthorized,0
CASE-6437,1004.92,2,0,0,1,0,22,1419.36,0,0.091,2,5,1,other,1
CASE-6438,12241.64,11,0,2,1,0,1,20064.41,1,0.061,1,2,4,defective,0
CASE-6439,1774.23,16,0,1,0,24,9,1365.1,0,0.299,2,3,3,duplicate,0
CASE-6440,667.47,4,2,0,0,2,4,1251.69,3,0.236,0,3,3,duplicate,0
CASE-6441,251.13,50,1,0,1,9,41,597.61,3,0.241,0,3,3,other,1
CASE-6442,11847.74,8,0,0,1,0,28,7028.18,1,0.15,4,4,2,unauthorized,0
CASE-6443,70071.41,60,9,2,1,4,7,58192.69,2,1.0,0,6,0,item_not_received,0
CASE-6444,2457.93,27,0,6,1,0,2,2182.44,4,0.079,0,5,1,defective,1
CASE-6445,10993.3,5,0,2,0,11,45,5288.64,0,0.166,0,2,4,item_not_received,0
CASE-6446,6844.89,3,3,0,1,25,27,3114.34,4,0.528,0,5,1,item_not_received,1
CASE-6447,97131.87,13,1,3,1,25,41,152251.77,3,0.404,0,4,2,duplicate,1
CASE-6448,6788.81,2,3,0,1,23,4,7949.32,6,0.477,0,5,1,other,1
CASE-6449,19228.13,2,1,2,0,13,2,34670.74,0,0.185,0,2,4,other,0
CASE-6450,1055.47,5,0,1,1,9,6,2477.41,1,0.127,0,4,2,other,1
CASE-6451,108220.29,12,4,7,1,21,29,253922.99,0,0.817,0,5,1,unauthorized,0
CASE-6452,26741.07,15,2,0,1,0,28,22051.17,2,0.207,1,4,2,item_not_received,1
CASE-6453,83117.33,8,0,0,1,28,19,148240.71,3,0.075,5,3,3,item_not_received,1
CASE-6454,19862.51,5,0,0,1,0,65,34561.78,12,0.184,1,5,1,defective,0
CASE-6455,71491.21,4,3,1,0,23,6,53394.26,0,0.263,1,4,2,defective,0
CASE-6456,369.92,97,3,1,1,0,15,138.16,4,0.763,0,6,0,unauthorized,1
CASE-6457,760.8,12,0,1,1,0,3,1261.12,14,0.534,0,6,0,unauthorized,1
CASE-6458,17269.09,8,0,0,1,16,5,42225.46,5,0.4,0,5,1,defective,1
CASE-6459,59878.96,94,0,0,1,0,72,93283.29,2,0.299,3,4,2,unauthorized,0
CASE-6460,82455.88,16,1,2,0,21,6,98113.79,0,0.135,6,1,5,unauthorized,0
CASE-6461,309.01,19,0,1,0,10,89,682.15,9,0.155,0,5,1,item_not_received,0
CASE-6462,1695.64,4,9,0,0,10,51,1114.73,0,0.932,0,1,5,unauthorized,0
CASE-6463,121799.68,4,1,2,0,9,3,188411.05,2,0.275,0,2,4,other,0
CASE-6464,1887.05,36,0,0,1,0,25,2029.03,0,0.48,0,5,1,defective,1
CASE-6465,1818.35,3,0,0,1,0,3,766.88,5,0.17,1,6,0,item_not_received,1
CASE-6466,4223.14,18,6,0,1,0,76,3069.06,2,0.688,0,4,2,item_not_received,1
CASE-6467,1993.47,15,0,0,1,0,3,2101.97,8,0.151,0,4,2,unauthorized,1
CASE-6468,6392.16,7,0,0,0,7,8,15471.3,4,0.049,0,3,3,duplicate,0
CASE-6469,825.05,2,0,1,1,0,29,700.64,0,0.147,0,5,1,item_not_received,1
CASE-6470,1395.82,81,3,2,1,9,1,2641.05,1,0.384,2,4,2,item_not_received,1
CASE-6471,12426.01,93,7,0,1,0,50,24835.71,11,0.841,0,5,1,item_not_received,1
CASE-6472,5095.26,80,1,2,1,0,2,4355.64,2,0.417,0,4,2,defective,1
CASE-6473,4885.46,11,7,2,0,24,70,7402.08,0,0.747,4,2,4,unauthorized,0
CASE-6474,58455.93,66,3,0,0,17,24,64920.33,5,0.361,0,4,2,item_not_received,0
CASE-6475,78831.74,56,1,0,1,2,6,87882.93,0,0.184,0,5,1,other,1
CASE-6476,2322.27,14,0,0,1,0,2,5701.46,4,0.122,1,6,0,defective,1
CASE-6477,1718.01,90,0,1,0,4,71,2116.85,6,0.281,0,3,3,other,0
CASE-6478,19317.76,13,0,0,1,19,4,43491.8,0,0.209,2,5,1,item_not_received,1
CASE-6479,424.06,14,0,0,1,28,24,307.14,8,0.143,1,6,0,unauthorized,1
CASE-6480,402.88,4,0,1,1,20,8,909.76,3,0.163,0,5,1,item_not_received,1
CASE-6481,1906.3,3,0,2,1,0,84,2886.27,4,0.07,0,5,1,item_not_received,1
CASE-6482,100686.12,8,2,0,1,0,69,98631.01,2,0.302,0,3,3,item_not_received,1
CASE-6483,1310.11,16,0,1,1,0,1,2888.69,9,0.196,0,5,1,unauthorized,0
CASE-6484,9142.7,2,3,0,1,15,14,9646.78,6,0.406,0,5,1,defective,0
CASE-6485,6472.54,15,6,1,0,12,23,13423.33,3,0.717,0,1,5,item_not_received,0
CASE-6486,13219.13,4,3,4,1,14,58,18786.54,3,0.382,0,5,1,defective,1
CASE-6487,10564.12,24,0,0,1,11,74,6935.66,2,0.368,0,6,0,other,1
CASE-6488,4320.52,88,1,0,1,4,48,1526.53,9,0.295,2,3,3,item_not_received,1
CASE-6489,1196.96,2,0,1,1,0,11,2054.59,0,0.323,0,3,3,item_not_received,1
CASE-6490,12934.74,4,4,0,0,11,24,13812.77,7,0.9,0,4,2,item_not_received,0
CASE-6491,8288.09,12,2,1,0,8,6,3833.27,7,0.411,0,2,4,item_not_received,0
CASE-6492,1218.84,87,2,0,1,0,28,1217.25,3,0.417,5,3,3,unauthorized,1
CASE-6493,14233.82,12,0,0,0,13,22,15423.6,9,0.188,0,3,3,item_not_received,1
CASE-6494,68472.7,4,6,0,0,6,1,70910.93,0,0.938,2,4,2,unauthorized,0
CASE-6495,32918.08,3,8,1,1,0,21,73197.08,11,0.944,0,4,2,duplicate,0
CASE-6496,69653.37,4,0,3,1,0,4,119562.11,4,0.046,0,5,1,defective,0
CASE-6497,1835.69,3,6,0,1,0,5,3839.85,0,0.685,0,6,0,item_not_received,1
CASE-6498,30960.66,94,8,0,1,28,59,59419.94,0,0.744,0,6,0,unauthorized,0
CASE-6499,13040.97,35,0,0,1,19,21,10054.6,4,0.191,0,5,1,unauthorized,1
CASE-6500,18891.82,10,0,0,1,0,14,21614.14,0,0.291,0,4,2,other,1
CASE-6501,253.86,92,1,1,1,24,10,496.56,14,0.082,2,5,1,unauthorized,0
CASE-6502,1911.48,8,0,1,1,0,3,4530.72,0,0.162,1,5,1,other,1
CASE-6503,966.53,15,0,4,1,0,19,1189.71,4,0.136,0,4,2,item_not_received,1
CASE-6504,1394.78,26,6,0,1,0,24,505.95,0,0.679,2,5,1,unauthorized,0
CASE-6505,134505.25,16,0,0,1,0,49,104746.25,2,0.315,2,5,1,item_not_received,1
CASE-6506,8588.42,19,0,7,0,18,23,6444.67,11,0.235,2,4,2,unauthorized,0
CASE-6507,19057.45,11,0,0,0,8,16,41672.26,11,0.123,0,4,2,item_not_received,1
CASE-6508,3930.89,2,0,0,1,9,25,2582.07,4,0.058,0,4,2,duplicate,1
CASE-6509,17154.95,48,2,0,0,12,9,25913.07,4,0.402,0,3,3,item_not_received,0
CASE-6510,123896.77,7,0,0,1,0,1,309711.77,14,0.046,1,6,0,other,1
CASE-6511,1834.55,61,0,0,1,11,24,1454.56,4,0.122,0,4,2,defective,1
CASE-6512,80267.92,17,0,0,1,0,13,168769.41,0,0.059,2,1,5,item_not_received,1
CASE-6513,17937.56,11,0,0,1,13,4,17339.84,0,0.196,0,5,1,item_not_received,1
CASE-6514,814.15,4,0,0,1,0,19,1685.19,5,0.151,0,4,2,duplicate,1
CASE-6515,10555.7,90,9,0,1,3,4,22098.84,0,1.0,0,5,1,defective,0
CASE-6516,17528.51,18,0,6,1,0,6,6745.57,4,0.238,1,4,2,unauthorized,1
CASE-6517,19781.45,6,0,0,1,0,8,49152.24,1,0.052,0,4,2,item_not_received,1
CASE-6518,1459.11,4,0,0,1,2,44,3161.98,2,0.164,0,5,1,unauthorized,1
CASE-6519,118735.64,55,3,2,1,0,2,134195.36,4,0.219,5,6,0,unauthorized,1
CASE-6520,1542.29,9,3,0,1,10,23,816.35,0,0.355,0,5,1,item_not_received,1
CASE-6521,1007.47,3,8,1,1,0,13,759.64,0,0.784,2,6,0,unauthorized,0
CASE-6522,1653.2,14,4,2,1,0,37,3246.51,1,0.384,0,3,3,unauthorized,0
CASE-6523,19021.27,4,0,2,0,18,22,41856.41,13,0.335,2,2,4,item_not_received,0
CASE-6524,1680.73,85,0,0,1,0,18,1639.17,0,0.516,0,3,3,item_not_received,1
CASE-6525,16033.1,17,1,1,0,2,4,23159.62,1,0.232,2,3,3,item_not_received,1
CASE-6526,125936.73,15,0,0,1,8,3,203181.91,1,0.094,0,6,0,duplicate,1
CASE-6527,4579.59,2,0,2,0,25,72,9201.56,8,0.14,1,1,5,item_not_received,0
CASE-6528,51416.61,6,0,0,0,9,34,18439.83,6,0.315,2,4,2,unauthorized,0
CASE-6529,1504.46,4,3,0,0,28,5,2592.41,0,0.382,0,4,2,defective,0
CASE-6530,1504.14,7,0,2,1,0,39,1089.98,1,0.242,0,4,2,defective,1
CASE-6531,5459.37,13,0,0,1,0,17,13616.95,3,0.031,2,3,3,item_not_received,1
CASE-6532,9844.33,97,0,0,1,0,9,3227.35,0,0.064,0,2,4,item_not_received,1
CASE-6533,352.56,11,3,5,0,5,4,658.26,5,0.322,0,3,3,item_not_received,0
CASE-6534,1386.64,4,2,0,1,0,72,1040.72,2,0.217,0,3,3,unauthorized,0
CASE-6535,61678.39,1,0,2,0,17,27,91097.41,0,0.13,0,3,3,unauthorized,0
CASE-6536,887.58,9,0,2,1,11,20,657.82,2,0.106,1,4,2,item_not_received,1
CASE-6537,1056.14,1,3,0,1,19,1,1521.9,10,0.527,0,4,2,unauthorized,0
CASE-6538,3303.17,1,2,0,0,9,29,1212.87,4,0.165,4,3,3,defective,0
CASE-6539,80398.49,16,7,1,1,0,65,177131.27,0,0.987,0,2,4,item_not_received,1
CASE-6540,12031.64,13,0,0,1,0,11,13106.05,1,0.043,0,5,1,unauthorized,0
CASE-6541,113260.34,8,4,0,1,0,5,208928.24,1,0.789,4,4,2,other,1
CASE-6542,380.83,3,0,0,1,24,4,165.28,0,0.06,0,5,1,item_not_received,1
CASE-6543,132061.84,4,1,4,1,25,8,192784.96,2,0.358,0,3,3,unauthorized,1
CASE-6544,1872.87,14,4,1,1,9,13,3014.81,0,0.598,0,3,3,item_not_received,0
CASE-6545,1103.67,19,7,2,1,0,55,1340.39,0,0.878,0,5,1,defective,0
CASE-6546,554.39,25,5,2,1,0,5,530.81,4,0.627,2,6,0,duplicate,1
CASE-6547,2671.8,28,0,1,0,10,2,1621.24,0,0.105,0,2,4,defective,0
CASE-6548,1360.56,8,0,1,1,15,2,2608.04,9,0.253,0,5,1,unauthorized,1
CASE-6549,2564.48,60,0,7,1,17,22,2213.59,0,0.263,0,6,0,unauthorized,1
CASE-6550,349.52,56,9,0,1,27,61,640.86,3,1.0,1,6,0,unauthorized,0
CASE-6551,1967.67,1,2,0,1,0,6,949.42,0,0.439,0,6,0,item_not_received,1
CASE-6552,3135.27,2,0,0,1,20,24,7628.23,4,0.355,0,5,1,defective,1
CASE-6553,12081.26,11,0,2,1,4,77,14978.23,1,0.064,0,2,4,item_not_received,1
CASE-6554,9867.28,2,3,0,1,28,73,16864.84,11,0.412,1,3,3,unauthorized,1
CASE-6555,3657.08,38,0,2,1,0,15,4201.06,6,0.109,0,6,0,defective,1
CASE-6556,106272.93,7,0,2,0,25,18,248566.43,0,0.187,0,2,4,unauthorized,0
CASE-6557,13756.05,3,7,2,1,0,14,21869.35,1,1.0,1,2,4,defective,0
CASE-6558,17068.3,2,0,0,1,0,5,10413.96,2,0.072,0,6,0,defective,1
CASE-6559,105125.75,12,2,0,0,5,15,237804.17,0,0.311,0,1,5,defective,0
CASE-6560,1614.83,12,2,0,0,2,4,1792.11,12,0.25,0,4,2,defective,0
CASE-6561,3339.52,4,0,0,1,0,10,6702.25,1,0.041,0,5,1,defective,1
CASE-6562,1829.05,71,3,0,1,0,5,4050.15,1,0.372,0,6,0,other,1
CASE-6563,23436.58,59,1,2,0,6,39,34124.05,4,0.128,4,1,5,unauthorized,0
CASE-6564,31563.75,2,0,0,1,27,59,52928.26,6,0.318,1,5,1,duplicate,1
CASE-6565,1341.75,3,0,0,1,1,13,833.35,0,0.006,0,4,2,item_not_received,1
CASE-6566,129703.36,4,0,1,0,0,20,253519.19,1,0.07,0,3,3,unauthorized,1
CASE-6567,134714.77,5,0,2,1,0,42,219589.33,0,0.154,0,3,3,defective,0
CASE-6568,31829.72,3,0,5,1,0,4,60179.08,0,0.048,0,5,1,other,0
CASE-6569,2551.2,18,0,0,0,17,14,1779.89,4,0.063,1,2,4,unauthorized,0
CASE-6570,1819.95,9,0,0,1,0,6,3524.49,10,0.234,0,5,1,defective,1
CASE-6571,16706.71,12,0,0,1,0,27,36727.83,3,0.115,0,3,3,defective,1
CASE-6572,30701.32,19,1,0,1,0,85,11660.79,3,0.226,0,4,2,item_not_received,1
CASE-6573,85700.58,3,9,7,1,0,3,117473.86,0,0.97,0,4,2,unauthorized,0
CASE-6574,14967.46,32,0,2,1,6,8,28694.0,0,0.011,0,4,2,item_not_received,1
CASE-6575,1549.85,15,2,0,1,4,1,789.54,7,0.294,5,6,0,unauthorized,1
CASE-6576,1005.97,2,0,0,1,2,10,919.76,2,0.282,1,6,0,defective,1
CASE-6577,399.9,15,2,1,1,0,39,316.79,12,0.229,2,4,2,unauthorized,0
CASE-6578,15469.27,86,4,2,0,10,1,27609.68,0,0.785,2,3,3,unauthorized,0
CASE-6579,1874.11,4,0,5,1,3,2,2511.41,3,0.129,1,6,0,duplicate,1
CASE-6580,785.83,9,0,3,0,13,17,1805.04,8,0.399,0,2,4,defective,0
CASE-6581,870.63,4,2,1,1,11,6,444.02,8,0.684,5,5,1,item_not_received,1
CASE-6582,15161.31,70,1,1,1,27,27,13398.19,2,0.18,0,5,1,item_not_received,1
CASE-6583,1398.24,3,0,0,1,29,7,2332.63,10,0.249,3,6,0,item_not_received,1
CASE-6584,1027.99,33,5,0,1,0,8,1412.13,3,0.767,0,4,2,unauthorized,1
CASE-6585,866.56,9,0,0,1,0,29,1948.81,2,0.166,1,5,1,item_not_received,1
CASE-6586,4076.8,2,9,0,0,17,8,1460.79,2,0.915,0,0,6,unauthorized,0
CASE-6587,790.27,11,8,1,1,0,79,698.84,4,1.0,1,4,2,item_not_received,0
CASE-6588,123516.62,50,0,1,0,24,24,269646.72,3,0.058,2,3,3,unauthorized,0
CASE-6589,209.88,1,2,0,0,28,6,93.61,1,0.335,0,5,1,duplicate,1
CASE-6590,1947.54,82,4,1,0,26,18,4136.74,2,0.314,0,3,3,duplicate,0
CASE-6591,870.73,16,2,0,1,0,29,2051.96,5,0.822,6,6,0,defective,1
CASE-6592,458.12,16,0,0,1,0,29,563.57,5,0.2,0,6,0,item_not_received,1
CASE-6593,2974.15,3,1,0,0,8,24,3301.8,0,0.131,6,2,4,other,0
CASE-6594,17528.85,9,1,0,1,0,13,36903.64,1,0.126,2,4,2,defective,0
CASE-6595,1420.4,3,1,0,1,0,4,589.28,0,0.177,0,4,2,defective,0
CASE-6596,314.11,1,8,1,1,5,16,747.61,0,0.961,2,4,2,unauthorized,0
CASE-6597,4833.47,17,8,2,0,8,18,2345.31,12,0.924,0,1,5,unauthorized,0
CASE-6598,781.64,3,0,1,0,23,1,1750.47,4,0.137,0,1,5,item_not_received,0
CASE-6599,12113.14,2,0,0,1,2,9,12512.86,0,0.032,0,6,0,other,1
CASE-6600,2620.35,7,0,0,0,21,12,4422.36,8,0.029,2,2,4,unauthorized,0
CASE-6601,335.82,2,0,0,0,5,4,270.28,3,0.061,0,3,3,item_not_received,0
CASE-6602,960.09,7,0,2,1,0,4,2370.02,4,0.09,0,4,2,item_not_received,1
CASE-6603,746.2,6,0,0,1,2,20,949.14,6,0.129,0,6,0,defective,1
CASE-6604,1375.48,3,3,6,1,0,29,1633.8,4,0.25,0,5,1,other,1
CASE-6605,586.63,3,0,0,1,0,6,972.18,0,0.08,0,5,1,item_not_received,1
CASE-6606,1373.79,1,0,1,1,0,3,1406.5,9,0.053,0,6,0,unauthorized,1
CASE-6607,1686.87,59,0,0,1,0,5,2102.55,0,0.229,0,5,1,defective,1
CASE-6608,11115.61,3,0,0,0,29,4,27072.76,7,0.041,1,6,0,unauthorized,0
CASE-6609,1063.31,34,9,0,0,8,4,1333.36,4,1.0,0,1,5,item_not_received,0
CASE-6610,1349.91,11,1,0,1,0,25,938.35,4,0.357,0,5,1,unauthorized,1
CASE-6611,14252.37,42,0,4,1,15,32,28937.62,1,0.134,0,3,3,item_not_received,1
CASE-6612,16745.11,4,0,0,0,0,29,22145.06,8,0.154,0,3,3,other,0
CASE-6613,12892.51,10,1,0,0,3,9,5159.91,0,0.138,0,3,3,item_not_received,0
CASE-6614,136424.11,1,0,2,1,0,9,210262.63,2,0.081,0,4,2,unauthorized,0
CASE-6615,123716.89,19,1,0,1,5,89,152123.03,6,0.342,1,5,1,unauthorized,0
CASE-6616,1319.88,13,2,0,1,0,48,2209.01,14,0.309,0,5,1,defective,0
CASE-6617,715.84,6,0,2,0,21,18,787.65,1,0.182,0,2,4,other,0
CASE-6618,1281.03,2,0,0,1,0,28,2197.77,3,0.132,2,3,3,duplicate,1
CASE-6619,5791.79,16,3,1,1,20,14,13663.14,9,0.411,0,4,2,duplicate,0
CASE-6620,15172.23,93,2,0,1,0,22,37469.43,6,0.524,1,6,0,item_not_received,1
CASE-6621,4144.54,2,0,0,1,0,24,4282.38,6,0.086,0,5,1,unauthorized,1
CASE-6622,1344.25,2,0,0,0,15,48,1207.59,2,0.362,0,4,2,item_not_received,0
CASE-6623,5955.24,4,0,0,0,20,10,7710.07,0,0.065,2,2,4,defective,0
CASE-6624,12390.43,17,0,0,1,0,12,26695.73,3,0.113,0,5,1,duplicate,1
CASE-6625,17124.21,17,1,6,0,23,8,5167.4,4,0.352,0,3,3,duplicate,0
CASE-6626,1392.96,16,0,2,0,28,21,1590.78,12,0.225,0,2,4,duplicate,0
CASE-6627,20241.86,7,1,0,0,5,24,32225.05,1,0.493,5,5,1,item_not_received,0
CASE-6628,1069.41,86,0,0,1,0,16,521.72,0,0.125,0,5,1,item_not_received,1
CASE-6629,1113.95,6,6,0,1,0,23,1937.76,4,0.594,0,5,1,other,1
CASE-6630,1406.84,3,0,1,1,5,11,568.33,14,0.085,0,5,1,item_not_received,1
CASE-6631,44380.74,3,0,0,1,0,4,40937.08,0,0.077,0,5,1,item_not_received,1
CASE-6632,42108.46,3,0,6,0,17,2,15901.07,7,0.279,0,1,5,defective,0
CASE-6633,8570.83,68,0,2,1,0,4,17970.28,13,0.083,1,6,0,item_not_received,1
CASE-6634,902.65,3,3,1,1,27,5,914.97,3,0.503,4,4,2,duplicate,0
CASE-6635,417.11,18,3,0,1,0,84,398.05,1,0.701,2,3,3,item_not_received,1
CASE-6636,1404.66,3,3,0,0,24,4,3449.21,14,0.368,0,3,3,unauthorized,0
CASE-6637,1650.55,4,2,0,0,3,1,3053.5,0,0.246,0,3,3,duplicate,0
CASE-6638,582.42,4,0,0,1,0,26,800.46,7,0.148,0,6,0,item_not_received,1
CASE-6639,8780.14,34,0,0,1,0,1,8919.73,0,0.275,0,3,3,item_not_received,1
CASE-6640,85427.03,5,5,0,1,0,9,173901.57,0,0.411,0,5,1,unauthorized,1
CASE-6641,3950.47,1,3,0,1,0,2,4297.05,0,0.39,0,6,0,item_not_received,1
CASE-6642,10593.58,99,1,0,0,28,14,11337.56,4,0.324,2,3,3,item_not_received,0
CASE-6643,1709.26,18,2,6,1,4,17,4040.27,1,0.364,0,4,2,unauthorized,0
CASE-6644,136740.24,8,0,0,1,29,2,218872.26,4,0.201,0,5,1,other,1
CASE-6645,10480.52,6,0,2,1,27,89,3558.45,0,0.092,0,5,1,defective,1
CASE-6646,10931.06,11,1,0,0,23,2,7621.2,12,0.231,0,3,3,unauthorized,0
CASE-6647,399.25,29,1,2,0,28,3,432.69,11,0.264,2,1,5,unauthorized,0
CASE-6648,1937.13,3,2,0,1,0,10,3407.44,3,0.335,0,5,1,unauthorized,0
CASE-6649,4980.43,29,0,0,1,15,18,11889.93,3,0.155,1,2,4,item_not_received,1
CASE-6650,93634.08,8,1,1,0,3,12,216068.36,0,0.113,0,5,1,unauthorized,0
CASE-6651,11971.89,13,1,0,1,0,4,14716.16,8,0.355,1,6,0,unauthorized,1
CASE-6652,1423.99,1,0,0,0,10,22,3476.99,1,0.24,0,3,3,defective,1
CASE-6653,27253.07,19,0,0,1,12,1,45102.32,0,0.053,0,6,0,defective,1
CASE-6654,1377.25,7,0,2,1,9,4,645.1,0,0.412,0,6,0,defective,1
CASE-6655,1301.51,19,0,1,0,0,21,997.49,1,0.21,4,3,3,other,0
CASE-6656,1658.19,59,0,0,1,0,89,4087.77,11,0.158,0,4,2,defective,1
CASE-6657,16261.74,8,6,0,0,22,28,25939.24,2,0.571,0,0,6,defective,0
CASE-6658,121053.05,2,3,2,1,0,13,36671.14,0,0.739,0,3,3,unauthorized,0
CASE-6659,44598.77,1,0,1,1,0,19,40390.83,2,0.054,0,4,2,unauthorized,1
CASE-6660,114968.23,18,0,0,1,0,33,231366.78,3,0.055,0,4,2,other,1
CASE-6661,10502.66,7,0,0,0,25,2,20293.79,2,0.254,2,2,4,other,0
CASE-6662,9892.64,63,0,0,1,0,55,12821.27,8,0.226,0,4,2,item_not_received,1
CASE-6663,107715.59,13,0,1,1,0,22,241418.24,0,0.378,1,5,1,other,1
CASE-6664,72647.07,5,0,0,1,0,15,100878.21,3,0.065,0,4,2,item_not_received,1
CASE-6665,445.23,1,0,2,1,16,23,229.9,0,0.068,1,4,2,item_not_received,1
CASE-6666,1368.31,7,5,0,1,0,17,2735.54,0,0.584,1,5,1,item_not_received,1
CASE-6667,46700.07,8,0,5,0,13,18,32118.61,2,0.107,2,4,2,duplicate,0
CASE-6668,1062.74,15,0,2,0,20,12,2337.18,0,0.219,0,2,4,item_not_received,0
CASE-6669,16461.08,9,1,2,1,0,21,28053.94,11,0.533,0,6,0,unauthorized,0
CASE-6670,4875.45,17,8,0,1,0,10,3629.72,2,0.856,1,5,1,item_not_received,1
CASE-6671,609.8,3,2,0,1,19,32,491.56,3,0.171,0,3,3,defective,1
CASE-6672,808.63,8,1,0,1,0,3,1286.88,7,0.208,0,6,0,item_not_received,1
CASE-6673,6805.78,7,0,0,0,3,40,10303.51,4,0.2,2,4,2,defective,0
CASE-6674,1309.16,43,6,0,1,5,5,1299.45,4,0.809,2,6,0,unauthorized,0
CASE-6675,1491.11,2,0,0,0,20,9,1119.1,3,0.209,0,5,1,unauthorized,1
CASE-6676,3940.1,35,9,2,1,2,3,4962.73,4,0.819,0,5,1,item_not_received,1
CASE-6677,119367.8,7,0,0,1,0,15,91930.18,0,0.225,0,3,3,item_not_received,1
CASE-6678,12412.91,4,8,2,1,0,65,24836.26,1,0.946,0,4,2,defective,0
CASE-6679,369.81,11,1,2,1,0,6,114.34,0,0.22,4,2,4,unauthorized,1
CASE-6680,3825.34,17,3,0,1,0,10,8990.7,4,0.66,1,6,0,other,0
CASE-6681,334.36,19,0,2,1,0,17,796.89,3,0.255,0,4,2,item_not_received,1
CASE-6682,49842.41,1,0,0,1,0,13,114147.63,2,0.121,0,4,2,item_not_received,1
CASE-6683,923.49,72,1,1,1,26,4,1177.22,4,0.399,0,5,1,unauthorized,0
CASE-6684,125263.62,3,7,0,1,0,10,77298.37,2,0.5,0,4,2,unauthorized,0
CASE-6685,8393.25,2,3,0,1,18,29,8362.79,0,0.473,6,6,0,defective,1
CASE-6686,1883.32,69,0,0,1,8,70,2974.81,2,0.084,0,4,2,defective,1
CASE-6687,39958.62,10,2,0,1,10,5,50864.52,1,0.572,0,3,3,unauthorized,0
CASE-6688,11320.53,4,0,2,1,0,79,3504.18,14,0.198,0,6,0,unauthorized,0
CASE-6689,57418.56,3,0,0,1,24,18,26199.08,1,0.225,0,5,1,defective,1
CASE-6690,1953.09,52,2,0,1,28,86,1902.63,1,0.423,0,3,3,other,1
CASE-6691,1796.12,10,7,0,1,7,6,2419.38,3,0.897,3,4,2,item_not_received,1
CASE-6692,16018.91,16,0,0,1,0,5,31255.13,2,0.37,2,2,4,item_not_received,1
CASE-6693,1377.8,2,4,0,1,0,81,1603.21,4,0.36,2,5,1,item_not_received,1
CASE-6694,1122.0,14,0,1,1,0,56,861.09,13,0.468,0,5,1,unauthorized,1
CASE-6695,1240.16,12,0,0,0,14,14,1515.17,11,0.064,0,3,3,other,0
CASE-6696,52998.66,17,0,0,1,0,66,95605.24,6,0.105,5,5,1,item_not_received,1
CASE-6697,12129.31,59,9,1,0,29,2,8114.97,5,0.808,0,2,4,unauthorized,0
CASE-6698,1266.9,5,0,0,1,0,6,645.33,4,0.489,0,4,2,defective,0
CASE-6699,384.57,9,3,4,1,18,20,660.1,0,0.27,0,2,4,unauthorized,0
CASE-6700,120112.29,10,2,2,1,0,25,229096.66,0,0.264,0,4,2,other,1
CASE-6701,84517.07,75,0,0,1,0,49,37698.24,10,0.045,1,3,3,defective,1
CASE-6702,1408.94,9,0,6,1,28,17,3235.4,0,0.185,0,6,0,unauthorized,1
CASE-6703,19649.16,4,0,1,1,20,14,35839.44,7,0.304,1,5,1,duplicate,1
CASE-6704,659.53,55,0,0,1,0,2,1512.7,11,0.13,3,3,3,duplicate,1
CASE-6705,9704.74,12,1,0,1,0,9,13684.5,1,0.35,0,3,3,duplicate,1
CASE-6706,2852.18,39,3,0,1,0,19,6331.0,3,0.637,1,5,1,item_not_received,1
CASE-6707,13729.51,6,0,0,1,0,5,17051.13,0,0.273,0,6,0,item_not_received,1
CASE-6708,1038.33,4,2,1,0,25,5,591.61,3,0.409,0,2,4,unauthorized,0
CASE-6709,10051.32,3,0,0,1,0,2,23405.61,0,0.315,0,3,3,item_not_received,1
CASE-6710,7761.37,15,0,1,0,14,6,17673.27,0,0.2,0,2,4,other,0
CASE-6711,18911.29,42,7,0,1,0,4,28228.44,0,0.639,0,3,3,defective,0
CASE-6712,9909.48,7,0,2,1,29,26,5043.01,4,0.075,0,5,1,item_not_received,1
CASE-6713,371.54,5,0,0,0,16,16,831.53,0,0.154,0,3,3,unauthorized,0
CASE-6714,18820.11,4,2,0,0,2,61,40967.01,0,0.59,0,2,4,item_not_received,0
CASE-6715,1732.84,12,9,0,1,0,20,2243.72,0,0.934,0,4,2,item_not_received,0
CASE-6716,14346.84,68,3,0,1,27,36,28396.39,0,0.404,0,4,2,unauthorized,1
CASE-6717,1515.23,47,3,1,0,5,10,3220.34,0,0.616,0,3,3,defective,0
CASE-6718,18260.43,14,4,2,1,14,26,44780.19,0,0.705,1,6,0,item_not_received,0
CASE-6719,9078.14,18,1,0,1,7,3,22299.03,11,0.177,0,6,0,unauthorized,1
CASE-6720,1155.28,4,3,1,1,9,13,877.65,3,0.367,0,5,1,item_not_received,1
CASE-6721,123858.38,3,0,2,0,11,58,302274.03,2,0.096,0,1,5,defective,0
CASE-6722,17627.78,3,8,0,0,0,3,17215.24,9,1.0,0,1,5,item_not_received,0
CASE-6723,534.47,31,2,0,1,0,7,817.86,4,0.256,2,5,1,item_not_received,1
CASE-6724,7089.17,13,0,2,1,4,75,8684.34,3,0.214,0,5,1,unauthorized,0
CASE-6725,1330.51,1,0,3,1,4,3,2187.72,0,0.078,0,4,2,duplicate,1
CASE-6726,1235.97,7,1,2,0,23,2,1729.46,14,0.241,0,3,3,item_not_received,0
CASE-6727,55282.76,4,2,1,1,0,3,72185.46,2,0.335,0,4,2,unauthorized,0
CASE-6728,108953.71,16,8,2,0,21,27,105092.76,0,0.695,0,3,3,unauthorized,0
CASE-6729,3367.45,1,0,2,0,3,1,3747.64,0,0.073,0,1,5,unauthorized,0
CASE-6730,1039.21,9,2,0,1,0,29,733.61,2,0.202,0,6,0,item_not_received,1
CASE-6731,1966.46,6,4,1,1,19,44,4910.95,2,0.4,0,6,0,unauthorized,0
CASE-6732,1743.44,92,0,0,0,27,4,3579.38,2,0.052,0,1,5,other,0
CASE-6733,499.38,10,2,0,0,28,41,561.12,3,0.191,0,5,1,item_not_received,0
CASE-6734,1162.61,1,0,1,0,16,6,1986.31,10,0.054,0,3,3,unauthorized,1
CASE-6735,12511.85,13,1,0,1,6,10,9984.72,1,0.442,0,3,3,duplicate,1
CASE-6736,9519.05,1,0,1,1,0,22,12058.33,1,0.066,0,5,1,other,1
CASE-6737,18619.4,61,2,0,1,27,2,5621.86,2,0.136,0,4,2,defective,1
CASE-6738,14250.87,4,0,0,1,29,14,17408.12,2,0.239,0,2,4,defective,1
CASE-6739,1482.49,20,2,0,0,25,5,1798.96,8,0.516,0,3,3,other,0
CASE-6740,76345.78,94,0,0,0,29,6,48767.25,1,0.162,1,2,4,unauthorized,0
CASE-6741,77801.93,15,7,0,1,0,10,50804.47,1,0.829,4,5,1,duplicate,0
CASE-6742,11868.34,12,0,2,1,3,27,18897.31,0,0.076,0,5,1,item_not_received,1
CASE-6743,1861.41,10,0,0,1,0,22,3437.9,4,0.354,0,5,1,defective,1
CASE-6744,2110.94,15,7,0,1,0,18,3596.22,0,0.756,0,5,1,duplicate,1
CASE-6745,7895.97,16,0,2,1,15,12,14513.35,1,0.121,1,2,4,unauthorized,1
CASE-6746,1234.3,10,4,2,0,2,14,2283.48,0,0.596,0,2,4,item_not_received,0
CASE-6747,139524.88,11,0,6,1,0,29,140990.62,7,0.195,0,5,1,item_not_received,1
CASE-6748,345.52,11,0,0,1,10,83,506.44,0,0.213,2,4,2,item_not_received,1
CASE-6749,13339.22,4,5,1,1,12,24,19525.47,1,0.76,6,5,1,defective,0
CASE-6750,471.71,11,3,0,1,0,55,419.36,0,0.372,0,4,2,item_not_received,1
CASE-6751,108982.94,92,1,5,1,0,6,139492.12,0,0.239,0,4,2,defective,0
CASE-6752,18540.45,13,2,0,1,0,2,40975.19,2,0.17,0,5,1,other,1
CASE-6753,130155.92,81,0,2,0,13,6,322230.65,6,0.194,6,3,3,unauthorized,0
CASE-6754,1935.39,6,2,0,0,23,6,3856.04,4,0.556,0,2,4,defective,1
CASE-6755,91261.27,18,0,0,0,16,56,105557.21,9,0.341,0,5,1,duplicate,0
CASE-6756,812.84,3,1,0,1,0,27,398.12,14,0.144,0,4,2,other,1
CASE-6757,2762.26,30,0,1,1,1,28,5982.16,1,0.22,0,5,1,defective,1
CASE-6758,13914.44,15,0,1,1,1,7,12105.89,0,0.208,0,5,1,defective,1
CASE-6759,13054.01,1,0,1,1,14,2,19838.38,2,0.235,0,4,2,duplicate,1
CASE-6760,13471.25,19,0,0,1,0,27,27612.38,0,0.073,1,4,2,item_not_received,1
CASE-6761,16447.78,5,4,1,1,20,18,28009.38,12,0.637,0,5,1,defective,0
CASE-6762,4756.51,45,1,0,0,19,13,7642.69,13,0.089,0,5,1,item_not_received,0
CASE-6763,147416.57,4,0,0,0,1,18,83713.68,2,0.065,0,3,3,unauthorized,0
CASE-6764,8817.15,64,5,0,0,14,55,4686.03,12,0.452,3,2,4,item_not_received,0
CASE-6765,2572.73,83,2,0,1,22,1,2020.69,5,0.294,0,6,0,item_not_received,1
CASE-6766,145989.76,4,8,0,1,0,1,43979.42,0,0.941,1,5,1,item_not_received,1
CASE-6767,78505.28,19,0,0,1,0,4,49069.09,11,0.18,0,6,0,item_not_received,1
CASE-6768,46076.27,3,0,2,1,8,72,73430.46,8,0.123,1,4,2,item_not_received,1
CASE-6769,1444.93,15,2,0,1,0,14,3006.79,4,0.474,0,4,2,defective,1
CASE-6770,408.99,6,0,0,0,24,42,578.68,1,0.166,1,2,4,item_not_received,1
CASE-6771,6860.13,3,3,1,0,20,21,15016.53,12,0.407,0,3,3,unauthorized,0
CASE-6772,271.79,2,0,0,1,0,87,137.85,2,0.237,0,4,2,defective,1
CASE-6773,58819.26,14,0,1,1,4,88,66027.37,0,0.026,5,4,2,unauthorized,1
CASE-6774,450.69,5,0,0,1,25,11,845.79,4,0.184,0,6,0,defective,1
CASE-6775,37338.71,11,4,0,1,0,37,21285.46,13,0.62,0,4,2,other,1
CASE-6776,14113.13,4,0,2,1,14,2,22901.25,3,0.099,0,3,3,item_not_received,1
CASE-6777,2218.1,59,0,0,0,29,32,3980.88,8,0.173,0,4,2,defective,0
CASE-6778,6409.37,3,0,2,1,0,68,4742.95,4,0.348,0,6,0,item_not_received,1
CASE-6779,73809.04,33,0,2,1,21,6,125051.21,0,0.146,0,4,2,other,1
CASE-6780,116686.06,3,1,0,1,0,20,220007.66,4,0.081,2,5,1,item_not_received,1
CASE-6781,1909.93,15,0,0,1,0,70,4320.03,0,0.059,1,2,4,unauthorized,0
CASE-6782,7824.59,1,4,0,1,4,8,17300.94,4,0.664,4,5,1,item_not_received,0
CASE-6783,1166.78,10,7,0,0,12,5,1121.76,4,0.756,0,4,2,unauthorized,0
CASE-6784,1996.69,7,0,0,0,1,26,4147.12,1,0.081,0,2,4,unauthorized,0
CASE-6785,1089.61,10,0,0,1,28,11,1070.63,10,0.038,0,6,0,item_not_received,1
CASE-6786,12364.29,16,3,0,1,14,6,9280.09,0,0.201,0,6,0,duplicate,1
CASE-6787,1144.29,18,2,0,0,0,6,837.98,4,0.236,1,3,3,unauthorized,0
CASE-6788,100098.81,78,2,3,1,0,1,170303.99,4,0.129,0,6,0,item_not_received,1
CASE-6789,43278.97,1,2,0,1,0,12,30137.76,4,0.307,0,6,0,item_not_received,1
CASE-6790,11673.86,1,0,1,0,3,2,14593.07,14,0.108,0,2,4,item_not_received,0
CASE-6791,1435.15,14,2,2,1,0,20,1254.92,12,0.203,0,4,2,other,1
CASE-6792,1280.41,4,0,0,0,19,18,2505.03,0,0.045,1,2,4,defective,0
CASE-6793,73091.29,46,0,2,1,26,3,142621.76,1,0.293,2,6,0,unauthorized,1
CASE-6794,1736.58,18,0,0,0,18,2,1257.53,0,0.12,0,1,5,duplicate,0
CASE-6795,1927.76,45,0,0,0,25,60,4341.72,7,0.352,0,3,3,unauthorized,0
CASE-6796,248.6,1,2,2,0,12,74,338.28,4,0.203,0,4,2,duplicate,1
CASE-6797,51732.8,3,1,0,0,22,76,30584.58,0,0.383,0,3,3,defective,0
CASE-6798,4815.34,99,0,1,1,27,8,4994.79,11,0.297,5,4,2,unauthorized,1
CASE-6799,1130.73,88,0,0,1,18,5,545.91,2,0.239,0,6,0,duplicate,1
CASE-6800,788.03,53,1,0,0,4,7,589.75,1,0.176,1,4,2,other,0
CASE-6801,1578.78,3,0,1,1,0,16,2308.74,0,0.057,0,5,1,item_not_received,1
CASE-6802,1194.52,2,0,0,1,0,26,1024.27,4,0.189,0,3,3,item_not_received,1
CASE-6803,1953.21,15,0,0,0,9,7,1500.47,3,0.307,4,2,4,defective,0
CASE-6804,11898.24,84,2,0,1,0,16,23832.18,2,0.383,2,6,0,defective,1
CASE-6805,14874.09,18,0,0,1,0,16,20835.87,5,0.162,5,5,1,other,1
CASE-6806,15325.71,1,2,0,0,28,2,21735.71,1,0.276,1,2,4,item_not_received,0
CASE-6807,787.01,48,4,0,1,0,3,1357.98,1,0.715,6,5,1,defective,0
CASE-6808,73589.6,68,1,0,1,29,58,170178.12,4,0.177,0,5,1,item_not_received,1
CASE-6809,57007.16,2,0,0,0,15,14,75139.92,12,0.165,0,4,2,unauthorized,0
CASE-6810,83925.52,70,0,0,1,0,19,152461.07,8,0.152,0,4,2,unauthorized,1
CASE-6811,2437.59,16,0,0,1,0,2,5411.48,1,0.341,6,6,0,item_not_received,1
CASE-6812,18810.9,15,0,2,1,0,6,46608.82,4,0.217,2,4,2,defective,1
CASE-6813,1586.9,4,0,1,0,28,53,2928.02,3,0.237,1,2,4,defective,0
CASE-6814,141839.27,9,3,0,1,12,80,314821.0,1,0.448,1,3,3,item_not_received,0
CASE-6815,1887.18,43,9,0,1,7,13,3000.48,0,0.722,1,4,2,item_not_received,0
CASE-6816,9585.51,19,3,0,0,5,77,4332.71,2,0.368,4,1,5,unauthorized,0
CASE-6817,72637.43,14,3,3,0,29,12,33145.5,3,0.473,4,3,3,item_not_received,0
CASE-6818,49756.64,10,0,0,0,11,1,109467.64,0,0.441,0,3,3,other,0
CASE-6819,721.7,61,1,0,0,0,20,362.45,0,0.155,3,1,5,duplicate,0
CASE-6820,1156.75,1,0,0,1,9,7,2435.67,12,0.064,0,5,1,other,1
CASE-6821,1878.49,3,0,2,1,0,14,3700.26,0,0.131,0,4,2,item_not_received,1
CASE-6822,578.22,16,1,0,1,0,10,1388.67,3,0.182,0,3,3,other,0
CASE-6823,410.05,9,0,0,1,0,41,137.49,1,0.079,0,5,1,item_not_received,1
CASE-6824,4375.34,4,0,0,0,11,1,3082.38,0,0.072,0,3,3,item_not_received,0
CASE-6825,18037.45,7,3,4,1,0,16,13183.75,2,0.278,5,5,1,defective,0
CASE-6826,1240.61,1,3,1,0,18,27,2438.77,13,0.453,0,4,2,other,0
CASE-6827,1318.96,63,0,0,1,0,1,2306.15,4,0.033,0,6,0,unauthorized,1
CASE-6828,1543.95,3,0,0,0,25,34,1379.28,4,0.252,4,4,2,item_not_received,0
CASE-6829,362.35,7,0,2,1,4,15,158.72,2,0.177,0,4,2,item_not_received,1
CASE-6830,937.35,3,0,5,1,0,5,1659.85,13,0.183,0,5,1,item_not_received,1
CASE-6831,420.98,77,3,3,1,0,2,224.85,0,0.389,1,5,1,item_not_received,1
CASE-6832,4270.25,4,0,0,1,14,4,9456.15,11,0.261,2,6,0,duplicate,1
CASE-6833,142550.25,6,9,1,1,0,20,332059.08,0,1.0,0,2,4,other,1
CASE-6834,4240.25,2,0,0,1,6,48,3950.47,1,0.018,2,6,0,item_not_received,1
CASE-6835,64230.77,2,0,0,1,4,4,151791.5,1,0.148,0,5,1,unauthorized,1
CASE-6836,765.19,12,0,4,0,25,7,1142.08,1,0.072,0,3,3,unauthorized,0
CASE-6837,41318.7,6,0,0,0,27,16,83435.37,13,0.112,0,2,4,defective,0
CASE-6838,10260.04,1,0,0,1,18,2,22328.99,0,0.103,1,4,2,other,0
CASE-6839,1138.44,26,3,0,1,0,65,1993.24,3,0.61,0,5,1,unauthorized,1
CASE-6840,74591.58,22,0,1,1,0,5,75577.74,4,0.308,4,5,1,defective,0
CASE-6841,10005.79,18,0,2,0,24,1,4672.25,3,0.294,0,2,4,item_not_received,0
CASE-6842,4476.47,2,0,0,1,0,49,9978.03,2,0.033,0,5,1,other,1
CASE-6843,16796.25,4,0,1,0,28,27,12061.13,0,0.229,1,1,5,unauthorized,0
CASE-6844,262.15,2,0,2,0,7,15,608.05,0,0.178,0,2,4,item_not_received,0
CASE-6845,927.55,4,0,2,1,0,29,2205.07,2,0.475,0,4,2,defective,0
CASE-6846,15182.48,1,0,0,1,3,56,24226.92,0,0.123,0,5,1,defective,1
CASE-6847,74997.23,14,0,0,1,28,61,60593.14,2,0.192,2,4,2,defective,0
CASE-6848,34989.91,18,0,0,1,0,34,28892.12,14,0.107,2,5,1,duplicate,1
CASE-6849,1667.02,4,0,0,0,12,12,825.84,3,0.215,5,3,3,unauthorized,0
CASE-6850,13104.3,1,2,1,1,0,17,12678.77,5,0.523,0,5,1,defective,0
CASE-6851,907.11,7,1,0,1,0,89,1953.04,8,0.3,0,6,0,defective,0
CASE-6852,13368.4,76,6,2,1,18,7,9778.76,1,0.877,1,4,2,item_not_received,1
CASE-6853,1039.86,2,3,6,1,0,87,1268.03,0,0.332,3,5,1,unauthorized,0
CASE-6854,21856.69,4,0,1,1,0,1,31590.67,0,0.149,1,4,2,other,1
CASE-6855,1992.47,17,0,0,0,27,6,3116.61,4,0.333,0,2,4,item_not_received,0
CASE-6856,272.52,17,0,0,0,26,45,538.02,1,0.213,0,2,4,defective,0
CASE-6857,110861.51,77,1,6,1,16,3,199294.02,14,0.282,2,6,0,unauthorized,0
CASE-6858,14136.53,6,1,1,1,0,3,9622.49,2,0.406,1,5,1,other,1
CASE-6859,1663.03,55,0,0,0,29,26,1281.24,3,0.088,0,3,3,defective,0
CASE-6860,890.2,3,3,0,1,25,5,1369.83,4,0.297,0,6,0,duplicate,0
CASE-6861,1569.38,3,2,0,1,15,4,857.92,13,0.39,0,4,2,item_not_received,1
CASE-6862,16973.04,19,0,0,1,17,7,41598.66,4,0.177,0,5,1,other,1
CASE-6863,1964.86,6,2,0,1,0,22,2742.46,1,0.321,0,5,1,item_not_received,1
CASE-6864,974.25,18,0,0,1,3,2,1112.56,5,0.067,0,5,1,unauthorized,1
CASE-6865,53910.53,10,0,0,1,15,12,88466.3,5,0.075,0,4,2,duplicate,1
CASE-6866,86904.71,5,0,0,1,0,2,137407.79,1,0.095,1,5,1,defective,1
CASE-6867,698.65,4,0,0,1,0,25,802.71,12,0.34,0,6,0,item_not_received,1
CASE-6868,1724.85,4,1,0,0,1,21,808.86,0,0.451,0,3,3,unauthorized,1
CASE-6869,16733.73,18,7,0,1,0,5,29923.71,0,1.0,0,5,1,item_not_received,1
CASE-6870,85775.52,4,3,1,0,6,22,135141.6,3,0.631,1,4,2,duplicate,0
CASE-6871,2671.56,78,0,0,0,20,2,3510.99,8,0.087,4,4,2,defective,0
CASE-6872,92344.35,5,9,0,1,0,1,191632.51,0,1.0,0,5,1,unauthorized,0
CASE-6873,301.75,23,0,0,1,0,12,715.14,3,0.206,0,4,2,item_not_received,1
CASE-6874,905.61,14,0,0,1,28,22,1053.27,4,0.254,0,6,0,defective,1
CASE-6875,17017.93,19,0,0,1,29,28,31805.81,0,0.068,0,4,2,item_not_received,1
CASE-6876,18883.13,11,5,0,1,25,25,43442.47,2,0.725,1,5,1,defective,1
CASE-6877,53612.88,8,0,0,1,0,9,126864.34,12,0.303,0,5,1,unauthorized,1
CASE-6878,590.31,2,3,0,1,0,49,1231.6,2,0.414,0,4,2,unauthorized,1
CASE-6879,10910.07,1,0,0,1,0,2,19618.25,9,0.123,0,2,4,unauthorized,1
CASE-6880,9761.83,18,2,0,1,0,46,23230.85,1,0.573,2,5,1,unauthorized,0
CASE-6881,133216.24,24,9,0,1,0,26,107492.61,2,1.0,1,3,3,unauthorized,0
CASE-6882,915.12,95,0,0,0,2,5,1667.06,0,0.205,2,3,3,unauthorized,0
CASE-6883,6348.03,18,0,2,1,20,24,3376.12,10,0.057,0,5,1,item_not_received,1
CASE-6884,11344.67,11,0,3,0,5,16,10384.28,12,0.258,2,2,4,item_not_received,0
CASE-6885,12176.11,26,0,5,1,24,5,9606.99,0,0.37,1,3,3,defective,1
CASE-6886,7531.61,32,3,0,1,0,7,4484.13,4,0.31,0,6,0,unauthorized,1
CASE-6887,841.93,15,0,0,1,27,11,2074.85,4,0.188,2,6,0,item_not_received,1
CASE-6888,13922.52,2,0,4,1,26,17,15467.92,4,0.243,0,5,1,item_not_received,1
CASE-6889,18105.92,1,0,0,1,0,10,33297.46,0,0.143,0,3,3,item_not_received,1
CASE-6890,2013.83,3,0,1,1,0,29,3240.15,4,0.046,0,6,0,duplicate,1
CASE-6891,14091.95,10,8,0,0,1,10,14449.53,2,1.0,0,2,4,duplicate,0
CASE-6892,229.92,22,2,2,1,8,24,273.88,1,0.342,0,3,3,unauthorized,1
CASE-6893,10582.43,17,0,2,1,0,55,15147.47,1,0.35,0,3,3,item_not_received,1
CASE-6894,374.01,2,0,0,1,0,3,342.32,2,0.044,0,4,2,duplicate,1
CASE-6895,31107.7,11,1,5,1,0,21,30957.11,3,0.395,0,4,2,item_not_received,0
CASE-6896,51163.22,4,7,0,0,23,72,22357.12,4,0.597,0,3,3,unauthorized,0
CASE-6897,1382.3,3,1,0,1,0,22,2539.63,3,0.082,0,3,3,defective,0
CASE-6898,8949.07,4,2,0,1,29,53,19623.36,0,0.25,1,5,1,item_not_received,1
CASE-6899,127833.46,76,0,1,1,18,21,204142.02,0,0.046,0,5,1,unauthorized,1
CASE-6900,18123.48,6,3,3,1,19,18,20492.24,9,0.533,0,6,0,item_not_received,1
CASE-6901,1937.8,13,0,1,0,17,6,4191.71,12,0.17,0,2,4,duplicate,1
CASE-6902,683.34,3,0,1,1,24,11,763.17,2,0.157,1,3,3,unauthorized,1
CASE-6903,333.08,52,0,0,1,21,6,440.59,4,0.06,0,6,0,item_not_received,1
CASE-6904,57165.9,7,5,1,1,0,27,24336.59,1,0.343,1,3,3,other,0
CASE-6905,7690.45,33,2,0,0,20,32,9375.73,9,0.503,1,4,2,unauthorized,0
CASE-6906,3660.65,18,0,0,1,0,1,1472.86,0,0.085,0,5,1,defective,1
CASE-6907,6171.24,3,0,0,1,0,11,7911.19,3,0.24,0,4,2,unauthorized,0
CASE-6908,710.82,30,2,0,1,0,63,1774.44,0,0.603,0,6,0,unauthorized,0
CASE-6909,149302.59,3,0,1,0,28,15,369003.89,4,0.112,0,5,1,defective,0
CASE-6910,9534.88,12,5,0,0,0,81,5419.61,3,0.724,2,2,4,unauthorized,0
CASE-6911,12925.29,5,4,0,1,27,35,22367.44,4,0.43,1,4,2,item_not_received,1
CASE-6912,49693.48,1,1,0,1,0,33,25507.8,3,0.227,1,3,3,unauthorized,1
CASE-6913,966.69,4,1,0,0,3,3,1520.23,2,0.072,2,2,4,unauthorized,0
CASE-6914,19516.02,4,0,0,0,1,19,8829.58,0,0.016,2,3,3,item_not_received,0
CASE-6915,4855.16,16,2,0,1,0,13,3731.42,0,0.373,0,4,2,other,1
CASE-6916,4992.5,8,1,2,0,15,16,3304.89,0,0.103,2,4,2,defective,0
CASE-6917,13883.21,19,7,1,1,28,7,5464.38,4,0.803,1,4,2,item_not_received,1
CASE-6918,15388.43,2,0,0,1,11,7,31435.55,0,0.163,0,4,2,unauthorized,1
CASE-6919,56393.32,4,0,1,1,0,25,27942.71,11,0.122,0,3,3,item_not_received,1
CASE-6920,454.36,9,0,4,1,15,3,310.88,4,0.268,0,6,0,unauthorized,1
CASE-6921,17194.76,3,9,0,1,6,1,19209.75,14,1.0,4,5,1,item_not_received,1
CASE-6922,8604.28,2,0,0,1,28,20,5094.42,0,0.191,0,3,3,unauthorized,0
CASE-6923,413.39,8,0,2,0,14,5,392.75,0,0.116,0,1,5,item_not_received,0
CASE-6924,32561.94,6,3,0,1,11,11,81326.73,6,0.335,1,6,0,item_not_received,1
CASE-6925,74949.9,3,0,0,0,29,28,58902.43,1,0.025,0,3,3,item_not_received,0
CASE-6926,64428.27,19,0,0,1,2,9,80233.78,4,0.195,3,5,1,item_not_received,1
CASE-6927,783.55,15,0,7,1,0,26,951.11,0,0.118,2,5,1,item_not_received,1
CASE-6928,726.72,6,0,0,1,18,9,1180.45,0,0.065,6,6,0,defective,1
CASE-6929,1702.18,2,0,1,1,0,11,2233.75,4,0.168,0,6,0,item_not_received,1
CASE-6930,85307.07,16,0,0,0,11,4,182867.96,4,0.012,2,2,4,unauthorized,0
CASE-6931,1024.0,3,2,0,0,16,11,2528.24,14,0.159,6,6,0,item_not_received,0
CASE-6932,707.12,17,0,0,1,0,87,1350.56,2,0.106,3,5,1,defective,1
CASE-6933,7457.27,4,0,1,1,0,23,16563.47,14,0.167,1,2,4,item_not_received,1
CASE-6934,103246.92,14,0,2,1,25,20,157581.73,0,0.316,0,4,2,item_not_received,1
CASE-6935,1648.75,17,1,0,1,0,6,3188.63,7,0.268,0,6,0,item_not_received,1
CASE-6936,1996.95,2,0,0,1,13,23,2522.59,1,0.105,2,5,1,item_not_received,1
CASE-6937,1604.86,2,0,2,1,0,8,3486.64,7,0.095,1,2,4,item_not_received,0
CASE-6938,1273.81,3,8,0,0,10,4,2463.6,0,1.0,0,3,3,item_not_received,0
CASE-6939,258.61,15,0,0,1,0,23,228.69,3,0.542,0,5,1,item_not_received,1
CASE-6940,1789.48,14,0,0,1,0,29,3177.3,3,0.451,0,4,2,unauthorized,1
CASE-6941,1320.83,27,3,0,1,0,18,2970.06,11,0.566,1,6,0,other,1
CASE-6942,109274.77,1,1,2,1,0,5,268347.55,2,0.341,0,6,0,unauthorized,1
CASE-6943,6199.8,67,6,0,0,27,8,15278.82,3,0.74,0,3,3,item_not_received,0
CASE-6944,131482.83,60,5,1,0,0,3,284532.76,0,0.946,2,1,5,defective,0
CASE-6945,1885.16,12,4,2,0,0,4,4021.41,2,0.621,0,2,4,defective,0
CASE-6946,119539.13,15,1,0,1,0,7,153486.05,4,0.262,1,6,0,unauthorized,0
CASE-6947,1184.81,33,3,1,0,12,1,1712.17,4,0.332,0,4,2,unauthorized,0
CASE-6948,4165.33,1,0,0,1,0,74,4737.94,4,0.231,0,5,1,defective,0
CASE-6949,607.35,6,1,0,1,0,86,948.32,0,0.403,0,6,0,unauthorized,0
CASE-6950,18178.33,62,1,0,0,10,1,18549.98,6,0.578,0,4,2,item_not_received,0
CASE-6951,12732.68,46,0,0,1,0,70,5263.04,1,0.169,0,5,1,item_not_received,0
CASE-6952,1899.93,2,1,2,1,0,5,1643.29,11,0.258,2,5,1,duplicate,0
CASE-6953,676.28,1,3,1,0,27,14,620.46,8,0.723,0,5,1,defective,0
CASE-6954,1244.56,4,4,0,1,0,18,570.82,1,0.579,0,5,1,item_not_received,1
CASE-6955,11375.84,15,0,0,1,0,77,15879.74,2,0.065,0,3,3,unauthorized,1
CASE-6956,81308.26,11,0,2,0,6,28,55157.5,1,0.104,2,3,3,duplicate,0
CASE-6957,442.87,15,0,0,1,0,51,1016.51,2,0.312,0,4,2,defective,1
CASE-6958,25561.29,50,0,1,1,0,13,31327.0,0,0.309,0,5,1,defective,1
CASE-6959,99345.27,2,0,1,1,14,21,139818.99,4,0.157,2,5,1,item_not_received,1
CASE-6960,13399.05,4,3,1,1,14,18,27845.66,4,0.107,1,5,1,unauthorized,1
CASE-6961,17997.03,8,0,2,0,2,8,37248.72,1,0.313,2,2,4,item_not_received,0
CASE-6962,19061.26,3,1,0,1,0,28,25684.68,4,0.389,0,2,4,item_not_received,1
CASE-6963,1074.41,55,1,0,0,4,29,670.85,11,0.342,0,4,2,defective,0
CASE-6964,99177.58,3,0,7,0,11,13,77902.26,3,0.236,0,4,2,unauthorized,0
CASE-6965,864.77,4,0,1,1,0,20,691.56,0,0.087,2,5,1,item_not_received,1
CASE-6966,9396.95,17,0,4,1,23,18,19042.87,1,0.29,1,4,2,item_not_received,1
CASE-6967,4182.45,51,7,0,1,9,6,5182.71,0,0.74,0,4,2,item_not_received,1
CASE-6968,13864.42,15,1,5,1,0,46,26523.33,1,0.062,0,6,0,item_not_received,1
CASE-6969,214.2,1,0,2,1,0,17,333.91,12,0.266,0,5,1,unauthorized,0
CASE-6970,327.31,30,0,0,1,23,62,529.51,4,0.369,0,5,1,unauthorized,1
CASE-6971,127925.66,3,7,0,1,0,24,263754.04,0,0.757,0,5,1,defective,1
CASE-6972,130011.06,1,0,2,1,0,57,270208.46,3,0.049,5,3,3,defective,0
CASE-6973,1648.6,3,1,0,1,13,86,1357.56,3,0.28,0,6,0,unauthorized,0
CASE-6974,10222.08,2,1,0,1,8,9,18531.11,2,0.137,0,3,3,item_not_received,1
CASE-6975,456.89,10,0,0,1,28,2,688.29,2,0.207,6,4,2,item_not_received,1
CASE-6976,468.23,83,3,0,1,0,18,566.99,4,0.625,0,5,1,item_not_received,1
CASE-6977,19254.89,19,3,2,1,19,3,34657.71,0,0.482,0,4,2,unauthorized,0
CASE-6978,1263.77,3,0,0,0,23,82,1117.94,11,0.192,2,4,2,defective,0
CASE-6979,283.7,10,0,0,1,0,70,683.6,4,0.112,2,5,1,item_not_received,0
CASE-6980,48867.68,16,7,1,0,20,11,71907.39,3,0.858,0,3,3,defective,0
CASE-6981,1495.61,21,0,2,0,25,6,2253.52,6,0.265,0,2,4,item_not_received,0
CASE-6982,969.38,60,7,0,1,0,21,2069.99,0,0.816,2,5,1,item_not_received,1
CASE-6983,724.97,1,0,0,1,0,50,938.15,0,0.103,0,5,1,duplicate,1
CASE-6984,13325.48,89,3,1,1,9,2,31166.8,0,0.276,0,4,2,item_not_received,1
CASE-6985,1280.6,1,4,0,1,16,81,3158.1,4,0.733,0,5,1,item_not_received,1
CASE-6986,315.59,35,6,1,1,0,1,302.8,1,0.778,3,6,0,item_not_received,1
CASE-6987,13494.74,13,0,0,1,0,22,18669.68,1,0.284,0,3,3,defective,0
CASE-6988,1614.02,1,2,0,1,0,15,520.89,3,0.441,0,4,2,defective,1
CASE-6989,701.8,15,0,0,0,23,20,1695.48,9,0.18,2,4,2,item_not_received,0
CASE-6990,79527.37,15,3,0,1,0,17,119093.41,0,0.371,0,3,3,item_not_received,1
CASE-6991,8960.82,13,0,2,0,4,12,22392.73,4,0.154,2,4,2,item_not_received,0
CASE-6992,1769.98,2,3,0,0,13,21,2882.0,0,0.557,0,3,3,unauthorized,0
CASE-6993,101974.62,18,8,4,1,0,29,44550.04,8,1.0,0,5,1,other,0
CASE-6994,5380.49,2,0,0,1,10,6,7252.01,0,0.077,0,3,3,unauthorized,1
CASE-6995,2097.22,2,2,0,1,0,3,2891.21,0,0.165,0,4,2,item_not_received,1
CASE-6996,1411.79,58,3,3,1,0,57,2090.86,11,0.401,3,5,1,defective,0
CASE-6997,19926.09,10,4,6,1,0,16,40749.54,0,0.289,6,4,2,item_not_received,1
CASE-6998,1932.92,38,0,0,1,0,4,1857.48,3,0.208,5,5,1,item_not_received,1
CASE-6999,358.66,93,9,0,1,29,13,843.94,1,0.914,0,5,1,item_not_received,1
CASE-7000,130492.89,1,0,0,1,0,13,293935.86,4,0.306,0,5,1,other,1
CASE-7001,1312.72,9,5,0,0,6,23,475.13,4,0.689,0,2,4,unauthorized,0
CASE-7002,14968.77,2,0,0,0,2,12,26497.74,0,0.386,0,2,4,item_not_received,0
CASE-7003,364.0,68,0,1,0,8,16,657.45,0,0.166,5,1,5,defective,0
CASE-7004,117934.51,10,0,5,1,2,4,265604.99,2,0.042,0,4,2,item_not_received,1
CASE-7005,11473.63,10,0,1,1,9,65,15316.95,0,0.078,0,4,2,item_not_received,0
CASE-7006,1079.89,1,2,1,1,0,28,1308.47,8,0.32,0,5,1,unauthorized,1
CASE-7007,142112.98,4,5,0,1,0,24,184157.12,1,0.368,0,4,2,unauthorized,1
CASE-7008,71562.6,1,0,0,1,0,27,96636.72,8,0.251,4,3,3,unauthorized,0
CASE-7009,9013.62,72,7,2,0,1,20,16358.34,13,0.961,0,4,2,item_not_received,0
CASE-7010,436.98,21,2,2,1,1,3,318.61,4,0.312,0,5,1,unauthorized,0
CASE-7011,1860.31,8,1,1,0,14,2,1868.78,0,0.218,1,3,3,duplicate,0
CASE-7012,67404.64,17,0,2,1,0,39,50308.39,4,0.151,0,5,1,other,1
CASE-7013,612.76,9,0,0,1,0,7,1141.93,1,0.194,4,4,2,item_not_received,1
CASE-7014,47093.06,1,1,0,1,14,5,92474.53,3,0.294,0,5,1,item_not_received,1
CASE-7015,1578.05,17,6,0,0,20,5,1959.14,6,0.731,2,3,3,unauthorized,0
CASE-7016,9641.45,1,5,1,0,2,4,22477.58,2,0.503,0,4,2,item_not_received,0
CASE-7017,1591.13,17,0,1,0,26,11,1852.38,3,0.138,0,4,2,unauthorized,0
CASE-7018,11525.83,1,3,0,1,0,5,3707.81,0,0.37,6,5,1,item_not_received,1
CASE-7019,17717.48,56,2,1,1,0,6,28692.08,1,0.295,0,3,3,unauthorized,1
CASE-7020,107404.54,10,2,0,1,0,54,135844.57,11,0.188,0,4,2,item_not_received,1
CASE-7021,4285.6,2,3,6,1,6,5,9357.58,0,0.457,0,3,3,item_not_received,0
CASE-7022,417.61,24,0,1,1,23,1,211.58,3,0.153,3,5,1,item_not_received,1
CASE-7023,1737.5,7,0,1,1,0,28,3994.68,0,0.041,0,5,1,duplicate,0
CASE-7024,1607.06,1,0,0,0,3,3,1646.02,10,0.371,1,1,5,duplicate,0
CASE-7025,17213.03,1,0,0,0,14,14,10861.96,8,0.058,2,4,2,unauthorized,1
CASE-7026,445.91,26,1,0,0,22,28,810.05,0,0.149,0,4,2,item_not_received,0
CASE-7027,1692.62,15,6,0,1,10,10,930.48,0,0.582,0,5,1,item_not_received,1
CASE-7028,2450.14,6,2,2,0,7,18,2385.76,0,0.326,0,2,4,item_not_received,0
CASE-7029,20270.69,62,0,0,0,5,7,35449.09,0,0.198,6,3,3,duplicate,0
CASE-7030,11394.09,18,0,1,1,0,24,21253.56,2,0.256,2,4,2,other,1
CASE-7031,9995.18,18,1,4,1,19,26,20965.43,0,0.241,0,5,1,defective,0
CASE-7032,142602.64,52,1,0,1,8,12,165637.47,6,0.404,0,5,1,item_not_received,1
CASE-7033,39600.56,35,1,0,0,8,6,84236.28,8,0.457,0,2,4,item_not_received,0
CASE-7034,262.34,15,4,2,1,0,4,116.26,2,0.705,0,1,5,other,0
CASE-7035,73205.83,15,0,0,0,29,23,160042.18,4,0.326,0,5,1,duplicate,0
CASE-7036,1135.43,2,0,0,1,0,14,560.42,2,0.26,0,5,1,duplicate,1
CASE-7037,30327.62,48,3,1,0,19,3,18376.68,5,0.308,0,4,2,unauthorized,0
CASE-7038,1165.31,5,0,0,1,0,8,2753.49,7,0.178,0,4,2,item_not_received,1
CASE-7039,2156.26,3,0,0,0,12,68,4871.53,3,0.139,4,1,5,other,0
CASE-7040,1496.98,19,1,7,1,27,28,1525.04,4,0.364,0,6,0,duplicate,0
CASE-7041,139041.29,13,9,0,1,0,12,219415.93,4,0.599,0,5,1,item_not_received,1
CASE-7042,1944.49,19,2,1,1,2,4,4833.99,13,0.19,0,6,0,item_not_received,1
CASE-7043,139163.47,2,0,0,0,9,44,53268.11,0,0.138,3,3,3,defective,0
CASE-7044,2536.25,99,0,2,1,0,1,3991.82,0,0.048,2,5,1,defective,1
CASE-7045,403.74,16,0,4,1,0,28,315.12,1,0.271,0,4,2,unauthorized,0
CASE-7046,136572.48,20,0,1,1,0,24,180867.81,2,0.337,0,5,1,duplicate,1
CASE-7047,6367.03,2,7,0,1,0,26,15654.12,3,0.731,0,3,3,unauthorized,0
CASE-7048,8579.0,1,1,6,1,1,11,4193.89,0,0.079,0,5,1,item_not_received,1
CASE-7049,1722.78,9,3,1,1,0,4,3702.79,0,0.376,2,4,2,defective,0
CASE-7050,461.83,3,0,1,1,0,81,1098.5,1,0.055,0,4,2,duplicate,1
CASE-7051,42414.87,19,0,0,0,16,5,83961.58,14,0.313,5,5,1,unauthorized,0
CASE-7052,12007.83,13,0,0,0,1,5,11722.14,9,0.249,0,4,2,item_not_received,0
CASE-7053,104272.55,19,0,0,1,18,3,98923.68,2,0.146,0,4,2,item_not_received,1
CASE-7054,1992.18,3,4,2,0,9,11,2093.75,2,0.526,0,2,4,duplicate,0
CASE-7055,147784.58,4,4,0,0,7,89,176108.2,1,0.59,1,3,3,item_not_received,0
CASE-7056,84989.44,4,2,2,1,1,18,208551.06,8,0.534,5,6,0,item_not_received,1
CASE-7057,145813.06,16,0,0,1,29,3,51193.76,2,0.15,0,4,2,item_not_received,1
CASE-7058,503.41,11,6,3,0,20,20,734.79,1,0.726,0,1,5,item_not_received,0
CASE-7059,388.74,2,0,1,1,16,20,227.98,1,0.091,0,4,2,duplicate,1
CASE-7060,10003.21,14,3,4,0,9,3,15281.49,5,0.266,0,2,4,item_not_received,0
CASE-7061,1032.65,88,0,1,1,0,16,2067.42,0,0.032,0,2,4,unauthorized,1
CASE-7062,2189.75,29,0,1,0,23,4,1437.99,2,0.178,1,4,2,duplicate,0
CASE-7063,635.66,95,0,0,1,29,1,1241.14,4,0.203,0,4,2,unauthorized,1
CASE-7064,729.28,5,0,0,1,0,55,1657.84,4,0.035,2,5,1,defective,0
CASE-7065,3666.7,2,0,0,1,14,48,7210.63,4,0.135,0,5,1,other,1
CASE-7066,14963.44,4,3,2,0,20,8,25055.54,0,0.245,0,2,4,defective,0
CASE-7067,3219.03,21,0,0,1,19,12,4365.15,5,0.153,1,3,3,item_not_received,1
CASE-7068,1636.68,14,1,0,1,0,5,1204.57,0,0.109,4,5,1,item_not_received,1
CASE-7069,13167.25,4,2,5,0,19,7,25228.42,2,0.388,1,3,3,item_not_received,0
CASE-7070,54665.21,76,1,6,1,0,12,54323.6,2,0.329,0,5,1,unauthorized,1
CASE-7071,1920.39,80,0,1,0,7,28,1734.83,4,0.241,0,3,3,unauthorized,0
CASE-7072,93971.47,74,3,1,1,0,17,139257.74,2,0.193,2,3,3,unauthorized,0
CASE-7073,8942.47,3,3,0,0,10,66,13981.52,5,0.219,0,1,5,duplicate,0
CASE-7074,476.66,39,0,7,0,11,12,207.9,10,0.122,6,3,3,defective,0
CASE-7075,1358.81,1,2,6,0,28,5,2182.04,3,0.381,2,4,2,defective,0
CASE-7076,1241.16,16,0,3,1,0,14,479.15,5,0.251,0,6,0,defective,0
CASE-7077,52206.71,19,8,0,1,0,24,122181.51,2,0.718,0,4,2,defective,0
CASE-7078,697.38,9,3,1,1,4,76,1643.97,1,0.261,5,4,2,item_not_received,0
CASE-7079,11157.55,19,6,0,1,0,2,11760.03,0,0.812,0,2,4,item_not_received,0
CASE-7080,1522.83,4,0,0,1,1,1,2738.89,1,0.152,0,4,2,duplicate,1
CASE-7081,19472.82,16,1,2,1,2,64,32121.87,2,0.155,0,4,2,item_not_received,1
CASE-7082,1677.15,1,3,0,0,6,14,585.79,4,0.412,0,4,2,other,0
CASE-7083,1809.45,19,6,1,1,0,24,1982.25,8,0.554,0,4,2,duplicate,0
CASE-7084,11477.24,2,9,0,1,0,8,18917.99,4,0.968,2,5,1,defective,0
CASE-7085,18889.98,4,3,0,0,10,38,33638.48,7,0.486,0,5,1,item_not_received,0
CASE-7086,24778.48,3,6,2,1,0,24,45917.01,1,1.0,2,4,2,unauthorized,0
CASE-7087,746.55,1,0,0,1,0,29,941.74,6,0.307,0,6,0,defective,1
CASE-7088,96968.13,17,0,2,1,2,26,138802.05,2,0.24,3,5,1,other,1
CASE-7089,1951.43,4,0,4,0,28,2,1695.83,2,0.12,4,2,4,defective,0
CASE-7090,14779.27,63,2,1,1,0,2,7731.15,0,0.463,1,3,3,unauthorized,1
CASE-7091,12783.37,30,0,0,1,14,16,4221.72,1,0.171,0,4,2,defective,1
CASE-7092,140169.32,5,4,0,0,25,54,132250.96,1,0.496,0,5,1,item_not_received,1
CASE-7093,1528.87,46,2,0,0,26,25,2016.82,3,0.165,0,2,4,item_not_received,1
CASE-7094,1093.36,1,0,0,1,0,3,1456.4,0,0.213,2,5,1,duplicate,1
CASE-7095,75634.52,29,0,0,1,20,18,65783.62,5,0.176,0,6,0,item_not_received,1
CASE-7096,36453.62,4,0,0,1,0,28,36536.4,8,0.121,0,6,0,defective,1
CASE-7097,8482.72,3,0,0,1,5,14,19268.83,2,0.037,0,5,1,unauthorized,1
CASE-7098,1123.6,18,0,1,0,15,11,703.85,12,0.215,6,4,2,other,0
CASE-7099,24667.63,13,0,1,1,18,63,22775.98,4,0.441,0,5,1,other,0
CASE-7100,734.75,15,0,0,0,29,39,1239.0,3,0.158,2,2,4,defective,0
CASE-7101,7233.99,18,0,0,1,0,29,16063.5,4,0.227,0,4,2,item_not_received,1
CASE-7102,7399.02,1,3,3,1,0,15,7187.82,0,0.609,2,5,1,defective,0
CASE-7103,397.5,3,7,4,1,0,4,146.69,2,0.66,0,2,4,item_not_received,1
CASE-7104,86681.75,11,0,0,1,0,5,95004.51,12,0.103,6,4,2,unauthorized,1
CASE-7105,1934.42,2,1,0,1,0,9,1282.51,0,0.195,0,5,1,item_not_received,1
CASE-7106,138700.41,3,1,0,1,8,65,330539.65,5,0.46,0,6,0,unauthorized,1
CASE-7107,67915.9,47,8,5,1,0,25,149720.76,8,0.833,0,4,2,unauthorized,0
CASE-7108,874.14,38,0,0,0,1,18,1895.0,0,0.237,0,3,3,duplicate,0
CASE-7109,6035.25,6,2,2,1,0,69,10551.23,4,0.17,0,6,0,unauthorized,1
CASE-7110,31695.02,5,0,0,1,0,3,59660.06,1,0.113,0,5,1,unauthorized,1
CASE-7111,605.46,15,1,0,1,23,2,645.59,1,0.169,0,6,0,unauthorized,0
CASE-7112,315.01,64,8,0,0,24,5,485.43,13,1.0,0,4,2,other,0
CASE-7113,1306.47,3,0,0,1,0,26,490.53,0,0.019,2,4,2,defective,1
CASE-7114,1671.95,1,0,0,1,24,8,1601.92,8,0.158,0,3,3,item_not_received,0
CASE-7115,1462.81,21,0,0,0,1,24,2900.39,12,0.19,0,1,5,unauthorized,0
CASE-7116,32979.65,15,9,1,1,0,6,36654.89,0,0.878,0,5,1,item_not_received,0
CASE-7117,1419.65,14,0,2,1,0,1,434.04,4,0.065,0,4,2,item_not_received,1
CASE-7118,16374.83,3,3,1,1,6,17,12126.15,0,0.879,0,5,1,unauthorized,1
CASE-7119,8343.4,13,0,0,1,0,83,18567.84,2,0.191,0,4,2,unauthorized,1
CASE-7120,539.73,62,0,0,1,5,9,1181.59,1,0.1,0,4,2,other,0
CASE-7121,122791.45,2,3,0,1,0,15,63529.79,1,0.446,0,4,2,defective,0
CASE-7122,5400.2,2,1,0,0,17,21,10157.66,13,0.503,2,0,6,unauthorized,0
CASE-7123,1241.12,82,3,0,1,0,1,1472.83,4,0.662,1,5,1,item_not_received,1
CASE-7124,18757.89,1,0,2,1,10,4,35090.3,2,0.183,0,3,3,duplicate,1
CASE-7125,16832.4,7,0,2,1,0,19,37852.29,0,0.205,0,4,2,duplicate,1
CASE-7126,1888.82,6,2,0,0,14,8,4144.7,1,0.628,0,2,4,item_not_received,1
CASE-7127,90042.07,23,3,0,1,28,12,164187.92,1,0.516,1,2,4,duplicate,1
CASE-7128,18495.75,1,3,0,1,13,2,24155.18,0,0.514,0,5,1,defective,1
CASE-7129,15087.02,4,0,7,1,0,16,11356.06,10,0.06,0,3,3,item_not_received,0
CASE-7130,18291.42,2,0,2,1,0,2,15253.99,5,0.075,6,4,2,item_not_received,1
CASE-7131,10120.06,54,0,4,1,0,7,20705.74,9,0.108,0,4,2,unauthorized,1
CASE-7132,11704.35,3,3,0,1,0,89,16100.39,2,0.304,0,5,1,item_not_received,1
CASE-7133,136273.74,70,0,2,1,1,82,195179.42,2,0.026,0,5,1,other,1
CASE-7134,1478.64,3,3,2,1,0,48,676.57,13,0.209,0,5,1,other,1
CASE-7135,17357.88,30,3,1,1,0,1,25854.58,5,0.291,2,5,1,duplicate,1
CASE-7136,508.9,1,8,0,0,10,28,753.72,3,0.949,0,3,3,item_not_received,0
CASE-7137,126035.99,9,4,2,1,0,24,138246.03,10,0.305,0,6,0,item_not_received,1
CASE-7138,55604.38,8,3,0,1,0,69,75091.88,3,0.367,0,4,2,item_not_received,1
CASE-7139,1483.73,14,0,0,1,4,28,2572.93,0,0.058,0,4,2,defective,0
CASE-7140,1507.53,70,0,1,1,16,2,2764.92,2,0.244,3,6,0,unauthorized,1
CASE-7141,1282.97,47,0,0,1,25,71,2745.82,5,0.022,3,6,0,item_not_received,1
CASE-7142,259.29,2,1,2,0,3,18,311.95,4,0.155,3,2,4,item_not_received,0
CASE-7143,9906.19,28,9,0,1,2,9,16703.88,3,1.0,1,6,0,duplicate,1
CASE-7144,130187.34,87,8,2,1,28,6,279033.52,2,1.0,1,4,2,unauthorized,0
CASE-7145,9659.09,7,0,0,1,0,12,13112.41,0,0.169,0,5,1,item_not_received,1
CASE-7146,15672.86,6,0,6,1,0,36,24402.84,5,0.216,0,6,0,unauthorized,0
CASE-7147,616.23,6,0,0,0,26,22,989.39,0,0.377,0,1,5,unauthorized,0
CASE-7148,88933.93,4,2,0,1,17,38,125996.02,4,0.117,0,2,4,defective,1
CASE-7149,10530.12,17,2,2,0,25,6,21550.27,0,0.1,2,3,3,item_not_received,0
CASE-7150,2454.61,12,0,1,1,0,20,1403.03,2,0.055,0,3,3,item_not_received,1
CASE-7151,54940.31,4,2,1,1,26,10,51972.35,0,0.476,1,4,2,item_not_received,1
CASE-7152,109100.41,3,9,4,1,0,27,248576.9,0,1.0,0,5,1,item_not_received,0
CASE-7153,27988.38,18,0,0,1,0,8,52980.91,4,0.056,0,5,1,defective,1
CASE-7154,1814.15,19,0,0,1,20,26,3670.29,1,0.407,5,4,2,defective,1
CASE-7155,119854.1,13,6,2,1,7,15,243494.08,0,0.277,0,5,1,unauthorized,0
CASE-7156,255.53,4,0,0,1,13,53,241.69,0,0.242,0,5,1,item_not_received,1
CASE-7157,911.98,1,1,1,1,19,7,1367.54,0,0.205,0,5,1,duplicate,1
CASE-7158,72022.37,19,6,1,1,27,23,162637.94,2,0.617,1,4,2,defective,1
CASE-7159,6942.63,1,9,0,0,28,10,14687.24,4,0.881,0,2,4,item_not_received,0
CASE-7160,270.2,64,0,0,1,0,83,252.89,4,0.252,3,4,2,item_not_received,1
CASE-7161,1086.03,12,9,2,1,20,55,632.33,0,1.0,0,5,1,other,1
CASE-7162,4167.57,4,0,2,1,2,3,4505.53,0,0.317,0,4,2,duplicate,0
CASE-7163,1799.03,9,0,0,0,6,65,2904.83,4,0.09,0,4,2,other,1
CASE-7164,122391.2,91,1,0,1,13,1,262169.33,0,0.124,3,4,2,defective,0
CASE-7165,14143.81,16,1,0,1,28,51,20224.18,4,0.31,0,4,2,duplicate,1
CASE-7166,745.29,4,2,0,1,0,4,770.96,3,0.518,0,3,3,item_not_received,1
CASE-7167,10295.56,37,0,0,0,1,16,4208.63,0,0.313,6,1,5,unauthorized,0
CASE-7168,15017.85,3,2,0,1,0,49,9960.25,0,0.458,4,4,2,item_not_received,1
CASE-7169,745.16,7,0,0,1,26,2,1141.1,10,0.081,0,5,1,defective,1
CASE-7170,17141.68,3,1,1,1,0,8,28884.86,3,0.176,0,4,2,defective,0
CASE-7171,47226.39,9,2,0,1,0,26,78418.25,0,0.279,0,5,1,defective,1
CASE-7172,1363.07,1,1,0,1,26,3,2712.92,0,0.252,0,5,1,item_not_received,1
CASE-7173,361.7,1,0,0,1,5,26,544.56,10,0.085,1,6,0,defective,1
CASE-7174,115710.04,3,0,0,1,0,26,288165.24,4,0.098,2,5,1,duplicate,1
CASE-7175,112455.21,13,2,3,1,0,22,178902.48,9,0.47,0,4,2,defective,0
CASE-7176,315.5,1,0,2,1,17,17,677.08,0,0.286,0,4,2,defective,1
CASE-7177,11631.85,12,0,2,0,0,15,15628.87,14,0.257,0,4,2,defective,0
CASE-7178,231.19,15,1,2,1,0,10,450.86,4,0.427,4,5,1,duplicate,1
CASE-7179,1125.7,13,0,0,1,0,12,695.04,1,0.355,0,4,2,unauthorized,1
CASE-7180,894.06,32,0,1,1,0,10,1446.93,0,0.119,2,4,2,defective,0
CASE-7181,1927.02,18,0,2,1,7,57,1295.22,9,0.304,1,5,1,duplicate,1
CASE-7182,1710.67,15,0,5,1,0,80,4149.93,0,0.122,1,6,0,unauthorized,0
CASE-7183,1766.29,2,0,0,1,0,21,4242.71,11,0.054,0,5,1,other,0
CASE-7184,701.92,19,0,0,1,10,55,780.36,2,0.133,5,5,1,item_not_received,1
CASE-7185,17038.31,62,0,0,1,10,32,19586.34,0,0.113,1,5,1,item_not_received,1
CASE-7186,6657.28,56,9,0,1,8,2,10826.34,0,0.858,0,3,3,item_not_received,0
CASE-7187,1230.12,4,0,3,1,0,31,2550.78,1,0.236,2,5,1,unauthorized,0
CASE-7188,126036.18,4,0,0,0,9,36,124596.84,1,0.173,0,2,4,item_not_received,0
CASE-7189,16981.28,4,1,0,1,0,18,16358.19,1,0.188,0,5,1,defective,1
CASE-7190,1383.94,7,0,0,1,29,11,1067.1,0,0.225,0,4,2,unauthorized,0
CASE-7191,1844.37,19,1,2,1,0,1,2861.97,7,0.088,0,5,1,item_not_received,1
CASE-7192,379.51,2,0,0,1,0,36,874.76,4,0.177,0,6,0,item_not_received,1
CASE-7193,16295.96,82,5,1,1,15,56,9159.74,13,0.873,0,4,2,item_not_received,0
CASE-7194,18049.7,45,0,2,0,20,54,8588.68,2,0.172,0,2,4,other,0
CASE-7195,328.72,17,2,2,1,0,9,458.96,0,0.438,0,5,1,defective,1
CASE-7196,88436.6,17,0,2,1,19,18,105207.52,11,0.173,0,5,1,defective,1
CASE-7197,16671.47,9,4,0,0,11,6,14383.27,0,0.684,0,1,5,defective,0
CASE-7198,76598.57,2,3,0,0,25,22,137057.52,4,0.311,0,4,2,item_not_received,0
CASE-7199,1624.29,1,3,1,1,0,66,2738.22,0,0.695,0,4,2,defective,0
CASE-7200,42613.17,3,0,2,1,0,50,70829.77,2,0.11,0,4,2,other,1
CASE-7201,653.13,51,2,3,1,0,6,697.79,1,0.278,0,5,1,defective,1
CASE-7202,88154.09,1,0,0,0,5,82,202866.76,2,0.029,3,1,5,defective,0
CASE-7203,1122.66,35,3,0,0,17,1,1479.65,2,0.334,0,2,4,item_not_received,0
CASE-7204,8721.65,5,2,3,1,0,55,7841.28,0,0.124,0,4,2,item_not_received,1
CASE-7205,2849.05,17,0,1,1,28,64,1225.17,0,0.141,0,4,2,unauthorized,1
CASE-7206,6457.5,1,2,0,0,23,12,15908.86,4,0.426,1,3,3,duplicate,0
CASE-7207,1531.91,41,0,2,0,25,3,830.89,0,0.152,0,4,2,unauthorized,0
CASE-7208,3123.51,95,3,0,1,0,5,6037.51,4,0.492,0,5,1,other,1
CASE-7209,147191.17,12,0,0,1,0,2,124318.87,1,0.135,6,4,2,unauthorized,1
CASE-7210,149701.13,10,0,1,1,5,4,202919.19,9,0.284,0,5,1,item_not_received,1
CASE-7211,748.02,3,0,0,1,0,20,981.66,1,0.109,2,5,1,unauthorized,1
CASE-7212,1310.38,4,1,0,1,20,49,2544.74,4,0.064,0,6,0,item_not_received,1
CASE-7213,16506.01,33,0,0,1,0,5,38806.14,2,0.253,1,5,1,duplicate,1
CASE-7214,530.09,88,0,0,1,3,13,1011.98,9,0.183,2,5,1,unauthorized,1
CASE-7215,86498.8,1,1,4,1,25,29,168271.51,3,0.125,0,3,3,unauthorized,0
CASE-7216,68426.66,9,0,0,0,14,1,107566.94,7,0.211,5,5,1,duplicate,0
CASE-7217,1121.41,12,3,7,1,0,86,564.95,9,0.269,0,3,3,duplicate,0
CASE-7218,1449.93,2,0,0,1,0,12,1311.83,10,0.062,0,6,0,unauthorized,1
CASE-7219,1913.14,4,0,0,1,0,13,978.58,2,0.155,0,5,1,unauthorized,1
CASE-7220,30799.1,4,0,0,1,29,1,72866.22,4,0.155,0,6,0,unauthorized,1
CASE-7221,710.51,14,4,0,0,0,17,1138.14,3,0.407,2,3,3,item_not_received,0
CASE-7222,67265.82,4,0,1,0,7,17,63975.63,0,0.315,1,2,4,defective,0
CASE-7223,885.56,82,1,0,0,19,4,1078.87,0,0.359,0,1,5,duplicate,0
CASE-7224,7316.94,27,0,2,1,0,6,5516.34,0,0.232,1,5,1,item_not_received,1
CASE-7225,1758.45,1,3,0,0,19,16,3410.99,1,0.457,1,1,5,other,1
CASE-7226,4790.04,3,3,0,0,6,5,2206.51,0,0.278,6,1,5,other,0
CASE-7227,9983.23,6,0,0,0,9,6,18617.83,2,0.201,1,3,3,defective,0
CASE-7228,19438.73,32,0,0,0,9,86,16510.94,7,0.122,0,4,2,unauthorized,0
CASE-7229,13861.32,13,0,1,0,29,4,9223.07,6,0.11,0,3,3,item_not_received,0
CASE-7230,213.75,2,1,2,1,7,15,298.79,4,0.072,0,6,0,other,1
CASE-7231,149133.5,16,3,0,1,0,9,332325.59,1,0.413,0,5,1,item_not_received,1
CASE-7232,96112.14,91,3,0,1,0,4,36230.71,4,0.348,0,5,1,unauthorized,1
CASE-7233,14258.38,9,0,0,0,16,6,29451.37,9,0.176,1,1,5,unauthorized,0
CASE-7234,104277.54,7,0,2,1,0,19,52679.95,13,0.323,2,5,1,unauthorized,1
CASE-7235,11244.54,14,0,0,0,7,1,19935.02,2,0.085,2,3,3,other,0
CASE-7236,999.22,1,0,2,0,3,50,1577.75,0,0.14,2,4,2,unauthorized,0
CASE-7237,717.12,3,0,0,0,15,4,1417.05,1,0.257,0,1,5,defective,0
CASE-7238,148282.49,79,1,0,0,13,10,75999.63,4,0.486,0,2,4,item_not_received,0
CASE-7239,1571.38,4,0,0,1,19,1,722.11,4,0.035,0,4,2,other,1
CASE-7240,18903.49,14,4,0,0,15,26,28916.27,3,0.466,0,2,4,item_not_received,0
CASE-7241,8108.53,2,0,4,0,9,3,16228.81,8,0.263,0,5,1,duplicate,0
CASE-7242,545.12,18,9,0,1,0,2,1091.95,7,1.0,0,5,1,item_not_received,1
CASE-7243,19474.08,40,3,0,1,4,2,27143.44,0,0.609,0,5,1,defective,0
CASE-7244,44507.13,2,3,0,0,21,27,99283.37,2,0.339,1,3,3,defective,0
CASE-7245,1481.54,75,0,2,1,0,1,1589.12,3,0.173,2,5,1,defective,1
CASE-7246,137672.63,15,3,0,1,0,19,184867.28,0,0.656,2,4,2,unauthorized,0
CASE-7247,47056.14,48,3,2,1,0,6,22129.02,2,0.176,0,5,1,item_not_received,1
CASE-7248,17761.58,15,1,7,1,23,25,20055.86,0,0.254,4,5,1,item_not_received,0
CASE-7249,1538.87,9,0,0,0,28,4,1786.76,2,0.206,1,4,2,unauthorized,0
CASE-7250,95432.72,8,2,0,0,29,3,63872.86,0,0.3,0,2,4,unauthorized,1
CASE-7251,17096.13,11,7,0,0,2,16,11354.99,4,0.861,0,4,2,defective,0
CASE-7252,12215.52,39,0,0,0,9,15,21925.95,1,0.042,1,2,4,item_not_received,0
CASE-7253,14564.44,9,0,0,0,15,20,10233.19,7,0.073,0,2,4,defective,0
CASE-7254,11548.12,1,4,1,1,0,62,25477.43,0,0.806,0,5,1,defective,1
CASE-7255,4918.84,54,3,7,0,6,26,11031.77,3,0.863,1,2,4,defective,0
CASE-7256,624.44,13,0,0,0,15,19,1378.54,5,0.411,0,5,1,defective,0
CASE-7257,6467.07,9,3,0,0,20,3,10112.29,0,0.622,1,2,4,defective,0
CASE-7258,18125.65,2,0,0,1,0,5,13487.68,2,0.121,0,5,1,defective,1
CASE-7259,9707.75,47,0,1,1,14,21,5714.24,3,0.072,1,4,2,defective,1
CASE-7260,16482.67,10,0,0,0,3,8,8830.23,0,0.125,0,2,4,unauthorized,0
CASE-7261,14780.77,17,0,2,1,16,20,31851.14,0,0.036,0,4,2,item_not_received,1
CASE-7262,16338.77,13,0,0,0,3,19,13731.38,1,0.123,0,3,3,defective,1
CASE-7263,30775.52,11,1,0,1,0,20,18221.5,2,0.281,1,4,2,item_not_received,1
CASE-7264,42098.76,13,0,0,1,7,5,66980.69,0,0.301,1,4,2,duplicate,1
CASE-7265,779.94,3,1,0,1,0,89,1879.44,3,0.05,0,5,1,defective,0
CASE-7266,5360.76,29,8,0,1,0,6,3284.1,11,0.748,0,6,0,defective,1
CASE-7267,119070.09,4,9,0,0,25,20,252660.28,10,1.0,0,4,2,unauthorized,0
CASE-7268,138692.43,18,3,0,1,18,16,156951.71,0,0.433,0,4,2,item_not_received,1
CASE-7269,12688.63,2,0,0,0,29,4,14153.5,0,0.228,0,4,2,item_not_received,0
CASE-7270,332.22,3,0,0,1,0,6,619.74,2,0.007,0,6,0,item_not_received,1
CASE-7271,1517.25,1,7,0,0,17,25,725.38,8,0.524,0,6,0,item_not_received,0
CASE-7272,9197.84,9,1,1,1,13,27,4084.26,4,0.258,2,6,0,defective,1
CASE-7273,764.01,38,0,7,1,10,13,915.04,2,0.26,6,5,1,item_not_received,1
CASE-7274,382.43,1,2,1,0,11,71,552.01,12,0.544,0,1,5,duplicate,0
CASE-7275,14037.76,14,0,0,1,22,28,8901.72,0,0.093,1,5,1,item_not_received,1
CASE-7276,10535.36,18,0,2,1,0,9,16240.28,0,0.144,1,5,1,duplicate,1
CASE-7277,6164.25,66,3,2,1,0,24,6946.35,0,0.261,0,6,0,unauthorized,1
CASE-7278,1529.92,1,5,1,1,0,88,2959.9,3,0.686,1,4,2,unauthorized,0
CASE-7279,29530.71,9,0,0,1,0,4,10687.59,0,0.236,0,5,1,unauthorized,1
CASE-7280,30323.86,16,3,1,0,15,18,34087.97,0,0.445,0,5,1,item_not_received,0
CASE-7281,378.33,55,0,7,0,11,5,877.85,7,0.292,0,5,1,unauthorized,0
CASE-7282,1704.05,12,9,0,1,0,2,3154.03,7,0.809,0,2,4,item_not_received,1
CASE-7283,1654.42,1,2,1,0,14,14,877.83,12,0.358,0,3,3,item_not_received,0
CASE-7284,1910.61,19,0,0,1,0,28,4469.21,0,0.203,0,6,0,defective,1
CASE-7285,77821.56,2,0,1,1,0,31,32572.81,4,0.042,0,4,2,item_not_received,1
CASE-7286,244.62,75,2,1,0,15,20,110.86,0,0.18,0,2,4,other,0
CASE-7287,9971.86,90,3,0,1,0,17,17683.34,1,0.321,0,6,0,unauthorized,1
CASE-7288,1797.52,13,4,0,1,0,88,2526.33,4,0.861,0,5,1,item_not_received,1
CASE-7289,76708.01,67,5,0,1,0,13,42642.15,7,0.883,1,3,3,defective,0
CASE-7290,55958.37,1,1,7,1,0,2,120763.85,3,0.276,0,6,0,unauthorized,1
CASE-7291,7021.11,4,0,0,0,18,14,3754.08,4,0.141,0,3,3,item_not_received,1
CASE-7292,1652.99,4,0,2,0,15,29,522.05,12,0.329,0,1,5,defective,0
CASE-7293,46294.4,6,3,2,0,26,4,87888.36,0,0.481,0,1,5,defective,0
CASE-7294,1896.84,83,2,5,1,0,5,3192.51,0,0.364,3,4,2,duplicate,0
CASE-7295,1504.69,4,0,1,1,16,4,3456.16,0,0.291,0,3,3,unauthorized,0
CASE-7296,380.62,99,0,3,0,18,55,491.9,4,0.121,0,3,3,item_not_received,0
CASE-7297,64343.82,2,3,0,1,0,2,91897.72,4,0.471,0,4,2,defective,0
CASE-7298,1853.39,1,7,0,0,27,27,1692.6,14,1.0,0,4,2,defective,0
CASE-7299,2668.34,11,0,0,1,0,28,2881.73,0,0.073,1,4,2,defective,1
CASE-7300,3365.24,8,1,1,1,28,29,4046.67,0,0.378,0,3,3,item_not_received,1
CASE-7301,10731.82,3,9,6,1,0,37,20485.6,7,1.0,0,5,1,unauthorized,0
CASE-7302,772.06,19,1,0,1,0,21,1912.97,4,0.167,2,5,1,other,0
CASE-7303,19859.9,2,0,2,0,28,27,11044.61,2,0.311,0,4,2,unauthorized,0
CASE-7304,5331.85,85,0,0,0,19,73,10192.94,4,0.181,0,5,1,unauthorized,0
CASE-7305,865.47,14,0,0,1,11,23,873.32,4,0.112,2,5,1,other,0
CASE-7306,16785.21,4,0,2,1,0,9,5711.83,2,0.205,0,3,3,item_not_received,1
CASE-7307,10291.13,10,0,0,1,0,12,20818.47,14,0.227,0,5,1,unauthorized,1
CASE-7308,13911.55,61,0,0,1,0,16,19287.08,4,0.365,0,3,3,item_not_received,1
CASE-7309,11153.09,6,0,2,0,22,6,25167.22,1,0.131,2,3,3,item_not_received,0
CASE-7310,275.88,14,0,0,1,0,26,118.1,0,0.108,0,6,0,unauthorized,1
CASE-7311,250.13,9,2,0,0,27,85,238.19,4,0.399,0,4,2,duplicate,0
CASE-7312,1146.73,1,2,0,0,21,5,1794.57,1,0.383,0,3,3,defective,0
CASE-7313,1230.97,2,3,1,1,0,22,569.01,3,0.198,2,5,1,item_not_received,1
CASE-7314,69418.89,4,0,2,1,0,3,151626.84,7,0.04,0,6,0,unauthorized,1
CASE-7315,987.72,1,3,0,0,25,10,2357.18,3,0.721,1,2,4,unauthorized,0
CASE-7316,1439.3,1,0,0,1,0,42,432.76,0,0.079,0,4,2,duplicate,1
CASE-7317,11194.99,13,6,2,1,10,25,24020.75,0,0.604,2,5,1,other,0
CASE-7318,1805.15,4,0,1,1,0,2,645.07,3,0.247,0,6,0,item_not_received,1
CASE-7319,1421.03,4,4,0,1,28,18,1930.07,3,0.758,0,5,1,defective,0
CASE-7320,13314.63,2,3,0,1,14,89,23920.69,1,0.236,0,5,1,item_not_received,1
CASE-7321,1736.71,13,7,0,0,10,28,3470.59,0,0.875,0,1,5,item_not_received,0
CASE-7322,926.02,8,0,6,1,13,22,545.42,0,0.327,0,4,2,defective,1
CASE-7323,10504.01,3,3,0,1,0,5,7822.09,0,0.438,5,5,1,duplicate,1
CASE-7324,86260.57,18,2,0,1,0,53,131513.65,1,0.281,0,5,1,other,1
CASE-7325,258.61,9,0,0,1,23,6,572.3,4,0.326,0,5,1,duplicate,1
CASE-7326,7123.06,8,1,2,1,1,17,4701.3,3,0.059,0,4,2,duplicate,1
CASE-7327,16252.87,70,0,0,1,0,20,37771.93,14,0.02,0,4,2,defective,1
CASE-7328,148405.23,1,3,0,0,25,4,333882.12,2,0.453,0,3,3,unauthorized,0
CASE-7329,98950.04,3,0,2,0,26,12,145611.92,6,0.263,0,4,2,defective,1
CASE-7330,36030.58,1,0,0,1,1,10,73940.89,0,0.243,1,4,2,defective,1
CASE-7331,901.36,16,0,7,1,0,76,1069.0,4,0.177,0,4,2,duplicate,0
CASE-7332,19323.49,5,8,5,1,0,3,34617.08,4,0.904,0,4,2,item_not_received,1
CASE-7333,67865.04,2,6,0,1,0,5,123506.43,0,0.665,0,2,4,item_not_received,0
CASE-7334,1170.63,15,1,7,1,16,3,1803.66,0,0.043,0,4,2,item_not_received,1
CASE-7335,1274.75,53,1,2,1,0,28,3175.3,3,0.154,0,5,1,unauthorized,1
CASE-7336,9195.76,2,0,1,0,27,8,16083.56,7,0.048,0,4,2,item_not_received,0
CASE-7337,365.62,14,1,0,1,28,9,420.78,4,0.107,0,4,2,item_not_received,1
CASE-7338,540.68,12,0,1,1,0,16,357.39,0,0.196,2,5,1,unauthorized,1
CASE-7339,1764.14,1,1,0,1,27,15,3741.27,0,0.273,2,2,4,other,1
CASE-7340,30254.55,13,0,0,1,28,22,13422.85,0,0.09,0,6,0,item_not_received,0
CASE-7341,8364.45,73,2,0,1,0,52,9922.36,1,0.39,0,4,2,unauthorized,0
CASE-7342,1838.78,74,0,1,0,4,58,1032.46,14,0.187,0,4,2,duplicate,0
CASE-7343,974.14,96,0,0,1,22,27,369.94,2,0.071,1,5,1,duplicate,1
CASE-7344,563.86,16,1,0,1,13,12,1229.28,0,0.08,4,6,0,defective,1
CASE-7345,66545.51,16,4,0,1,0,17,109999.12,0,0.702,0,5,1,item_not_received,1
CASE-7346,13235.41,2,1,0,1,7,9,22645.74,3,0.256,0,5,1,unauthorized,1
CASE-7347,988.24,3,0,2,0,10,14,920.45,0,0.242,0,3,3,defective,0
CASE-7348,2676.57,1,0,0,0,22,36,4348.1,1,0.313,0,3,3,other,0
CASE-7349,12623.99,1,2,2,1,0,9,23138.4,2,0.119,0,4,2,item_not_received,0
CASE-7350,4819.07,3,0,1,1,0,29,3743.12,0,0.054,3,6,0,unauthorized,0
CASE-7351,126920.79,11,2,6,0,22,63,164121.66,1,0.34,0,1,5,unauthorized,0
CASE-7352,854.94,4,0,0,0,29,24,565.35,4,0.03,2,2,4,defective,0
CASE-7353,1675.81,28,0,0,1,25,7,1582.18,2,0.075,0,4,2,unauthorized,1
CASE-7354,5570.98,6,0,0,1,0,24,2632.34,2,0.265,2,3,3,defective,1
CASE-7355,23921.1,8,0,0,1,25,2,23162.29,13,0.226,0,6,0,unauthorized,1
CASE-7356,1415.35,20,0,2,1,0,24,2732.16,9,0.407,2,5,1,unauthorized,1
CASE-7357,1610.29,68,0,1,1,0,4,1142.8,3,0.046,3,4,2,other,1
CASE-7358,1698.9,2,0,0,1,0,87,2750.72,2,0.241,0,4,2,item_not_received,1
CASE-7359,1461.83,8,0,7,0,18,12,2036.82,0,0.266,0,2,4,defective,0
CASE-7360,684.63,53,1,0,1,0,28,1024.01,0,0.368,0,4,2,item_not_received,1
CASE-7361,7705.82,46,3,2,1,0,47,4439.85,3,0.21,0,5,1,defective,0
CASE-7362,1501.95,19,0,6,0,2,28,2079.64,12,0.017,3,4,2,duplicate,0
CASE-7363,26568.39,3,0,0,1,0,27,65190.54,1,0.289,1,3,3,item_not_received,1
CASE-7364,7471.45,5,0,0,0,14,6,17720.54,3,0.117,0,2,4,duplicate,1
CASE-7365,41812.35,12,1,1,1,0,11,58794.86,0,0.194,0,3,3,unauthorized,1
CASE-7366,117524.04,94,8,0,1,0,52,240752.66,0,0.89,0,3,3,other,0
CASE-7367,714.33,15,1,0,1,0,1,1224.53,4,0.291,0,6,0,item_not_received,1
CASE-7368,19492.02,14,2,0,1,0,14,32748.99,13,0.337,0,5,1,defective,0
CASE-7369,572.3,5,0,1,1,0,24,754.4,9,0.085,0,6,0,item_not_received,1
CASE-7370,4374.25,9,0,2,0,28,14,8459.81,4,0.297,0,3,3,item_not_received,0
CASE-7371,1312.75,5,1,1,0,3,4,2642.21,2,0.287,0,2,4,unauthorized,0
CASE-7372,16406.62,3,0,0,1,26,15,7759.57,2,0.085,0,4,2,unauthorized,0
CASE-7373,1839.1,3,0,0,1,20,81,2070.73,0,0.068,0,5,1,defective,1
CASE-7374,142829.31,14,0,0,1,0,8,88552.37,4,0.229,0,5,1,defective,1
CASE-7375,11359.57,94,0,0,1,0,5,11639.24,0,0.148,0,4,2,other,1
CASE-7376,13651.0,1,0,0,0,3,7,19723.91,8,0.38,6,4,2,defective,1
CASE-7377,1276.86,18,0,0,0,6,6,2307.85,11,0.347,0,3,3,item_not_received,0
CASE-7378,133358.94,58,2,0,0,14,22,137198.69,8,0.361,0,3,3,defective,0
CASE-7379,1146.75,4,0,2,1,26,86,2513.8,4,0.11,2,5,1,defective,1
CASE-7380,1111.84,5,6,0,0,28,13,1959.84,3,0.356,0,3,3,duplicate,0
CASE-7381,405.67,9,0,2,0,21,19,756.25,0,0.405,2,3,3,defective,0
CASE-7382,107209.42,61,4,0,1,9,35,120471.69,0,0.651,0,3,3,unauthorized,1
CASE-7383,1971.05,11,3,0,1,0,6,1418.73,2,1.0,6,3,3,other,0
CASE-7384,5793.98,4,0,0,1,0,62,10073.52,6,0.147,0,6,0,unauthorized,1
CASE-7385,8985.42,18,0,5,1,27,35,15929.53,0,0.271,1,4,2,duplicate,1
CASE-7386,594.74,60,0,0,1,0,3,871.05,3,0.074,0,4,2,other,1
CASE-7387,105759.01,12,1,0,0,6,3,64625.29,1,0.104,2,3,3,item_not_received,0
CASE-7388,1294.7,4,3,0,1,26,8,1801.86,0,0.413,0,4,2,item_not_received,1
CASE-7389,2252.89,2,0,0,1,2,78,1379.64,0,0.309,0,3,3,duplicate,1
CASE-7390,22809.39,18,3,2,0,11,3,50801.37,4,0.455,0,5,1,item_not_received,0
CASE-7391,953.18,5,0,0,0,24,7,351.99,2,0.169,0,2,4,defective,0
CASE-7392,1496.97,7,0,0,1,0,28,2828.07,2,0.043,0,5,1,unauthorized,1
CASE-7393,13258.57,49,1,2,1,9,7,16914.55,0,0.094,0,6,0,item_not_received,1
CASE-7394,759.85,12,1,0,1,4,16,1670.88,4,0.197,0,4,2,duplicate,1
CASE-7395,555.73,17,7,0,0,7,2,341.74,0,0.732,0,2,4,item_not_received,0
CASE-7396,66280.98,1,8,0,1,0,1,54916.37,3,1.0,0,3,3,item_not_received,1
CASE-7397,7708.96,7,0,0,1,17,24,8733.93,2,0.184,0,5,1,unauthorized,1
CASE-7398,10157.14,14,1,1,1,0,14,8994.92,0,0.142,2,5,1,other,1
CASE-7399,18607.75,1,2,0,0,7,2,7481.19,2,0.436,0,1,5,unauthorized,0
CASE-7400,26905.25,7,0,2,1,0,5,11009.05,0,0.01,0,4,2,item_not_received,1
CASE-7401,1741.53,2,0,3,0,18,7,1067.29,5,0.264,0,5,1,duplicate,0
CASE-7402,10441.7,12,0,4,0,9,13,20118.61,0,0.016,0,1,5,unauthorized,0
CASE-7403,21554.63,4,0,0,1,0,14,12954.13,0,0.172,1,1,5,item_not_received,1
CASE-7404,15553.44,89,7,1,0,1,75,34100.57,3,0.706,1,3,3,item_not_received,0
CASE-7405,17116.93,27,0,0,0,7,74,41091.04,1,0.135,1,4,2,item_not_received,1
CASE-7406,91658.28,3,8,2,1,0,87,128333.86,8,0.906,0,4,2,unauthorized,1
CASE-7407,36860.63,1,0,1,1,0,23,47959.74,0,0.072,3,5,1,duplicate,1
CASE-7408,13802.19,18,0,0,1,0,75,28076.22,1,0.224,2,3,3,defective,0
CASE-7409,19044.54,15,0,2,1,13,28,30877.26,0,0.038,0,5,1,defective,1
CASE-7410,10907.4,4,6,0,0,28,25,21565.06,1,0.695,1,4,2,item_not_received,0
CASE-7411,7382.05,2,0,0,1,0,21,14948.84,1,0.22,0,4,2,item_not_received,1
CASE-7412,119623.85,19,0,0,1,23,4,207049.09,0,0.04,0,5,1,item_not_received,1
CASE-7413,128761.38,3,3,0,0,25,7,237324.12,0,0.362,0,2,4,unauthorized,0
CASE-7414,13497.61,14,3,0,1,0,35,16445.01,2,0.397,2,6,0,duplicate,1
CASE-7415,1796.31,13,0,0,1,0,44,3078.32,1,0.306,0,6,0,defective,1
CASE-7416,18480.88,17,0,0,0,9,4,33732.31,1,0.039,0,2,4,other,0
CASE-7417,129601.57,87,2,0,1,0,10,131193.62,6,0.305,0,4,2,unauthorized,1
CASE-7418,3419.91,16,3,1,0,10,13,1404.77,6,0.286,2,2,4,unauthorized,0
CASE-7419,911.59,19,1,0,0,8,6,1871.34,10,0.316,0,3,3,item_not_received,0
CASE-7420,18668.36,2,1,0,1,0,16,29508.94,10,0.387,0,5,1,other,0
CASE-7421,427.82,48,2,1,0,4,2,415.5,4,0.538,0,4,2,unauthorized,0
CASE-7422,46631.68,90,2,0,0,5,4,82412.51,9,0.199,0,5,1,duplicate,1
CASE-7423,14945.3,56,4,0,0,18,39,24818.19,1,0.386,1,0,6,item_not_received,0
CASE-7424,19302.27,15,0,2,0,0,18,46200.48,3,0.005,2,5,1,item_not_received,0
CASE-7425,3241.3,4,2,0,0,2,12,4471.84,3,0.183,0,4,2,duplicate,0
CASE-7426,678.39,19,0,0,1,9,23,967.39,1,0.192,0,5,1,unauthorized,1
CASE-7427,626.05,3,2,3,1,0,6,1427.34,2,0.315,0,3,3,duplicate,0
CASE-7428,11450.48,60,0,0,1,0,6,10295.99,4,0.014,2,6,0,defective,1
CASE-7429,16882.27,11,3,0,1,0,12,5393.63,0,0.25,0,5,1,unauthorized,1
CASE-7430,1522.06,54,7,0,1,0,5,3021.86,2,0.578,0,2,4,defective,0
CASE-7431,15558.64,96,0,0,1,0,7,9338.65,3,0.238,0,6,0,unauthorized,1
CASE-7432,50053.4,7,6,0,0,27,9,31273.35,12,0.697,0,4,2,unauthorized,0
CASE-7433,1449.68,16,0,0,0,29,18,2709.03,2,0.15,0,3,3,other,0
CASE-7434,110669.16,14,0,0,0,2,1,244383.13,3,0.155,5,5,1,unauthorized,0
CASE-7435,2671.2,10,0,0,0,27,60,2785.84,3,0.161,0,0,6,item_not_received,0
CASE-7436,1632.54,19,0,1,0,24,4,3887.45,8,0.254,0,3,3,defective,0
CASE-7437,13623.92,3,5,7,1,0,30,6197.77,11,0.492,0,6,0,item_not_received,1
CASE-7438,240.59,3,2,0,1,0,15,278.79,0,0.056,2,6,0,item_not_received,1
CASE-7439,3998.08,10,5,0,0,27,5,6118.58,1,0.508,0,1,5,other,0
CASE-7440,8352.18,4,5,0,1,0,5,17550.25,1,0.518,0,3,3,item_not_received,1
CASE-7441,1903.41,16,0,0,1,14,1,2799.25,0,0.268,0,5,1,item_not_received,1
CASE-7442,50884.9,12,7,0,0,14,39,73571.47,3,0.703,0,2,4,item_not_received,0
CASE-7443,364.14,2,0,0,0,4,3,464.71,6,0.175,0,4,2,unauthorized,1
CASE-7444,314.12,3,3,1,0,25,22,463.05,0,0.271,0,1,5,item_not_received,0
CASE-7445,11726.33,86,2,1,0,1,67,18361.82,4,0.099,0,2,4,other,0
CASE-7446,2710.87,2,2,0,1,0,36,2630.65,5,0.484,0,5,1,unauthorized,0
CASE-7447,17185.95,11,1,0,1,0,20,25848.99,3,0.23,1,5,1,item_not_received,1
CASE-7448,37916.77,12,0,2,1,0,2,17247.55,3,0.209,0,5,1,item_not_received,1
CASE-7449,75498.09,2,2,0,0,15,37,150233.89,7,0.445,0,5,1,defective,0
CASE-7450,10190.42,12,0,0,1,1,27,18825.99,0,0.075,0,2,4,defective,0
CASE-7451,1781.15,83,0,2,0,3,28,3832.93,12,0.45,0,4,2,defective,0
CASE-7452,127681.46,1,5,0,0,10,28,98993.4,3,0.515,0,2,4,defective,0
CASE-7453,14174.35,1,0,0,1,21,53,33395.57,3,0.202,0,3,3,item_not_received,1
CASE-7454,130416.4,11,2,0,0,7,81,318024.78,0,0.288,0,3,3,defective,0
CASE-7455,616.25,9,3,4,0,4,76,1271.96,0,0.442,0,2,4,defective,0
CASE-7456,674.98,2,0,0,0,28,87,1506.94,2,0.391,0,4,2,item_not_received,0
CASE-7457,7981.15,2,1,0,1,12,16,9874.63,0,0.344,0,4,2,defective,1
CASE-7458,8874.11,18,7,3,1,28,1,4639.73,0,0.946,0,3,3,item_not_received,0
CASE-7459,1967.86,15,2,1,1,6,19,4507.73,14,0.336,0,4,2,duplicate,1
CASE-7460,959.99,1,6,2,1,26,6,1941.22,1,0.683,0,3,3,unauthorized,0
CASE-7461,32878.29,31,2,1,1,0,23,41211.18,11,0.4,6,4,2,unauthorized,0
CASE-7462,18258.79,9,0,0,0,1,10,32661.2,0,0.183,5,3,3,item_not_received,1
CASE-7463,10999.08,50,0,2,0,8,8,11749.45,1,0.117,0,1,5,item_not_received,0
CASE-7464,9839.33,79,0,0,1,0,8,4614.5,0,0.241,0,6,0,item_not_received,1
CASE-7465,205.24,12,8,0,1,13,26,182.72,2,0.931,1,6,0,other,0
CASE-7466,1413.28,17,0,0,1,0,25,1307.65,0,0.308,1,4,2,other,1
CASE-7467,116091.92,14,4,0,1,29,5,43917.53,6,0.77,2,6,0,other,0
CASE-7468,1406.73,10,2,0,1,0,4,2473.72,3,0.415,0,5,1,other,0
CASE-7469,17392.54,18,0,2,1,0,69,25035.02,2,0.148,5,6,0,unauthorized,1
CASE-7470,17053.36,1,0,2,1,0,26,20679.58,0,0.032,0,6,0,item_not_received,1
CASE-7471,1733.12,9,0,2,1,0,5,1944.42,2,0.059,2,4,2,duplicate,1
CASE-7472,688.92,19,1,0,1,0,30,484.13,3,0.152,0,5,1,unauthorized,1
CASE-7473,16348.0,2,0,0,0,9,82,6594.72,0,0.209,5,3,3,defective,0
CASE-7474,1171.8,2,1,0,1,26,2,1018.26,4,0.13,0,6,0,unauthorized,1
CASE-7475,13308.72,18,0,0,1,0,35,21164.49,2,0.245,2,4,2,defective,1
CASE-7476,63277.61,4,0,2,1,0,27,39898.96,0,0.074,0,6,0,defective,1
CASE-7477,1279.6,2,0,0,0,21,2,2346.81,11,0.151,0,4,2,item_not_received,1
CASE-7478,997.72,1,3,0,0,23,15,983.87,1,0.716,3,4,2,duplicate,0
CASE-7479,18109.95,1,7,0,0,16,19,43128.09,14,0.626,0,2,4,defective,0
CASE-7480,10963.31,90,2,0,1,0,5,15137.47,3,0.615,0,5,1,item_not_received,1
CASE-7481,213.52,2,3,2,1,21,18,189.53,8,0.22,0,3,3,defective,1
CASE-7482,608.73,25,0,7,1,27,57,1513.59,3,0.066,0,5,1,item_not_received,1
CASE-7483,1317.35,9,0,0,1,0,4,1202.54,2,0.285,0,5,1,unauthorized,1
CASE-7484,103007.44,2,0,6,1,3,23,57295.95,2,0.248,0,4,2,duplicate,0
CASE-7485,12930.29,18,1,2,1,11,24,9334.68,3,0.421,0,4,2,item_not_received,1
CASE-7486,913.62,6,0,0,1,0,3,613.16,5,0.155,1,5,1,item_not_received,1
CASE-7487,5677.21,1,0,2,1,5,2,7455.72,11,0.25,0,5,1,unauthorized,1
CASE-7488,14063.29,14,0,0,1,11,10,15065.05,5,0.097,0,2,4,other,1
CASE-7489,74832.34,13,0,0,1,0,19,74299.2,0,0.061,6,3,3,duplicate,1
CASE-7490,758.23,14,1,0,0,18,5,670.41,3,0.324,0,2,4,item_not_received,0
CASE-7491,19401.89,12,0,2,0,15,28,7982.25,3,0.201,0,3,3,defective,0
CASE-7492,114144.73,11,2,0,0,21,1,240062.6,0,0.265,2,5,1,item_not_received,0
CASE-7493,9657.7,5,3,0,1,0,21,7429.97,0,0.273,2,5,1,unauthorized,1
CASE-7494,10538.64,86,0,0,1,27,5,8879.37,2,0.07,1,3,3,defective,1
CASE-7495,19705.02,3,2,0,0,1,54,30152.62,4,0.271,0,3,3,unauthorized,0
CASE-7496,1613.15,8,3,0,1,0,5,1803.05,14,0.623,0,4,2,item_not_received,1
CASE-7497,15549.97,58,0,1,1,18,72,16348.91,3,0.205,1,3,3,unauthorized,1
CASE-7498,15360.51,10,3,2,0,13,4,23204.79,3,0.279,2,4,2,item_not_received,0
CASE-7499,749.47,1,0,2,1,0,29,1842.28,2,0.127,4,4,2,item_not_received,1
CASE-7500,339.69,18,2,2,1,0,25,837.09,3,0.603,0,3,3,defective,1
CASE-7501,12507.56,12,0,0,0,0,11,9105.27,3,0.132,0,4,2,duplicate,0
CASE-7502,19500.82,14,0,2,0,17,28,38786.66,14,0.194,0,4,2,other,0
CASE-7503,1807.4,1,1,2,1,0,18,1400.12,5,0.133,0,6,0,unauthorized,1
CASE-7504,527.06,1,3,1,1,0,67,229.71,14,0.382,3,5,1,defective,0
CASE-7505,1094.47,17,0,0,1,28,73,892.23,0,0.194,6,4,2,item_not_received,1
CASE-7506,146950.64,18,3,0,1,0,24,45160.84,3,0.328,6,5,1,unauthorized,0
CASE-7507,3564.08,86,0,1,0,12,13,1120.04,4,0.094,1,4,2,item_not_received,1
CASE-7508,1967.05,4,0,1,1,0,28,598.19,2,0.069,1,4,2,defective,0
CASE-7509,15056.32,19,0,0,1,0,4,25728.74,1,0.297,2,3,3,other,1
CASE-7510,1573.77,7,0,0,0,19,17,2277.97,14,0.146,0,2,4,unauthorized,0
CASE-7511,125851.56,72,0,1,1,0,5,191379.65,14,0.109,0,6,0,defective,1
CASE-7512,47420.88,10,2,2,0,5,23,20862.29,6,0.26,0,1,5,item_not_received,0
CASE-7513,14419.78,16,2,4,0,29,6,25990.45,7,0.332,6,5,1,defective,0
CASE-7514,1518.21,11,9,0,1,0,16,3196.72,0,0.98,2,4,2,defective,0
CASE-7515,2892.58,6,4,0,1,25,3,3912.05,4,0.613,5,6,0,duplicate,0
CASE-7516,1897.15,3,1,0,1,0,16,2591.88,0,0.231,0,6,0,unauthorized,1
CASE-7517,12229.08,79,1,5,0,12,3,5591.75,0,0.131,0,1,5,duplicate,0
CASE-7518,1021.67,13,3,0,1,2,12,541.92,3,0.597,1,6,0,other,1
CASE-7519,1658.23,11,3,1,1,7,19,2275.26,2,0.534,0,4,2,defective,1
CASE-7520,12818.29,10,0,0,1,18,2,4765.95,14,0.027,0,5,1,other,1
CASE-7521,1663.57,53,0,0,1,24,38,2450.8,1,0.115,0,4,2,item_not_received,1
CASE-7522,1162.53,89,3,0,1,22,77,1672.02,10,0.435,0,5,1,defective,1
CASE-7523,148721.69,17,0,0,1,0,20,150678.8,2,0.207,0,6,0,defective,1
CASE-7524,1526.33,4,3,0,1,0,6,3521.3,1,0.255,0,5,1,duplicate,1
CASE-7525,827.33,5,0,1,1,0,36,1029.78,0,0.241,0,6,0,unauthorized,1
CASE-7526,5700.36,29,1,2,1,0,23,5478.89,3,0.335,0,4,2,defective,1
CASE-7527,12766.67,12,0,2,1,7,22,11559.21,0,0.127,0,4,2,duplicate,1
CASE-7528,13524.12,6,3,0,1,0,6,4553.67,2,0.218,0,6,0,unauthorized,0
CASE-7529,1792.62,19,2,1,0,3,19,2365.22,1,0.408,0,3,3,item_not_received,0
CASE-7530,634.55,39,0,0,1,0,1,1317.79,3,0.211,0,3,3,item_not_received,1
CASE-7531,1629.95,99,3,0,1,0,5,3003.09,2,0.333,0,6,0,duplicate,1
CASE-7532,11447.94,61,0,0,0,2,14,24350.25,10,0.064,0,3,3,item_not_received,1
CASE-7533,49292.96,5,1,0,0,14,10,86980.89,3,0.113,0,3,3,duplicate,0
CASE-7534,1554.19,15,0,0,1,27,3,478.29,0,0.063,2,3,3,item_not_received,1
CASE-7535,454.15,2,0,0,0,13,22,698.2,4,0.053,0,2,4,duplicate,0
CASE-7536,498.05,3,0,0,1,0,26,639.28,13,0.078,0,5,1,item_not_received,1
CASE-7537,19136.94,3,7,7,1,0,6,33013.6,0,0.576,0,3,3,unauthorized,0
CASE-7538,55970.95,58,1,0,1,20,14,120600.11,0,0.038,0,5,1,unauthorized,1
CASE-7539,262.52,11,1,0,0,2,9,606.87,1,0.329,1,2,4,other,0
CASE-7540,23924.83,6,1,1,1,29,18,47440.48,0,0.256,0,4,2,defective,1
CASE-7541,256.42,1,0,2,1,21,2,571.12,0,0.231,0,4,2,unauthorized,1
CASE-7542,1198.21,15,4,2,1,0,18,2822.42,5,0.723,1,6,0,duplicate,0
CASE-7543,306.68,9,1,0,1,0,46,382.36,1,0.169,0,5,1,unauthorized,0
CASE-7544,15038.44,1,3,3,1,18,24,10449.21,0,0.208,0,6,0,item_not_received,1
CASE-7545,86747.31,7,1,0,1,0,10,121228.92,4,0.294,0,5,1,item_not_received,1
CASE-7546,1218.75,1,1,2,1,0,12,631.91,5,0.081,0,4,2,other,1
CASE-7547,88694.13,34,3,0,1,0,5,96238.14,0,0.465,5,3,3,unauthorized,0
CASE-7548,3954.7,87,0,0,1,1,71,8261.37,1,0.047,0,3,3,duplicate,1
CASE-7549,1470.81,2,0,0,1,0,1,3043.51,2,0.219,0,6,0,item_not_received,1
CASE-7550,15817.81,16,0,6,1,0,27,20191.96,1,0.095,2,3,3,defective,0
CASE-7551,104379.71,57,0,2,1,23,4,106317.9,11,0.1,0,4,2,defective,0
CASE-7552,1151.28,41,7,1,0,28,7,897.65,11,0.799,0,2,4,unauthorized,0
CASE-7553,31625.11,3,0,0,0,18,3,16392.75,0,0.198,0,4,2,item_not_received,0
CASE-7554,965.67,6,1,7,1,0,6,1792.87,2,0.248,0,5,1,duplicate,0
CASE-7555,118369.92,10,0,0,1,0,85,68977.24,3,0.086,0,2,4,defective,0
CASE-7556,14779.24,40,0,0,1,0,19,33584.0,3,0.137,2,5,1,item_not_received,1
CASE-7557,959.81,6,2,0,1,0,4,1529.88,0,0.479,2,4,2,unauthorized,1
CASE-7558,7423.43,1,0,0,1,0,30,2256.78,3,0.066,0,3,3,defective,0
CASE-7559,7948.2,16,3,0,0,13,18,19209.95,1,0.344,0,1,5,defective,0
CASE-7560,10004.28,13,0,2,0,8,16,6439.49,0,0.055,0,3,3,unauthorized,0
CASE-7561,843.06,1,0,2,1,25,23,527.33,3,0.194,0,2,4,item_not_received,1
CASE-7562,11563.48,4,0,1,0,2,20,14672.46,0,0.268,1,2,4,item_not_received,0
CASE-7563,1429.31,12,0,0,1,0,23,2726.99,1,0.252,0,4,2,item_not_received,1
CASE-7564,1041.87,4,8,0,1,0,13,1342.05,5,0.966,0,5,1,unauthorized,0
CASE-7565,1243.69,83,7,2,1,0,8,830.13,2,0.487,0,6,0,item_not_received,0
CASE-7566,94500.77,4,0,7,1,0,73,52884.49,1,0.254,2,4,2,unauthorized,1
CASE-7567,361.65,4,1,0,1,0,20,438.01,8,0.227,0,4,2,defective,1
CASE-7568,1069.66,21,0,0,1,0,22,1207.43,0,0.085,1,5,1,duplicate,1
CASE-7569,1568.58,86,2,0,0,29,7,3285.83,2,0.292,0,3,3,item_not_received,0
CASE-7570,16544.01,1,0,2,1,0,19,10629.43,0,0.153,0,4,2,duplicate,1
CASE-7571,141444.03,48,0,0,0,26,12,184909.72,9,0.057,0,3,3,unauthorized,0
CASE-7572,1205.41,5,9,0,1,23,17,1843.37,5,1.0,3,6,0,unauthorized,0
CASE-7573,16645.61,16,1,0,0,2,19,24776.23,1,0.183,0,4,2,unauthorized,0
CASE-7574,1215.34,3,9,0,1,0,5,1698.46,2,0.622,4,5,1,duplicate,1
CASE-7575,10782.25,34,0,0,0,21,8,13619.17,2,0.199,0,3,3,unauthorized,1
CASE-7576,903.89,14,0,6,1,0,7,1205.35,0,0.295,0,4,2,duplicate,1
CASE-7577,1191.21,3,4,0,0,27,28,1082.11,3,0.217,0,2,4,item_not_received,0
CASE-7578,1412.02,1,0,0,1,0,19,1202.14,0,0.083,0,5,1,item_not_received,1
CASE-7579,1800.78,2,3,2,1,0,60,2234.52,9,0.364,5,5,1,item_not_received,1
CASE-7580,1269.94,12,2,0,0,8,20,2188.38,1,0.262,0,2,4,item_not_received,0
CASE-7581,44293.62,16,0,0,1,28,6,54145.69,12,0.049,1,5,1,defective,1
CASE-7582,109055.68,66,0,0,1,0,26,252878.77,12,0.181,0,5,1,unauthorized,0
CASE-7583,1320.31,12,1,0,1,6,1,539.68,1,0.181,0,4,2,unauthorized,0
CASE-7584,287.28,10,0,0,1,0,2,207.46,2,0.273,0,5,1,item_not_received,1
CASE-7585,17396.78,24,0,0,1,0,10,41688.76,2,0.086,0,5,1,duplicate,1
CASE-7586,48763.95,40,1,2,1,5,4,92527.64,3,0.322,0,3,3,unauthorized,1
CASE-7587,1192.88,7,5,1,0,14,4,1432.42,11,0.356,2,1,5,item_not_received,0
CASE-7588,816.86,14,0,0,1,0,17,1364.52,0,0.125,2,3,3,item_not_received,1
CASE-7589,1856.93,2,2,1,1,0,3,3032.07,10,0.124,3,5,1,duplicate,1
CASE-7590,14618.41,10,4,4,0,16,36,12640.27,4,0.347,2,2,4,item_not_received,0
CASE-7591,131666.58,6,1,6,1,8,5,305205.24,0,0.33,0,3,3,item_not_received,0
CASE-7592,1933.58,42,0,0,1,6,24,2055.75,1,0.312,1,4,2,item_not_received,1
CASE-7593,13237.99,12,0,2,1,0,16,25401.86,9,0.12,0,5,1,defective,1
CASE-7594,117713.17,3,0,5,1,0,18,192739.37,4,0.055,0,5,1,item_not_received,1
CASE-7595,120579.29,17,0,0,1,25,6,101674.59,0,0.179,1,4,2,other,1
CASE-7596,798.84,39,0,1,0,22,16,1081.12,3,0.079,0,3,3,item_not_received,0
CASE-7597,701.59,19,3,0,0,25,23,380.24,1,0.257,0,3,3,other,0
CASE-7598,111876.02,3,0,0,1,0,70,200667.72,2,0.177,0,6,0,other,1
CASE-7599,637.23,96,2,1,1,25,54,564.39,0,0.285,4,5,1,defective,0
CASE-7600,1555.01,38,1,0,1,11,8,1376.69,0,0.387,0,6,0,other,1
CASE-7601,1737.17,7,0,2,1,28,20,2013.04,2,0.094,0,4,2,other,1
CASE-7602,18054.74,5,6,1,1,0,8,40306.34,0,0.814,0,3,3,item_not_received,1
CASE-7603,91019.81,14,0,0,0,22,7,136884.13,0,0.079,2,3,3,unauthorized,0
CASE-7604,114013.27,13,0,0,0,13,1,62466.2,4,0.065,5,5,1,unauthorized,1
CASE-7605,670.75,3,0,0,1,0,7,684.01,4,0.079,0,5,1,unauthorized,1
CASE-7606,18312.35,10,0,2,1,6,1,20186.16,3,0.438,2,3,3,item_not_received,0
CASE-7607,510.16,4,0,2,1,0,11,1147.05,0,0.273,0,4,2,unauthorized,1
CASE-7608,10299.0,12,0,0,1,9,2,19965.62,3,0.123,0,4,2,defective,1
CASE-7609,114270.96,2,2,1,0,2,27,258012.62,10,0.238,0,2,4,item_not_received,0
CASE-7610,9139.47,7,0,0,1,19,7,20657.51,0,0.219,1,5,1,defective,1
CASE-7611,31794.83,3,2,2,1,19,29,22826.23,1,0.507,0,5,1,item_not_received,1
CASE-7612,664.45,12,0,0,0,7,12,1016.91,9,0.104,0,4,2,item_not_received,0
CASE-7613,317.71,1,0,6,1,0,13,358.92,0,0.212,0,4,2,unauthorized,0
CASE-7614,4117.24,16,3,0,1,24,3,3334.96,4,0.254,0,4,2,unauthorized,0
CASE-7615,55021.58,5,0,5,1,0,26,110679.15,0,0.049,1,4,2,item_not_received,1
CASE-7616,1447.08,1,0,1,1,27,45,2300.31,0,0.073,0,5,1,duplicate,1
CASE-7617,6666.31,8,3,4,1,29,27,10688.18,1,0.484,0,4,2,defective,1
CASE-7618,14572.01,88,1,1,1,12,86,12962.86,9,0.204,0,4,2,item_not_received,1
CASE-7619,777.71,4,0,1,0,21,2,1045.99,3,0.127,1,4,2,defective,0
CASE-7620,16052.71,13,0,0,1,0,15,10421.87,4,0.466,0,5,1,other,1
CASE-7621,60250.78,13,0,1,1,0,25,120219.69,2,0.154,0,4,2,defective,1
CASE-7622,141577.55,5,0,0,0,15,65,351143.65,8,0.26,0,2,4,unauthorized,0
CASE-7623,8604.61,15,0,0,1,3,1,13856.89,5,0.069,0,6,0,unauthorized,1
CASE-7624,16430.55,68,0,2,1,27,5,13136.74,3,0.04,0,5,1,unauthorized,0
CASE-7625,809.57,2,1,0,1,0,24,1903.28,1,0.299,1,4,2,unauthorized,1
CASE-7626,2924.14,7,2,0,1,0,14,6944.39,0,0.046,3,5,1,unauthorized,1
CASE-7627,343.57,3,0,0,0,4,3,539.9,0,0.05,0,2,4,defective,0
CASE-7628,103123.67,16,0,0,1,0,73,94206.73,6,0.148,0,6,0,unauthorized,1
CASE-7629,1569.78,2,3,0,0,13,3,577.22,4,0.303,0,2,4,defective,0
CASE-7630,11436.14,3,2,2,1,12,2,4948.0,14,0.36,4,3,3,defective,1
CASE-7631,143370.56,5,0,0,1,0,32,347331.26,0,0.369,3,6,0,item_not_received,0
CASE-7632,90185.57,53,1,0,1,1,6,31344.2,4,0.261,0,6,0,item_not_received,1
CASE-7633,1409.37,11,2,2,1,0,5,2380.35,2,0.377,0,4,2,defective,1
CASE-7634,540.13,2,0,0,1,0,5,1029.15,14,0.415,0,5,1,unauthorized,1
CASE-7635,12444.39,4,0,6,1,2,70,17572.15,11,0.176,1,4,2,unauthorized,0
CASE-7636,1940.19,2,0,0,1,10,10,3402.51,3,0.095,0,6,0,item_not_received,1
CASE-7637,1402.58,17,0,4,1,18,9,956.21,0,0.285,3,5,1,other,1
CASE-7638,6809.2,3,7,0,1,28,5,15352.8,0,0.744,0,4,2,defective,0
CASE-7639,1979.39,5,1,2,0,1,3,4712.6,0,0.069,0,1,5,item_not_received,0
CASE-7640,10846.49,9,0,0,1,0,1,11984.07,0,0.082,0,3,3,item_not_received,1
CASE-7641,599.78,48,7,0,1,0,9,900.78,1,0.857,0,4,2,other,0
CASE-7642,1602.04,57,0,1,1,9,3,3914.06,1,0.158,0,5,1,item_not_received,1
CASE-7643,54590.76,40,7,0,1,27,46,76927.63,13,0.973,2,6,0,item_not_received,0
CASE-7644,1084.44,4,2,1,0,24,22,2700.99,0,0.371,0,3,3,item_not_received,0
CASE-7645,6017.33,5,0,2,1,0,68,6409.76,3,0.249,6,3,3,duplicate,1
CASE-7646,1373.2,4,0,0,1,24,78,2720.85,1,0.246,0,4,2,defective,1
CASE-7647,2313.66,4,2,0,1,25,1,2838.39,0,0.328,0,4,2,unauthorized,0
CASE-7648,18553.72,61,1,0,0,25,9,40484.7,2,0.345,0,4,2,defective,0
CASE-7649,7165.61,2,1,0,1,0,63,17692.88,11,0.584,0,5,1,defective,1
CASE-7650,30819.72,17,4,0,1,0,15,34924.78,3,0.598,0,6,0,item_not_received,1
CASE-7651,892.67,17,0,0,1,0,21,2029.38,0,0.36,2,4,2,other,1
CASE-7652,1523.36,3,3,2,0,18,6,1030.93,3,0.395,0,2,4,item_not_received,0
CASE-7653,1537.09,3,1,0,1,0,26,1928.59,1,0.197,6,3,3,unauthorized,1
CASE-7654,19053.35,13,0,0,1,0,36,27762.31,1,0.039,2,5,1,unauthorized,1
CASE-7655,21564.15,65,8,2,0,22,2,53338.56,3,0.905,0,1,5,item_not_received,0
CASE-7656,13838.54,15,2,0,1,0,6,13686.45,4,0.25,0,5,1,other,1
CASE-7657,8161.86,62,2,2,0,13,18,5973.32,2,0.411,2,1,5,item_not_received,0
CASE-7658,82967.97,4,2,0,0,22,24,141524.16,2,0.45,4,1,5,item_not_received,0
CASE-7659,1450.87,2,0,7,1,13,71,2065.51,11,0.045,0,5,1,item_not_received,1
CASE-7660,827.27,1,0,0,1,0,20,1593.98,3,0.063,2,4,2,duplicate,1
CASE-7661,6938.61,1,3,1,0,14,5,4980.27,11,0.376,6,3,3,item_not_received,0
CASE-7662,12275.71,2,0,0,1,12,16,18783.74,3,0.255,1,5,1,defective,1
CASE-7663,79332.25,3,9,7,1,0,26,74399.82,2,0.999,0,4,2,defective,0
CASE-7664,132899.12,2,2,1,0,19,28,64544.21,3,0.418,0,1,5,defective,0
CASE-7665,18884.33,12,2,0,0,7,22,42658.84,0,0.384,2,3,3,other,0
CASE-7666,1440.38,4,1,0,1,0,9,1259.71,1,0.206,0,6,0,item_not_received,1
CASE-7667,135725.71,3,0,2,0,6,20,211846.09,3,0.121,2,2,4,unauthorized,0
CASE-7668,881.12,12,9,6,1,13,4,2183.5,0,1.0,0,6,0,defective,0
CASE-7669,9006.81,35,0,0,1,14,25,10592.39,10,0.104,2,3,3,unauthorized,0
CASE-7670,118616.64,21,0,0,1,29,12,126780.88,0,0.015,0,3,3,item_not_received,1
CASE-7671,201.35,19,0,0,0,10,1,412.27,12,0.209,0,3,3,other,0
CASE-7672,5438.82,13,0,1,1,2,15,13019.17,4,0.124,0,4,2,defective,1
CASE-7673,368.43,28,0,0,1,0,10,144.75,1,0.303,0,3,3,defective,1
CASE-7674,1699.88,2,0,1,1,0,69,627.82,10,0.136,0,5,1,other,1
CASE-7675,1003.11,5,0,1,1,0,4,1434.73,7,0.091,1,4,2,unauthorized,0
CASE-7676,1537.23,4,0,0,1,0,1,568.05,1,0.356,6,6,0,unauthorized,1
CASE-7677,52589.21,2,5,0,1,0,21,129831.38,3,0.631,2,6,0,duplicate,1
CASE-7678,8120.48,3,1,0,1,0,76,13558.15,0,0.238,2,5,1,unauthorized,1
CASE-7679,392.9,5,0,1,1,0,29,429.8,2,0.297,6,5,1,item_not_received,1
CASE-7680,15018.65,37,1,0,1,0,12,24636.62,6,0.522,0,6,0,unauthorized,1
CASE-7681,13280.22,50,0,0,1,0,9,14336.79,0,0.268,0,5,1,item_not_received,1
CASE-7682,599.47,3,1,0,1,0,1,1415.07,0,0.381,0,5,1,item_not_received,1
CASE-7683,12456.85,10,0,3,1,27,84,28110.72,3,0.235,0,3,3,unauthorized,0
CASE-7684,5146.58,6,8,5,1,0,2,8582.64,8,0.814,0,4,2,defective,0
CASE-7685,680.81,3,0,0,0,15,27,1315.62,2,0.153,0,4,2,defective,0
CASE-7686,6485.55,4,0,0,1,0,25,8332.92,13,0.087,2,5,1,defective,1
CASE-7687,305.06,10,0,0,1,0,15,270.89,10,0.151,0,5,1,defective,1
CASE-7688,6691.0,53,0,0,1,0,9,4747.57,6,0.216,0,3,3,duplicate,0
CASE-7689,40563.01,42,0,0,0,11,17,77551.07,3,0.489,0,2,4,duplicate,1
CASE-7690,1913.94,26,3,0,1,27,36,3293.76,0,0.579,1,4,2,item_not_received,1
CASE-7691,9496.73,15,0,5,0,26,5,6152.72,0,0.207,0,2,4,defective,0
CASE-7692,131275.94,16,0,1,0,29,33,50678.91,3,0.349,0,2,4,unauthorized,0
CASE-7693,13691.82,1,0,0,0,26,38,21337.65,2,0.072,1,1,5,item_not_received,0
CASE-7694,95630.18,19,0,4,1,0,8,51846.31,9,0.18,1,6,0,unauthorized,1
CASE-7695,138448.65,14,0,1,1,0,43,133114.67,1,0.137,0,5,1,item_not_received,1
CASE-7696,3510.8,1,0,2,1,0,4,3222.5,0,0.334,2,4,2,defective,0
CASE-7697,33610.38,40,0,0,1,0,13,74025.42,7,0.124,1,5,1,item_not_received,1
CASE-7698,117835.32,11,0,4,0,28,88,250205.39,11,0.07,0,3,3,duplicate,0
CASE-7699,11069.34,48,9,1,1,18,69,15673.9,13,0.779,0,6,0,item_not_received,1
CASE-7700,63348.61,15,0,0,1,0,11,51970.14,0,0.178,0,1,5,item_not_received,0
CASE-7701,149261.97,87,0,0,1,0,3,257988.1,10,0.413,0,5,1,item_not_received,1
CASE-7702,96764.43,1,1,0,1,0,16,212492.19,13,0.173,0,5,1,item_not_received,1
CASE-7703,1919.48,7,0,0,1,0,12,4156.17,4,0.074,0,5,1,unauthorized,1
CASE-7704,10720.41,18,0,0,1,25,20,25641.95,3,0.202,1,5,1,unauthorized,1
CASE-7705,45717.44,2,0,0,0,5,5,105615.08,1,0.123,0,5,1,other,1
CASE-7706,83408.86,88,5,0,1,0,78,184663.78,13,1.0,0,3,3,defective,0
CASE-7707,7978.68,16,3,0,1,0,37,16572.93,11,0.224,0,6,0,unauthorized,0
CASE-7708,9559.0,1,2,0,1,0,21,16449.69,11,0.359,4,5,1,item_not_received,1
CASE-7709,108142.71,11,2,0,1,21,40,137522.23,13,0.547,0,4,2,unauthorized,1
CASE-7710,84372.58,73,0,0,1,0,5,48869.94,1,0.144,0,5,1,defective,1
CASE-7711,94839.21,2,0,2,0,23,25,106826.44,12,0.025,2,3,3,other,0
CASE-7712,11125.19,3,3,1,1,0,25,6655.27,13,0.255,0,6,0,duplicate,1
CASE-7713,17799.18,3,3,1,1,0,15,41204.6,1,0.57,2,5,1,defective,1
CASE-7714,1290.3,91,0,0,1,0,11,2798.08,0,0.234,0,4,2,other,1
CASE-7715,5664.33,4,0,0,1,0,2,8137.94,8,0.178,6,5,1,other,1
CASE-7716,10856.94,38,0,0,0,18,3,14758.01,2,0.104,0,2,4,unauthorized,0
CASE-7717,7245.89,4,0,0,0,27,9,11463.79,9,0.185,0,3,3,unauthorized,1
CASE-7718,20178.48,4,0,2,1,1,11,40668.43,0,0.089,1,4,2,defective,0
CASE-7719,1032.44,17,2,1,1,25,6,2263.45,0,0.356,0,5,1,item_not_received,0
CASE-7720,225.07,3,9,2,0,14,5,415.58,6,1.0,0,5,1,item_not_received,0
CASE-7721,1020.42,16,0,0,1,23,4,1335.8,3,0.12,0,4,2,defective,1
CASE-7722,1715.63,9,0,0,0,5,55,3388.11,1,0.053,1,2,4,item_not_received,1
CASE-7723,63046.2,4,0,4,1,0,5,19397.04,2,0.033,4,5,1,item_not_received,1
CASE-7724,704.47,13,4,1,1,29,11,849.62,13,0.625,0,6,0,item_not_received,0
CASE-7725,1926.87,13,1,2,1,0,51,3028.4,14,0.376,2,4,2,item_not_received,1
CASE-7726,1379.84,20,0,1,1,0,10,3059.34,3,0.06,0,4,2,other,1
CASE-7727,21900.05,16,0,0,1,13,70,49478.4,0,0.176,0,6,0,defective,1
CASE-7728,11238.91,2,0,7,0,17,38,4997.96,0,0.331,0,4,2,defective,1
CASE-7729,8413.86,3,2,1,1,0,15,5190.02,4,0.22,0,6,0,duplicate,1
CASE-7730,1757.85,4,6,0,1,7,5,2962.08,4,1.0,1,4,2,duplicate,1
CASE-7731,11159.33,4,0,0,1,15,17,7151.42,14,0.201,0,6,0,item_not_received,1
CASE-7732,53801.65,2,8,0,0,4,27,38977.9,3,0.802,2,2,4,item_not_received,0
CASE-7733,400.79,10,1,0,0,16,2,719.89,1,0.339,0,2,4,defective,0
CASE-7734,118952.29,15,2,0,0,2,45,94785.26,0,0.575,0,4,2,duplicate,1
CASE-7735,9086.17,47,4,2,1,0,5,16123.51,2,0.336,2,4,2,unauthorized,1
CASE-7736,1714.2,54,0,0,1,6,14,1963.28,0,0.111,0,5,1,unauthorized,1
CASE-7737,1677.52,2,5,0,1,0,6,1044.32,6,0.447,1,6,0,defective,0
CASE-7738,1357.62,12,0,0,1,0,69,1697.32,0,0.22,0,4,2,item_not_received,1
CASE-7739,898.89,2,4,0,0,0,5,329.62,3,0.686,2,2,4,duplicate,0
CASE-7740,231.4,2,0,0,1,0,9,473.0,1,0.198,0,5,1,item_not_received,1
CASE-7741,1441.98,6,0,3,1,0,37,654.52,3,0.074,0,5,1,unauthorized,1
CASE-7742,2906.26,1,0,2,0,19,8,2761.94,0,0.154,1,1,5,duplicate,0
CASE-7743,7590.67,61,6,0,1,0,10,16473.57,9,0.76,1,6,0,duplicate,1
CASE-7744,14981.86,18,0,7,1,25,68,36854.58,13,0.091,1,5,1,defective,0
CASE-7745,577.41,3,5,0,0,9,86,774.24,0,0.407,0,1,5,defective,0
CASE-7746,56214.54,52,0,1,0,25,5,72778.63,0,0.154,2,3,3,duplicate,1
CASE-7747,68992.8,76,3,0,0,7,18,25550.54,0,0.427,0,1,5,duplicate,0
CASE-7748,1438.11,76,0,2,1,23,73,2665.95,2,0.039,0,6,0,unauthorized,1
CASE-7749,19200.27,15,0,1,1,0,5,24279.27,10,0.153,2,5,1,unauthorized,1
CASE-7750,2842.2,2,0,0,1,0,25,2164.39,3,0.126,0,5,1,defective,1
CASE-7751,870.24,1,0,2,0,13,28,972.05,8,0.112,0,2,4,unauthorized,0
CASE-7752,1952.18,1,0,2,0,23,20,4139.59,0,0.086,0,3,3,defective,0
CASE-7753,6245.29,4,7,0,0,18,1,3651.86,1,0.59,0,1,5,item_not_received,0
CASE-7754,28887.76,16,3,0,1,21,24,49470.05,0,0.357,0,2,4,defective,1
CASE-7755,502.17,4,0,1,1,0,1,326.03,10,0.295,0,4,2,unauthorized,1
CASE-7756,1325.98,3,0,0,1,0,3,1688.8,4,0.123,0,5,1,defective,1
CASE-7757,8656.27,44,0,0,0,27,71,3766.46,2,0.164,1,4,2,unauthorized,0
CASE-7758,10016.53,17,0,2,0,4,3,18134.65,4,0.115,1,2,4,defective,0
CASE-7759,5069.84,57,0,0,1,0,15,4935.66,0,0.05,0,5,1,duplicate,1
CASE-7760,6703.42,16,0,2,0,2,4,6929.11,0,0.231,0,2,4,unauthorized,0
CASE-7761,8599.78,44,9,0,1,0,20,3943.76,0,1.0,0,3,3,other,0
CASE-7762,1121.17,1,3,6,1,1,3,2241.38,0,0.469,0,5,1,item_not_received,0
CASE-7763,46290.66,76,0,0,1,23,3,94634.82,3,0.261,0,2,4,item_not_received,1
CASE-7764,11352.02,14,2,0,0,2,4,11164.76,0,0.375,0,2,4,item_not_received,0
CASE-7765,474.98,2,1,1,1,0,50,733.35,1,0.275,0,4,2,item_not_received,1
CASE-7766,4040.16,9,2,0,1,0,57,8399.69,14,0.345,1,5,1,unauthorized,1
CASE-7767,120932.89,10,0,1,1,0,5,171452.84,3,0.1,3,6,0,item_not_received,1
CASE-7768,86021.46,10,0,7,0,3,15,201128.18,2,0.19,0,4,2,item_not_received,0
CASE-7769,1823.02,13,3,1,0,16,15,3246.48,0,0.256,2,4,2,item_not_received,0
CASE-7770,288.34,3,0,0,0,20,65,459.48,0,0.234,0,2,4,item_not_received,0
CASE-7771,72664.8,8,2,0,1,0,26,92878.42,5,0.194,0,4,2,item_not_received,1
CASE-7772,299.25,3,2,0,1,0,78,507.68,7,0.296,0,4,2,item_not_received,1
CASE-7773,80802.82,7,0,0,1,0,27,49068.71,8,0.251,0,5,1,unauthorized,1
CASE-7774,8322.13,3,2,0,1,0,41,20421.39,2,0.33,0,3,3,duplicate,1
CASE-7775,42135.35,4,0,0,1,22,22,99084.49,12,0.11,0,3,3,other,1
CASE-7776,12274.29,2,7,0,0,18,4,15886.1,0,0.774,1,3,3,item_not_received,0
CASE-7777,10664.15,81,0,2,1,25,22,10575.97,1,0.059,0,6,0,duplicate,0
CASE-7778,797.65,79,0,0,1,11,7,767.49,9,0.291,2,4,2,item_not_received,1
CASE-7779,1990.56,47,0,1,0,0,67,4673.3,4,0.053,2,3,3,defective,0
CASE-7780,64314.78,10,0,0,1,29,23,48001.23,1,0.202,0,4,2,other,1
CASE-7781,13171.81,4,0,2,1,25,23,10178.67,0,0.205,2,6,0,unauthorized,1
CASE-7782,675.47,93,0,0,0,25,4,203.55,2,0.066,0,1,5,item_not_received,0
CASE-7783,7676.52,14,0,2,1,26,18,2516.43,1,0.097,0,5,1,unauthorized,1
CASE-7784,148002.43,34,8,1,0,11,53,329219.39,2,0.723,0,3,3,unauthorized,0
CASE-7785,900.3,13,3,0,1,29,68,2049.51,1,0.318,0,4,2,item_not_received,1
CASE-7786,1626.41,27,2,3,1,0,2,2485.44,12,0.486,0,5,1,item_not_received,1
CASE-7787,1961.67,52,0,1,0,17,24,4749.96,1,0.201,0,2,4,unauthorized,0
CASE-7788,59976.91,16,2,1,0,9,6,132747.39,3,0.392,0,3,3,item_not_received,0
CASE-7789,617.62,4,3,0,1,0,9,1523.99,3,0.567,4,4,2,defective,1
CASE-7790,137681.25,6,3,0,1,17,18,55650.0,4,0.442,5,4,2,duplicate,1
CASE-7791,17714.86,65,0,1,1,0,61,28447.61,4,0.229,0,6,0,item_not_received,1
CASE-7792,1121.21,3,2,2,1,0,88,2452.25,14,0.339,0,6,0,item_not_received,1
CASE-7793,55649.84,16,0,1,0,9,18,94375.05,1,0.067,3,2,4,other,0
CASE-7794,75080.07,1,0,0,1,26,6,69858.46,0,0.166,0,4,2,item_not_received,1
CASE-7795,59038.54,10,0,7,1,10,39,41887.8,2,0.064,2,4,2,item_not_received,0
CASE-7796,1904.71,5,0,0,1,19,9,3406.1,1,0.253,0,5,1,unauthorized,1
CASE-7797,45140.17,94,6,1,0,16,52,58645.45,3,0.891,2,3,3,unauthorized,0
CASE-7798,1924.38,2,0,0,1,0,26,3165.12,1,0.459,0,5,1,unauthorized,1
CASE-7799,78842.53,12,8,0,1,0,10,76057.74,6,0.811,0,5,1,item_not_received,1
CASE-7800,1119.89,2,0,0,1,19,5,1337.4,4,0.045,1,5,1,item_not_received,1
CASE-7801,13587.2,43,0,1,1,0,9,10576.25,9,0.118,0,5,1,defective,1
CASE-7802,1960.87,6,9,0,1,0,2,4631.65,4,1.0,1,5,1,item_not_received,0
CASE-7803,13182.44,3,3,0,1,14,1,4755.16,11,0.323,0,5,1,other,1
CASE-7804,201.56,3,1,0,0,23,5,108.31,8,0.313,0,5,1,item_not_received,0
CASE-7805,728.73,4,0,3,1,0,1,1577.75,5,0.204,1,6,0,item_not_received,1
CASE-7806,10831.5,3,4,1,1,0,32,16344.97,0,0.647,6,4,2,defective,0
CASE-7807,491.79,1,0,1,1,0,7,922.52,2,0.057,4,4,2,unauthorized,0
CASE-7808,50552.31,59,4,0,1,24,4,86561.51,1,0.385,0,3,3,item_not_received,1
CASE-7809,1536.1,1,0,1,1,0,21,2111.72,3,0.081,0,5,1,unauthorized,1
CASE-7810,1101.61,3,0,0,0,19,25,1284.28,2,0.08,0,3,3,unauthorized,0
CASE-7811,15951.78,8,3,0,1,14,5,32240.62,4,0.551,0,6,0,item_not_received,1
CASE-7812,15338.02,4,0,0,1,0,1,9357.11,7,0.185,2,6,0,item_not_received,1
CASE-7813,1511.25,1,2,0,1,0,4,1689.15,4,0.41,0,6,0,unauthorized,1
CASE-7814,11005.98,4,0,0,1,0,10,17668.16,4,0.064,0,5,1,item_not_received,0
CASE-7815,50806.51,11,1,0,0,3,6,119815.38,0,0.094,4,2,4,item_not_received,0
CASE-7816,90611.49,9,1,0,1,0,25,179337.01,0,0.278,1,3,3,item_not_received,1
CASE-7817,826.75,8,0,6,1,0,52,443.72,0,0.256,0,4,2,item_not_received,1
CASE-7818,15562.7,4,0,0,1,29,8,12501.25,1,0.149,0,4,2,item_not_received,1
CASE-7819,112287.54,3,2,0,0,4,70,243715.21,10,0.532,0,3,3,duplicate,0
CASE-7820,1754.35,1,1,1,1,8,6,1535.33,9,0.101,1,4,2,other,1
CASE-7821,27299.47,70,0,0,0,16,23,31843.15,6,0.025,0,4,2,defective,0
CASE-7822,73036.85,3,2,0,0,27,24,56399.67,3,0.239,2,2,4,unauthorized,0
CASE-7823,926.3,4,0,1,1,0,1,903.82,3,0.369,0,6,0,unauthorized,0
CASE-7824,116005.32,2,3,0,1,26,9,109127.31,3,0.371,1,5,1,defective,1
CASE-7825,1268.32,74,1,0,1,0,6,407.48,3,0.148,5,3,3,item_not_received,1
CASE-7826,1319.94,48,1,2,1,0,49,2966.51,4,0.179,0,5,1,defective,0
CASE-7827,518.75,6,0,2,1,0,2,1104.95,3,0.318,0,3,3,defective,1
CASE-7828,16545.77,6,0,0,1,0,11,18593.54,2,0.187,0,6,0,item_not_received,1
CASE-7829,7167.63,13,0,2,1,0,12,6720.81,2,0.353,0,5,1,unauthorized,0
CASE-7830,11106.54,5,0,0,1,12,25,12836.56,4,0.269,2,5,1,item_not_received,1
CASE-7831,119564.93,2,0,0,0,23,17,65855.58,2,0.23,0,4,2,other,0
CASE-7832,18900.34,18,0,0,0,21,5,17646.17,2,0.285,2,4,2,defective,0
CASE-7833,54633.55,4,1,1,0,13,5,54694.99,3,0.417,0,3,3,defective,0
CASE-7834,8122.1,4,4,2,0,23,12,11864.99,1,0.368,0,2,4,defective,0
CASE-7835,742.6,49,0,0,0,1,4,666.92,3,0.269,0,3,3,item_not_received,0
CASE-7836,109603.55,15,0,7,1,0,74,265279.84,2,0.034,0,4,2,duplicate,0
CASE-7837,32760.76,15,0,1,1,0,17,61782.85,0,0.237,0,4,2,defective,1
CASE-7838,123756.86,33,8,0,0,11,21,174361.51,0,1.0,0,2,4,item_not_received,0
CASE-7839,5963.72,73,2,0,0,18,25,11998.15,7,0.3,0,5,1,item_not_received,0
CASE-7840,138601.59,2,0,1,1,0,23,128978.04,0,0.152,2,4,2,defective,0
CASE-7841,1101.05,66,4,0,1,0,2,1037.96,3,0.298,0,4,2,unauthorized,1
CASE-7842,1937.23,8,0,2,1,0,4,4059.96,4,0.136,3,4,2,duplicate,1
CASE-7843,125785.22,19,8,2,0,24,43,271207.24,2,1.0,0,3,3,unauthorized,0
CASE-7844,15549.28,5,0,1,1,0,28,36822.85,2,0.052,3,6,0,defective,0
CASE-7845,140346.55,3,0,0,1,0,21,53376.53,4,0.126,0,5,1,item_not_received,1
CASE-7846,607.14,7,1,0,1,0,22,991.24,12,0.364,0,6,0,item_not_received,1
CASE-7847,5218.09,12,0,0,1,0,10,7136.62,3,0.119,0,5,1,defective,1
CASE-7848,58988.0,19,0,0,1,0,73,139557.99,3,0.308,2,5,1,unauthorized,0
CASE-7849,486.28,13,5,0,0,22,7,696.49,10,0.926,0,3,3,unauthorized,0
CASE-7850,125549.19,5,2,0,0,4,13,285534.9,9,0.461,0,2,4,unauthorized,0
CASE-7851,1591.42,16,0,0,1,0,26,1554.13,0,0.25,0,5,1,unauthorized,1
CASE-7852,1292.9,79,0,0,1,0,19,2976.91,2,0.366,1,5,1,defective,0
CASE-7853,2698.0,12,0,0,1,0,4,941.28,0,0.057,2,5,1,unauthorized,1
CASE-7854,35171.84,18,0,2,0,12,29,64951.19,7,0.113,0,3,3,unauthorized,0
CASE-7855,1890.4,5,8,0,1,16,81,1491.79,3,1.0,0,3,3,defective,0
CASE-7856,847.51,34,9,0,1,0,1,991.5,1,0.661,0,4,2,other,1
CASE-7857,1375.7,1,0,0,0,0,13,2851.42,9,0.263,0,2,4,item_not_received,0
CASE-7858,30596.78,4,9,0,1,9,2,17321.36,9,0.797,1,5,1,other,1
CASE-7859,121053.38,7,1,0,0,13,87,79137.23,0,0.256,1,2,4,duplicate,0
CASE-7860,104675.31,12,3,2,0,23,3,110663.16,4,0.645,0,4,2,item_not_received,0
CASE-7861,39799.43,3,0,0,1,0,34,15153.33,2,0.105,1,1,5,defective,0
CASE-7862,17994.92,3,0,2,0,21,1,17543.61,3,0.078,2,0,6,defective,0
CASE-7863,11744.46,2,0,0,0,28,20,14038.67,7,0.136,0,1,5,unauthorized,0
CASE-7864,1537.58,1,0,0,1,15,3,2150.79,0,0.176,4,5,1,unauthorized,1
CASE-7865,104658.5,1,9,0,0,7,22,217552.64,12,1.0,2,3,3,item_not_received,0
CASE-7866,389.33,38,6,6,1,0,11,232.85,2,0.422,0,4,2,item_not_received,0
CASE-7867,62548.92,2,3,0,0,12,14,155860.37,4,0.22,2,6,0,defective,0
CASE-7868,11510.7,51,5,4,1,23,10,19455.25,8,0.509,0,6,0,defective,1
CASE-7869,3788.35,20,4,0,0,21,1,8192.81,11,0.512,0,4,2,defective,0
CASE-7870,2422.32,38,0,0,1,0,3,4689.15,1,0.144,0,4,2,item_not_received,1
CASE-7871,103735.09,14,8,0,1,0,20,72495.89,3,0.745,1,3,3,item_not_received,1
CASE-7872,438.54,4,7,0,0,3,15,662.2,2,0.563,0,4,2,defective,0
CASE-7873,983.65,1,2,2,0,1,4,356.15,0,0.349,0,2,4,item_not_received,0
CASE-7874,7729.8,15,0,0,1,0,3,4722.67,3,0.258,0,4,2,duplicate,1
CASE-7875,9016.67,10,0,1,1,0,38,12857.34,6,0.165,2,4,2,defective,0
CASE-7876,1736.81,2,0,0,1,0,46,2613.23,1,0.029,1,3,3,unauthorized,1
CASE-7877,282.12,12,6,1,1,29,1,429.9,4,1.0,0,6,0,item_not_received,0
CASE-7878,4846.33,6,9,0,1,11,28,5233.63,4,0.955,0,5,1,defective,0
CASE-7879,9566.76,11,0,0,0,16,46,18073.08,2,0.094,0,2,4,unauthorized,0
CASE-7880,463.15,1,5,0,1,12,67,1052.53,2,0.624,0,6,0,unauthorized,0
CASE-7881,882.77,18,0,1,1,0,3,725.14,5,0.086,0,6,0,defective,1
CASE-7882,13261.65,1,0,7,1,0,3,24815.57,0,0.071,1,5,1,item_not_received,0
CASE-7883,3714.42,1,0,0,1,3,14,2796.74,2,0.245,0,5,1,unauthorized,1
CASE-7884,1694.4,2,0,1,0,13,66,2241.84,3,0.154,0,5,1,item_not_received,0
CASE-7885,12873.85,7,0,4,0,4,9,4078.81,3,0.072,1,2,4,defective,0
CASE-7886,8874.07,12,3,7,0,4,26,14296.84,0,0.426,0,6,0,unauthorized,0
CASE-7887,1266.21,18,1,7,0,24,21,3062.26,3,0.326,0,2,4,item_not_received,0
CASE-7888,1533.65,4,6,0,1,0,3,1049.04,2,1.0,1,2,4,item_not_received,1
CASE-7889,18679.83,62,4,0,0,16,1,20385.73,3,0.776,0,2,4,defective,0
CASE-7890,520.58,9,0,0,0,24,26,920.43,2,0.346,0,1,5,item_not_received,0
CASE-7891,1315.7,8,0,0,1,0,12,2714.71,1,0.386,0,4,2,other,0
CASE-7892,13558.35,17,0,1,1,0,8,26911.69,1,0.112,0,6,0,item_not_received,1
CASE-7893,142379.47,13,2,7,0,6,2,326396.15,13,0.257,0,2,4,item_not_received,0
CASE-7894,1887.8,38,1,0,1,20,16,3801.3,0,0.372,0,4,2,unauthorized,1
CASE-7895,21473.71,17,0,0,1,8,63,38930.69,3,0.097,1,4,2,other,1
CASE-7896,7315.78,5,1,6,1,0,22,10246.7,0,0.288,2,6,0,item_not_received,0
CASE-7897,16240.73,4,2,0,0,18,25,19173.51,2,0.275,0,3,3,duplicate,0
CASE-7898,19595.34,4,0,7,1,0,16,8923.05,12,0.228,0,4,2,duplicate,1
CASE-7899,823.56,14,6,0,0,5,55,1041.52,2,0.821,0,2,4,defective,0
CASE-7900,317.05,4,0,1,1,0,62,108.19,3,0.032,0,4,2,item_not_received,1
CASE-7901,5699.18,8,0,0,0,27,6,8138.31,0,0.076,0,3,3,other,1
CASE-7902,39792.64,18,0,0,1,28,21,97372.64,0,0.089,0,6,0,unauthorized,1
CASE-7903,1686.98,19,1,0,1,0,87,3473.53,5,0.339,1,5,1,duplicate,1
CASE-7904,71814.95,3,3,1,0,20,74,160657.93,14,0.418,1,3,3,defective,0
CASE-7905,100308.98,12,0,0,1,5,3,98790.59,1,0.194,0,5,1,item_not_received,1
CASE-7906,1511.26,1,0,0,1,15,1,515.85,14,0.137,1,3,3,item_not_received,1
CASE-7907,55188.19,14,0,0,1,8,38,89333.41,9,0.082,0,6,0,item_not_received,1
CASE-7908,14897.53,5,0,2,1,0,52,10361.94,2,0.175,4,6,0,unauthorized,1
CASE-7909,206.63,19,3,0,1,25,6,96.72,11,0.28,1,5,1,duplicate,1
CASE-7910,112096.96,16,2,0,1,7,20,176129.95,1,0.364,4,4,2,unauthorized,0
CASE-7911,1808.67,6,1,0,1,0,74,1656.78,3,0.286,0,3,3,duplicate,1
CASE-7912,926.0,3,9,0,1,0,64,1710.94,7,0.943,4,6,0,defective,0
CASE-7913,17061.23,6,0,2,1,3,3,30681.67,1,0.235,1,4,2,unauthorized,1
CASE-7914,1769.59,3,0,1,1,0,18,4311.24,2,0.248,0,5,1,other,1
CASE-7915,134430.38,8,3,2,1,0,6,315813.01,1,0.536,5,5,1,defective,0
CASE-7916,30337.41,87,0,1,0,15,47,73009.76,4,0.195,1,2,4,defective,0
CASE-7917,9399.9,4,0,0,1,0,6,8509.23,14,0.082,3,6,0,unauthorized,0
CASE-7918,1058.92,1,0,0,1,0,34,1562.88,0,0.257,1,5,1,item_not_received,1
CASE-7919,6780.47,10,1,0,0,27,26,7899.08,4,0.133,0,3,3,unauthorized,1
CASE-7920,1755.3,2,0,2,0,13,62,1790.36,5,0.093,0,3,3,item_not_received,0
CASE-7921,1472.11,2,1,0,1,0,25,1875.04,3,0.288,2,5,1,unauthorized,1
CASE-7922,51657.93,5,0,2,1,14,6,47650.42,0,0.422,0,5,1,unauthorized,0
CASE-7923,1299.64,34,3,0,1,0,27,3079.81,0,0.521,0,4,2,other,1
CASE-7924,13191.8,89,2,0,1,0,4,29719.95,4,0.454,2,6,0,other,0
CASE-7925,51860.61,8,2,0,1,0,16,126254.91,2,0.554,0,5,1,item_not_received,1
CASE-7926,17048.82,50,0,0,1,22,48,7965.84,3,0.149,1,5,1,defective,1
CASE-7927,15888.51,4,0,0,1,5,18,11204.95,1,0.084,2,4,2,defective,1
CASE-7928,118768.17,12,0,0,1,0,49,293716.58,3,0.055,0,3,3,defective,1
CASE-7929,73789.33,17,1,2,1,0,25,166208.24,4,0.273,0,5,1,unauthorized,0
CASE-7930,1434.26,2,3,0,1,0,52,1029.3,0,0.422,0,4,2,item_not_received,1
CASE-7931,1954.93,8,0,0,0,17,50,1887.34,2,0.173,0,2,4,unauthorized,0
CASE-7932,42437.23,1,2,0,1,27,5,30580.93,6,0.279,2,5,1,item_not_received,1
CASE-7933,1528.51,1,2,2,0,3,11,1117.84,0,0.389,0,0,6,item_not_received,0
CASE-7934,1695.44,93,3,0,0,18,3,2501.82,1,0.377,0,2,4,defective,0
CASE-7935,203.63,4,4,0,1,0,11,120.43,0,0.702,0,4,2,unauthorized,0
CASE-7936,12729.75,7,0,1,0,23,11,28737.3,9,0.23,0,3,3,defective,1
CASE-7937,9409.04,7,1,2,1,0,28,16183.56,1,0.039,0,5,1,defective,1
CASE-7938,1120.36,42,5,0,0,5,1,1133.79,10,0.604,0,3,3,other,0
CASE-7939,4581.24,18,0,0,1,0,28,2324.22,9,0.136,0,4,2,defective,1
CASE-7940,9881.25,10,3,1,1,10,22,3158.01,1,0.64,4,6,0,defective,1
CASE-7941,103232.22,40,5,1,1,0,5,227816.03,0,0.593,0,4,2,defective,0
CASE-7942,11279.4,3,0,0,0,28,14,16589.25,2,0.107,4,2,4,unauthorized,0
CASE-7943,74511.99,13,2,0,0,2,15,31963.43,0,0.465,2,2,4,item_not_received,1
CASE-7944,18118.95,54,1,6,1,26,12,36356.72,2,0.264,0,6,0,unauthorized,1
CASE-7945,12649.95,7,5,0,1,0,5,9324.5,14,0.875,0,5,1,other,1
CASE-7946,833.85,10,2,5,1,0,5,1136.56,13,0.332,0,5,1,other,1
CASE-7947,7128.92,6,0,0,1,0,2,14466.86,0,0.159,0,4,2,other,1
CASE-7948,22680.34,6,0,0,1,0,30,27429.86,5,0.063,0,5,1,item_not_received,1
CASE-7949,69165.58,4,0,2,1,0,4,161602.45,1,0.304,0,5,1,item_not_received,1
CASE-7950,1110.89,4,1,0,0,19,17,2155.72,11,0.112,0,3,3,item_not_received,0
CASE-7951,19076.4,13,5,0,1,25,9,41850.28,0,0.847,0,3,3,item_not_received,1
CASE-7952,17225.46,11,3,0,1,5,4,11105.7,1,0.387,0,5,1,item_not_received,1
CASE-7953,31943.25,5,0,0,0,1,15,34403.26,2,0.148,0,2,4,defective,0
CASE-7954,434.94,3,0,1,1,0,24,934.42,5,0.095,4,6,0,item_not_received,1
CASE-7955,482.64,3,4,0,1,0,21,1027.77,12,0.195,0,4,2,item_not_received,1
CASE-7956,12991.5,63,0,0,0,9,26,26353.98,0,0.253,2,4,2,defective,0
CASE-7957,19801.41,15,0,2,1,0,11,38989.35,1,0.335,0,5,1,defective,1
CASE-7958,14484.96,10,3,2,1,0,31,13988.77,8,0.595,0,5,1,other,1
CASE-7959,7939.62,2,3,0,1,0,25,3141.86,10,0.435,0,2,4,unauthorized,0
CASE-7960,5243.56,5,0,0,0,2,28,4306.66,5,0.06,0,3,3,unauthorized,0
CASE-7961,10484.08,12,0,0,1,0,5,18854.42,2,0.067,0,5,1,item_not_received,1
CASE-7962,338.85,13,0,0,0,6,11,191.97,0,0.064,1,4,2,item_not_received,1
CASE-7963,634.9,14,0,1,1,0,12,452.5,4,0.116,0,5,1,unauthorized,1
CASE-7964,12721.65,1,0,0,1,29,4,15218.07,3,0.12,0,6,0,unauthorized,1
CASE-7965,3064.86,16,0,0,1,7,87,3359.78,2,0.25,0,4,2,defective,1
CASE-7966,138549.9,9,1,2,1,0,1,96317.98,1,0.192,1,4,2,item_not_received,1
CASE-7967,19517.59,17,0,1,1,12,52,9599.11,14,0.26,0,5,1,defective,1
CASE-7968,545.56,18,0,0,1,0,20,621.86,2,0.193,1,5,1,item_not_received,1
CASE-7969,65424.02,89,0,2,0,9,15,82451.48,0,0.474,0,3,3,defective,0
CASE-7970,6699.24,16,6,2,0,16,10,16391.69,0,0.431,0,2,4,other,0
CASE-7971,16582.72,11,2,0,1,17,54,9059.45,4,0.56,0,4,2,duplicate,1
CASE-7972,287.56,3,0,0,1,19,6,616.18,8,0.177,0,6,0,item_not_received,1
CASE-7973,1671.47,7,0,5,1,6,1,3648.36,6,0.046,0,6,0,unauthorized,0
CASE-7974,303.56,1,0,0,1,0,6,667.79,4,0.011,0,6,0,item_not_received,1
CASE-7975,67097.4,15,3,0,1,0,6,25332.67,1,0.276,4,4,2,other,0
CASE-7976,17797.68,15,0,0,0,22,11,31884.81,7,0.172,0,4,2,item_not_received,0
CASE-7977,808.03,2,0,1,1,27,24,1791.65,0,0.032,0,3,3,unauthorized,0
CASE-7978,350.98,11,3,0,0,13,78,541.77,5,0.467,0,3,3,unauthorized,0
CASE-7979,934.49,8,0,0,0,12,12,1756.82,3,0.33,2,4,2,item_not_received,0
CASE-7980,12993.2,2,1,0,1,17,1,12364.01,4,0.234,2,4,2,unauthorized,1
CASE-7981,91277.82,12,0,0,0,12,46,43660.55,3,0.081,0,3,3,defective,0
CASE-7982,1280.16,7,0,0,0,17,4,2765.72,3,0.169,1,2,4,other,0
CASE-7983,132299.2,12,0,0,1,0,57,254024.3,0,0.162,0,5,1,item_not_received,1
CASE-7984,107468.41,10,0,0,1,0,2,100664.82,1,0.558,1,5,1,item_not_received,1
CASE-7985,17581.87,3,0,0,1,0,12,41040.39,8,0.353,0,6,0,unauthorized,1
CASE-7986,1603.57,10,0,5,0,1,7,3722.9,8,0.075,0,2,4,unauthorized,0
CASE-7987,62686.84,4,0,0,1,0,15,94696.24,7,0.121,0,6,0,item_not_received,1
CASE-7988,15382.94,1,0,1,1,0,4,21541.61,0,0.103,2,3,3,item_not_received,1
CASE-7989,1985.03,3,1,2,1,0,45,888.96,2,0.417,5,4,2,item_not_received,1
CASE-7990,17538.63,69,2,3,0,20,2,15507.94,3,0.632,4,3,3,item_not_received,0
CASE-7991,5702.83,10,3,0,1,0,21,11554.21,3,0.489,0,5,1,other,1
CASE-7992,1237.11,16,0,0,1,0,26,1680.02,1,0.224,0,5,1,item_not_received,1
CASE-7993,64897.64,19,3,0,1,0,8,47488.71,0,0.546,0,4,2,defective,0
CASE-7994,393.07,19,0,0,1,12,5,526.83,1,0.11,1,5,1,other,1
CASE-7995,519.07,12,3,1,1,0,4,474.29,0,0.505,0,6,0,defective,1
CASE-7996,17611.44,11,0,0,1,0,5,13756.67,1,0.09,0,3,3,unauthorized,0
CASE-7997,15367.84,6,2,0,0,17,39,10322.03,0,0.287,0,3,3,item_not_received,0
CASE-7998,10550.31,4,2,0,1,0,1,5816.28,1,0.299,0,5,1,other,0
CASE-7999,9564.45,6,0,0,1,15,5,8797.71,3,0.067,0,4,2,item_not_received,1
CASE-8000,1630.38,1,0,0,1,0,71,2217.01,14,0.124,0,6,0,unauthorized,0
CASE-8001,1157.24,4,5,0,0,0,3,1701.23,4,0.668,0,2,4,unauthorized,0
CASE-8002,130272.42,3,1,1,0,20,26,224596.07,4,0.134,0,4,2,item_not_received,0
CASE-8003,11851.65,9,0,4,0,16,33,25796.88,7,0.175,0,4,2,item_not_received,0
CASE-8004,8013.49,29,6,5,1,0,45,17626.54,10,0.654,0,5,1,duplicate,0
CASE-8005,141178.47,9,5,2,1,0,50,217096.88,4,0.449,6,6,0,defective,0
CASE-8006,129567.43,4,0,1,0,0,29,137582.1,6,0.098,0,5,1,defective,1
CASE-8007,3686.89,2,0,0,1,0,15,5840.59,2,0.019,2,4,2,defective,1
CASE-8008,81664.21,7,0,2,0,2,7,31333.31,9,0.109,0,3,3,duplicate,1
CASE-8009,3300.85,11,0,1,0,8,6,4902.65,6,0.208,0,2,4,unauthorized,0
CASE-8010,17208.62,36,2,0,1,0,29,10862.92,7,0.239,1,5,1,unauthorized,1
CASE-8011,49747.9,11,0,0,0,4,51,15087.82,3,0.113,2,1,5,defective,0
CASE-8012,12214.48,15,3,2,0,14,13,9507.46,0,0.603,0,2,4,item_not_received,0
CASE-8013,1429.36,4,0,5,1,2,20,502.63,1,0.11,6,4,2,other,0
CASE-8014,18440.64,8,0,0,0,14,23,13364.86,14,0.08,0,2,4,unauthorized,0
CASE-8015,6632.16,2,0,0,0,2,28,9399.46,1,0.153,1,3,3,duplicate,0
CASE-8016,10091.38,99,1,0,0,27,62,14720.24,4,0.275,0,2,4,defective,0
CASE-8017,1116.94,12,0,2,1,0,7,1827.37,4,0.129,5,5,1,item_not_received,1
CASE-8018,13805.36,14,0,6,1,16,27,24826.91,4,0.25,2,6,0,item_not_received,1
CASE-8019,1484.9,8,3,7,0,9,21,2015.55,9,0.27,0,5,1,unauthorized,0
CASE-8020,669.42,19,4,0,0,27,20,1011.98,6,0.371,0,6,0,item_not_received,1
CASE-8021,13508.01,9,2,0,1,0,24,18012.85,2,0.475,0,4,2,unauthorized,0
CASE-8022,2293.16,18,0,1,1,22,29,1182.16,12,0.064,0,4,2,unauthorized,1
CASE-8023,12351.61,75,2,0,1,0,37,3903.34,14,0.425,0,5,1,item_not_received,1
CASE-8024,16575.53,13,0,1,1,0,22,32147.97,10,0.222,2,6,0,unauthorized,1
CASE-8025,486.36,6,3,0,1,0,6,648.97,2,0.405,0,6,0,unauthorized,1
CASE-8026,115341.9,17,3,0,1,0,15,164117.31,2,0.517,5,5,1,unauthorized,0
CASE-8027,1809.74,86,0,2,1,10,26,4308.38,4,0.1,0,6,0,unauthorized,1
CASE-8028,149813.45,7,0,0,1,27,9,290834.19,1,0.09,1,3,3,other,1
CASE-8029,12476.36,13,0,0,1,0,3,30068.77,1,0.155,0,3,3,defective,0
CASE-8030,337.32,2,4,0,0,12,12,410.47,1,0.395,5,4,2,item_not_received,0
CASE-8031,44943.52,12,0,2,1,6,5,77595.44,2,0.488,0,6,0,unauthorized,0
CASE-8032,6102.28,49,3,0,1,0,12,2965.83,4,0.678,3,5,1,other,1
CASE-8033,137619.87,66,0,0,0,11,24,230864.79,7,0.343,0,3,3,item_not_received,1
CASE-8034,1717.34,77,1,2,1,7,80,2432.31,2,0.237,0,3,3,item_not_received,0
CASE-8035,236.95,6,2,1,0,3,3,214.5,7,0.292,2,3,3,defective,0
CASE-8036,1176.94,27,0,6,0,4,30,801.38,0,0.343,2,3,3,item_not_received,0
CASE-8037,19572.85,91,2,1,1,22,2,36649.58,3,0.301,1,4,2,defective,1
CASE-8038,19324.06,12,1,0,1,17,3,41191.48,0,0.373,2,4,2,defective,1
CASE-8039,722.62,11,9,5,0,19,8,1025.24,3,1.0,0,4,2,unauthorized,0
CASE-8040,1706.16,2,0,2,1,0,14,3001.22,0,0.246,0,4,2,other,0
CASE-8041,1013.64,13,0,0,1,0,1,1337.08,4,0.099,2,5,1,item_not_received,1
CASE-8042,1906.38,13,5,0,1,11,5,3421.76,1,0.738,0,5,1,item_not_received,1
CASE-8043,7616.92,2,0,1,1,20,5,5184.59,3,0.033,0,6,0,item_not_received,1
CASE-8044,73154.81,19,0,0,1,0,12,108054.33,1,0.397,0,4,2,unauthorized,0
CASE-8045,1016.3,3,4,1,0,2,21,2496.74,4,0.51,0,2,4,unauthorized,0
CASE-8046,546.74,19,1,0,0,26,65,1117.03,1,0.407,0,3,3,unauthorized,0
CASE-8047,379.32,2,0,0,0,12,4,359.46,10,0.248,2,5,1,item_not_received,1
CASE-8048,1039.31,17,3,0,0,4,19,992.27,0,0.573,0,4,2,item_not_received,0
CASE-8049,1640.41,5,0,2,0,0,87,2743.44,3,0.193,0,3,3,duplicate,0
CASE-8050,5319.88,1,1,0,1,0,67,5061.54,1,0.218,5,5,1,unauthorized,1
CASE-8051,1107.49,9,9,0,1,0,1,1271.07,0,0.832,6,5,1,unauthorized,0
CASE-8052,15662.41,3,3,0,1,0,22,28423.37,0,0.224,0,5,1,other,1
CASE-8053,14680.54,3,0,0,1,0,13,32174.31,2,0.251,0,5,1,item_not_received,1
CASE-8054,13348.36,1,0,1,1,9,1,32464.92,2,0.017,0,3,3,other,1
CASE-8055,3429.0,3,0,0,1,0,17,6370.95,1,0.062,0,5,1,item_not_received,1
CASE-8056,17945.36,15,9,0,1,7,24,27609.9,0,0.759,0,3,3,defective,0
CASE-8057,106047.41,4,0,0,1,0,2,219694.09,0,0.043,0,5,1,unauthorized,1
CASE-8058,9191.84,58,0,0,1,0,8,4116.34,5,0.236,0,5,1,defective,1
CASE-8059,536.61,2,0,0,1,10,14,290.74,3,0.164,0,5,1,item_not_received,1
CASE-8060,1338.47,1,0,0,1,22,14,592.84,0,0.166,0,3,3,unauthorized,0
CASE-8061,562.47,19,6,1,1,0,82,459.42,9,0.45,0,4,2,duplicate,1
CASE-8062,7516.32,7,0,0,0,7,12,12842.09,3,0.147,3,4,2,item_not_received,0
CASE-8063,39148.51,89,0,0,0,3,1,23908.35,4,0.108,0,4,2,unauthorized,0
CASE-8064,76447.96,2,0,0,1,0,38,76992.81,7,0.147,0,4,2,item_not_received,1
CASE-8065,16728.09,10,0,0,0,4,24,37089.59,4,0.247,0,2,4,defective,0
CASE-8066,7406.7,2,0,2,1,29,11,9311.7,7,0.068,0,5,1,unauthorized,1
CASE-8067,18066.83,73,0,0,0,14,36,9951.18,6,0.004,0,4,2,item_not_received,0
CASE-8068,130181.5,34,1,0,0,15,12,280730.3,7,0.389,1,3,3,item_not_received,0
CASE-8069,1968.49,31,0,0,1,0,3,975.02,0,0.367,6,5,1,item_not_received,1
CASE-8070,3624.45,19,0,7,1,1,29,2987.99,7,0.087,0,5,1,item_not_received,1
CASE-8071,3444.55,4,5,4,0,26,26,3551.22,4,0.58,4,5,1,unauthorized,0
CASE-8072,4318.26,8,0,2,1,12,4,6491.11,4,0.168,0,5,1,unauthorized,1
CASE-8073,1752.32,13,0,2,1,8,48,2230.45,2,0.232,2,5,1,duplicate,1
CASE-8074,47141.66,82,1,2,0,10,13,18217.76,1,0.223,0,1,5,unauthorized,0
CASE-8075,1136.71,37,1,0,1,25,35,2449.88,3,0.176,0,6,0,item_not_received,1
CASE-8076,514.79,3,1,0,1,19,89,358.62,1,0.118,0,5,1,unauthorized,1
CASE-8077,7173.78,2,0,0,0,11,13,11524.18,3,0.195,0,5,1,item_not_received,1
CASE-8078,20093.58,7,0,0,1,1,28,28975.37,3,0.096,0,6,0,defective,1
CASE-8079,69023.14,24,0,0,0,23,10,126274.12,1,0.07,0,2,4,unauthorized,0
CASE-8080,34393.4,8,5,2,1,0,2,36460.78,2,0.86,0,3,3,unauthorized,0
CASE-8081,920.43,12,0,0,1,19,14,584.62,3,0.087,0,3,3,duplicate,1
CASE-8082,101190.69,2,1,0,0,27,15,83753.03,0,0.347,1,1,5,unauthorized,0
CASE-8083,3283.03,5,0,0,0,12,12,2025.21,2,0.173,1,4,2,defective,0
CASE-8084,310.73,10,0,6,1,4,13,408.42,8,0.046,0,5,1,item_not_received,0
CASE-8085,1562.29,2,0,0,0,12,5,3759.46,0,0.301,0,0,6,unauthorized,1
CASE-8086,52810.66,1,0,0,1,26,17,63134.49,3,0.101,4,5,1,other,1
CASE-8087,341.01,3,1,0,1,0,1,415.81,4,0.506,0,5,1,item_not_received,1
CASE-8088,97402.06,14,0,0,1,29,24,173605.17,0,0.421,2,5,1,item_not_received,1
CASE-8089,1937.5,15,9,2,1,0,1,939.41,3,0.908,0,4,2,defective,1
CASE-8090,205.73,3,0,0,1,22,49,211.7,13,0.496,6,4,2,defective,1
CASE-8091,19651.77,72,5,0,1,15,6,13222.65,0,0.46,0,5,1,defective,0
CASE-8092,44859.8,2,2,1,1,0,14,100291.71,4,0.397,5,5,1,item_not_received,1
CASE-8093,673.67,7,0,2,0,16,10,759.22,3,0.103,0,3,3,item_not_received,0
CASE-8094,8625.07,83,8,2,0,23,5,20072.78,3,0.651,1,4,2,unauthorized,0
CASE-8095,14796.42,5,0,0,1,0,27,26109.06,4,0.019,0,6,0,defective,1
CASE-8096,8037.5,4,3,0,1,0,23,3626.57,2,0.283,1,4,2,item_not_received,1
CASE-8097,203.39,16,1,5,1,0,1,280.83,10,0.364,1,2,4,unauthorized,0
CASE-8098,147898.59,11,0,1,1,7,2,208200.55,12,0.138,0,5,1,item_not_received,1
CASE-8099,9033.21,1,0,0,0,3,24,16283.24,14,0.25,4,4,2,defective,0
CASE-8100,14999.68,4,0,0,1,3,9,34095.88,11,0.252,0,5,1,defective,1
CASE-8101,218.25,11,0,1,1,0,89,422.11,2,0.091,0,4,2,item_not_received,1
CASE-8102,896.12,16,0,2,1,0,16,319.32,9,0.118,0,5,1,other,1
CASE-8103,142264.06,60,0,1,1,0,21,337946.04,4,0.139,0,6,0,duplicate,1
CASE-8104,1274.86,2,0,0,1,0,68,962.48,0,0.023,0,5,1,item_not_received,1
CASE-8105,101848.1,4,1,2,1,1,9,104110.43,1,0.022,0,3,3,other,0
CASE-8106,17759.67,15,0,0,1,0,6,9773.12,8,0.041,5,4,2,item_not_received,1
CASE-8107,76615.81,35,0,2,1,26,61,64830.31,7,0.041,0,6,0,item_not_received,1
CASE-8108,1128.88,13,8,0,1,0,17,997.73,1,0.886,0,6,0,item_not_received,1
CASE-8109,83886.22,1,0,0,1,0,6,156025.2,8,0.32,0,5,1,item_not_received,1
CASE-8110,11323.36,4,0,0,1,0,29,6470.49,3,0.164,0,4,2,defective,1
CASE-8111,1794.66,8,0,2,0,7,6,3510.42,1,0.078,0,1,5,unauthorized,0
CASE-8112,8677.08,7,2,0,1,25,6,16621.2,3,0.161,1,5,1,item_not_received,1
CASE-8113,11710.03,1,2,0,1,0,21,3739.15,0,0.19,3,5,1,defective,0
CASE-8114,18357.56,44,0,0,1,0,6,17092.06,4,0.182,0,6,0,item_not_received,1
CASE-8115,56739.02,3,0,0,1,0,16,60020.23,4,0.297,0,3,3,item_not_received,1
CASE-8116,16774.39,87,0,0,0,26,18,29827.78,4,0.272,0,4,2,defective,0
CASE-8117,789.63,2,0,0,1,15,25,1681.93,5,0.208,0,4,2,unauthorized,1
CASE-8118,516.03,13,2,0,1,9,30,220.46,0,0.207,1,4,2,item_not_received,1
CASE-8119,6405.06,54,0,0,1,25,10,10508.26,0,0.312,6,3,3,unauthorized,0
CASE-8120,17749.74,6,0,0,0,11,62,21903.5,1,0.247,0,1,5,defective,0
CASE-8121,26196.43,16,0,1,1,0,12,13359.23,1,0.123,0,2,4,unauthorized,0
CASE-8122,18213.68,24,0,0,0,28,2,39581.93,10,0.299,0,5,1,item_not_received,1
CASE-8123,89034.76,2,0,0,0,14,10,150371.0,2,0.06,1,2,4,item_not_received,0
CASE-8124,13873.55,19,0,0,0,22,66,19405.43,0,0.09,1,1,5,defective,0
CASE-8125,67319.66,7,3,0,1,2,23,79316.41,1,0.657,0,4,2,duplicate,1
CASE-8126,17720.71,69,9,0,0,15,19,40403.13,5,0.735,2,2,4,item_not_received,0
CASE-8127,7831.26,2,3,7,1,13,25,16868.52,0,0.27,2,4,2,item_not_received,0
CASE-8128,14774.12,3,0,0,1,0,1,6726.16,0,0.305,0,4,2,unauthorized,1
CASE-8129,124401.69,13,6,1,1,0,1,44637.32,2,1.0,0,3,3,other,1
CASE-8130,3764.02,18,1,2,1,27,12,6314.77,3,0.164,0,5,1,defective,1
CASE-8131,807.8,9,1,2,1,0,23,1456.38,0,0.203,0,3,3,item_not_received,1
CASE-8132,14588.96,19,0,5,1,0,3,31356.94,1,0.271,0,4,2,unauthorized,0
CASE-8133,81343.05,4,0,0,1,10,22,75254.28,1,0.054,0,3,3,item_not_received,1
CASE-8134,134261.84,1,1,0,1,0,22,89387.1,1,0.57,0,4,2,unauthorized,0
CASE-8135,18019.6,4,3,1,1,8,6,15808.52,3,0.345,0,5,1,other,1
CASE-8136,147290.05,26,0,0,0,23,4,236607.65,9,0.023,0,4,2,unauthorized,0
CASE-8137,899.56,1,0,1,1,0,3,1664.89,6,0.192,0,6,0,defective,1
CASE-8138,17696.61,16,0,1,0,17,5,17179.19,4,0.164,4,4,2,item_not_received,0
CASE-8139,128571.54,4,0,0,0,29,30,159378.36,2,0.082,5,0,6,defective,0
CASE-8140,30682.49,3,3,0,1,27,6,42246.42,0,0.183,3,4,2,defective,0
CASE-8141,1331.69,14,2,0,1,0,19,701.83,12,0.539,1,4,2,unauthorized,1
CASE-8142,503.06,12,7,1,0,23,18,653.05,12,0.474,2,5,1,unauthorized,0
CASE-8143,18056.86,2,0,1,1,0,7,31696.82,13,0.154,0,6,0,defective,1
CASE-8144,319.14,87,0,2,1,16,25,240.62,0,0.256,2,4,2,item_not_received,1
CASE-8145,13993.38,12,5,0,1,0,23,9685.43,1,0.44,0,6,0,item_not_received,1
CASE-8146,1816.3,5,3,1,0,22,28,1262.71,4,0.527,0,2,4,unauthorized,0
CASE-8147,1665.58,38,1,0,1,0,28,2191.32,4,0.145,1,6,0,duplicate,1
CASE-8148,32564.08,5,0,2,1,0,22,61854.85,4,0.062,0,6,0,unauthorized,1
CASE-8149,8046.08,91,0,1,1,6,3,17367.06,4,0.256,0,4,2,unauthorized,1
CASE-8150,7678.04,11,0,2,1,0,12,2719.31,4,0.313,0,6,0,unauthorized,1
CASE-8151,14108.97,1,1,0,0,23,1,27150.2,8,0.268,0,3,3,item_not_received,0
CASE-8152,17845.35,15,8,0,1,0,10,23480.16,2,0.774,1,6,0,other,0
CASE-8153,13762.34,14,0,2,1,0,27,12469.36,2,0.245,2,4,2,item_not_received,1
CASE-8154,1654.34,84,0,0,1,0,25,3633.14,3,0.301,0,5,1,item_not_received,1
CASE-8155,4582.24,1,0,1,0,11,7,4181.96,10,0.282,0,4,2,defective,0
CASE-8156,16857.44,12,3,0,0,9,26,19778.49,10,0.374,0,2,4,other,0
CASE-8157,1732.58,1,0,0,1,4,9,3109.0,0,0.166,0,5,1,other,1
CASE-8158,1889.64,11,0,7,0,11,2,3438.2,1,0.067,0,5,1,duplicate,0
CASE-8159,70980.98,96,0,1,0,10,24,73403.2,11,0.14,0,5,1,duplicate,0
CASE-8160,10104.15,92,0,5,1,0,10,19907.45,0,0.17,1,5,1,item_not_received,1
CASE-8161,3638.59,16,3,0,0,9,9,6049.77,0,0.506,0,3,3,unauthorized,0
CASE-8162,7681.82,16,0,0,0,2,2,13010.7,13,0.357,0,5,1,duplicate,0
CASE-8163,6337.7,10,2,7,1,21,35,4856.14,2,0.228,0,5,1,item_not_received,0
CASE-8164,17557.76,11,4,0,1,0,3,36972.47,0,0.386,1,4,2,item_not_received,1
CASE-8165,982.32,15,0,0,0,20,27,1633.63,0,0.117,0,2,4,item_not_received,1
CASE-8166,8646.19,7,8,2,0,26,28,19007.5,1,1.0,1,3,3,unauthorized,0
CASE-8167,11946.36,1,8,0,0,23,3,11502.11,13,0.955,0,4,2,defective,0
CASE-8168,1083.99,26,6,1,1,0,11,1419.71,10,0.552,0,4,2,defective,0
CASE-8169,239.98,80,0,1,1,0,6,363.81,14,0.155,0,5,1,unauthorized,1
CASE-8170,18292.84,17,1,1,1,21,13,44918.6,3,0.187,1,5,1,other,1
CASE-8171,15916.25,13,1,0,1,8,25,30279.0,0,0.241,0,5,1,other,1
CASE-8172,148081.49,24,0,2,1,0,26,289864.22,4,0.302,0,3,3,unauthorized,0
CASE-8173,879.13,9,2,0,0,19,8,2000.18,1,0.177,0,1,5,item_not_received,0
CASE-8174,875.69,1,0,0,1,28,2,340.49,4,0.218,0,6,0,unauthorized,0
CASE-8175,9655.31,2,0,0,0,22,17,18760.53,1,0.068,0,3,3,item_not_received,0
CASE-8176,42981.22,13,1,1,0,19,19,98386.05,0,0.738,0,4,2,item_not_received,0
CASE-8177,1914.88,5,0,5,1,0,6,4000.71,2,0.115,4,5,1,unauthorized,1
CASE-8178,67118.76,20,0,0,1,0,55,124819.17,7,0.043,1,4,2,other,1
CASE-8179,64839.77,1,0,0,1,12,8,20564.57,11,0.236,4,5,1,duplicate,1
CASE-8180,25791.39,5,0,0,1,0,64,31691.95,0,0.154,5,2,4,item_not_received,1
CASE-8181,1262.77,73,2,2,0,16,1,2394.85,0,0.436,0,2,4,unauthorized,0
CASE-8182,13361.37,67,1,1,1,0,2,18123.78,8,0.261,2,6,0,defective,1
CASE-8183,9024.8,13,3,3,1,4,27,2735.16,4,0.668,2,5,1,item_not_received,1
CASE-8184,4179.14,3,0,0,1,18,7,4559.99,9,0.016,0,4,2,item_not_received,1
CASE-8185,125919.86,1,8,5,1,15,4,94729.21,2,0.922,6,2,4,item_not_received,0
CASE-8186,1008.49,2,0,0,1,0,11,877.16,6,0.069,4,4,2,defective,1
CASE-8187,81690.03,13,0,5,0,18,75,112409.49,10,0.18,0,2,4,unauthorized,0
CASE-8188,105979.85,12,0,0,0,9,84,241185.23,4,0.199,0,3,3,other,0
CASE-8189,3399.43,95,0,5,1,0,7,6964.51,0,0.026,0,5,1,item_not_received,1
CASE-8190,12441.37,79,7,0,1,16,22,31076.72,14,1.0,0,4,2,unauthorized,0
CASE-8191,14412.62,9,0,2,1,26,24,12212.45,3,0.196,0,5,1,duplicate,1
CASE-8192,113288.18,1,0,0,1,0,80,147038.04,10,0.016,1,5,1,defective,0
CASE-8193,429.33,61,0,0,1,0,3,1019.41,4,0.096,0,5,1,duplicate,1
CASE-8194,146805.96,12,0,1,1,5,29,274390.1,0,0.1,2,5,1,item_not_received,1
CASE-8195,6331.78,8,0,3,1,20,4,9701.44,1,0.471,3,4,2,defective,0
CASE-8196,1424.55,4,1,0,1,0,77,2450.56,4,0.475,6,4,2,item_not_received,1
CASE-8197,297.83,6,0,2,1,0,26,287.01,0,0.089,1,5,1,defective,0
CASE-8198,1220.64,31,0,1,1,29,15,1787.22,4,0.183,6,5,1,unauthorized,1
CASE-8199,959.58,11,0,0,1,0,9,2027.93,6,0.18,4,4,2,item_not_received,1
CASE-8200,1257.89,22,3,0,0,12,16,1783.19,6,0.407,4,3,3,duplicate,0
CASE-8201,1125.46,3,6,0,1,6,29,1134.33,0,0.636,0,3,3,duplicate,1
CASE-8202,736.82,1,0,0,1,0,12,524.65,12,0.155,2,4,2,unauthorized,1
CASE-8203,12568.24,18,3,1,1,0,26,29398.41,3,0.506,0,3,3,defective,1
CASE-8204,11354.79,66,2,0,1,9,28,15782.21,13,0.107,0,5,1,unauthorized,1
CASE-8205,121695.89,45,0,7,1,11,18,151993.22,0,0.128,2,6,0,item_not_received,0
CASE-8206,1559.42,46,2,0,0,3,26,864.15,0,0.231,5,4,2,duplicate,0
CASE-8207,133624.24,16,0,0,1,28,18,185485.03,14,0.187,0,6,0,defective,1
CASE-8208,99184.98,86,0,1,1,0,15,235740.41,2,0.088,0,6,0,other,1
CASE-8209,108466.8,9,0,0,1,4,2,270431.13,3,0.186,0,3,3,item_not_received,1
CASE-8210,969.91,3,2,1,0,0,46,1014.22,8,0.211,4,3,3,item_not_received,0
CASE-8211,1146.25,2,9,0,1,0,39,390.79,4,0.737,6,5,1,item_not_received,0
CASE-8212,112414.43,17,2,1,1,0,3,128750.16,11,0.588,0,5,1,unauthorized,1
CASE-8213,125790.41,7,3,0,1,5,2,120781.22,0,0.252,0,3,3,other,1
CASE-8214,111339.96,19,3,0,1,0,5,92100.32,7,0.214,0,6,0,item_not_received,1
CASE-8215,121401.13,3,0,0,1,0,1,202970.94,6,0.427,0,5,1,item_not_received,1
CASE-8216,10953.0,7,3,0,1,27,18,25621.21,13,0.657,0,4,2,item_not_received,1
CASE-8217,144787.82,12,1,0,1,0,23,115848.15,4,0.279,1,6,0,unauthorized,1
CASE-8218,147558.5,13,4,2,0,17,3,158735.77,3,0.709,2,2,4,defective,0
CASE-8219,13716.09,1,3,0,0,24,10,34101.7,2,0.503,2,3,3,defective,0
CASE-8220,17462.72,14,1,6,1,0,4,32843.28,4,0.46,0,6,0,unauthorized,0
CASE-8221,8392.39,23,0,0,1,0,2,8725.32,0,0.151,0,6,0,item_not_received,1
CASE-8222,134299.78,1,0,0,0,22,58,122407.42,9,0.131,0,2,4,defective,0
CASE-8223,10356.38,3,1,0,0,7,19,5514.4,4,0.14,2,4,2,unauthorized,1
CASE-8224,488.07,3,1,0,1,0,2,281.53,0,0.272,0,5,1,other,1
CASE-8225,15457.96,61,2,0,1,0,1,25795.64,4,0.428,4,5,1,unauthorized,1
CASE-8226,31637.12,7,1,0,1,0,3,46779.71,10,0.143,1,4,2,item_not_received,1
CASE-8227,1376.22,16,8,0,1,15,39,3421.53,4,1.0,1,3,3,item_not_received,0
CASE-8228,121992.74,3,2,1,0,27,14,91028.25,2,0.217,0,2,4,unauthorized,0
CASE-8229,6858.29,1,7,2,0,23,18,6588.88,0,0.563,0,3,3,unauthorized,0
CASE-8230,1980.8,35,0,0,1,0,87,2327.72,8,0.128,0,4,2,other,1
CASE-8231,1298.56,53,0,0,1,0,3,2809.65,2,0.151,2,4,2,unauthorized,1
CASE-8232,657.0,11,1,0,1,13,6,314.43,13,0.161,0,6,0,unauthorized,1
CASE-8233,2029.74,87,2,0,1,1,9,2787.95,1,0.2,2,4,2,other,0
CASE-8234,667.11,7,0,0,0,29,68,241.87,4,0.427,0,4,2,defective,1
CASE-8235,128190.07,10,5,0,0,24,1,262171.81,5,0.526,5,4,2,other,0
CASE-8236,6818.07,1,0,1,1,7,1,6690.16,14,0.15,6,4,2,item_not_received,1
CASE-8237,719.81,75,6,2,1,0,21,1773.44,12,0.62,0,6,0,item_not_received,1
CASE-8238,80864.78,73,0,0,1,0,28,27503.03,5,0.175,6,5,1,item_not_received,1
CASE-8239,1871.73,26,0,4,1,0,10,3038.05,3,0.183,4,4,2,other,1
CASE-8240,1548.54,4,0,0,0,3,8,1764.58,2,0.053,0,3,3,duplicate,0
CASE-8241,590.56,3,0,0,0,0,26,1469.97,4,0.088,0,4,2,unauthorized,0
CASE-8242,148686.45,1,0,2,1,0,22,333473.29,4,0.158,2,4,2,unauthorized,1
CASE-8243,7254.01,3,3,2,1,0,10,10625.17,1,0.585,0,4,2,item_not_received,1
CASE-8244,263.68,3,0,0,0,10,1,644.02,12,0.033,1,1,5,unauthorized,0
CASE-8245,1423.99,57,0,0,1,19,19,1142.18,8,0.278,2,5,1,defective,1
CASE-8246,375.81,18,0,0,1,0,9,818.62,2,0.135,0,3,3,item_not_received,1
CASE-8247,3760.88,4,0,0,0,5,9,5903.24,2,0.198,2,3,3,item_not_received,0
CASE-8248,116866.09,85,0,0,1,0,1,57451.46,3,0.294,0,4,2,unauthorized,1
CASE-8249,201.06,6,0,0,0,23,57,109.74,4,0.033,0,5,1,item_not_received,0
CASE-8250,130417.26,1,0,0,1,0,21,276671.35,0,0.124,0,5,1,item_not_received,1
CASE-8251,2874.44,16,0,0,1,0,75,2116.17,2,0.102,2,3,3,unauthorized,0
CASE-8252,5877.16,7,5,6,1,3,3,3817.1,1,0.523,1,4,2,other,0
CASE-8253,11161.66,1,2,1,0,25,20,5386.66,2,0.22,4,5,1,defective,0
CASE-8254,14730.74,2,2,1,0,9,12,33666.52,1,0.227,0,5,1,unauthorized,0
CASE-8255,11506.95,49,0,0,0,11,24,5211.82,0,0.092,2,2,4,item_not_received,0
CASE-8256,14629.6,4,0,0,0,11,1,29898.97,9,0.063,0,4,2,item_not_received,0
CASE-8257,16313.95,95,1,0,1,22,2,31148.16,3,0.201,4,5,1,unauthorized,1
CASE-8258,1323.93,1,0,3,0,25,23,2220.74,1,0.294,0,5,1,defective,1
CASE-8259,1733.35,2,0,5,1,26,15,3529.4,3,0.045,0,4,2,unauthorized,1
CASE-8260,922.59,10,3,7,1,0,3,2214.14,0,0.534,0,5,1,item_not_received,1
CASE-8261,110637.91,3,2,1,1,0,24,222410.11,0,0.329,2,5,1,item_not_received,1
CASE-8262,211.67,1,2,0,1,0,6,428.67,11,0.277,0,4,2,unauthorized,1
CASE-8263,136552.82,2,3,0,0,7,4,294064.22,1,0.215,0,3,3,defective,0
CASE-8264,64709.93,1,2,0,0,4,4,31452.15,0,0.364,0,4,2,item_not_received,0
CASE-8265,482.53,2,0,0,1,0,60,814.63,1,0.302,0,3,3,unauthorized,1
CASE-8266,10940.69,1,0,0,1,0,44,17031.53,0,0.11,5,4,2,item_not_received,1
CASE-8267,910.02,3,0,0,0,21,23,1844.81,3,0.059,0,2,4,defective,0
CASE-8268,96308.13,4,0,0,0,1,28,75324.34,1,0.27,2,3,3,item_not_received,0
CASE-8269,981.86,1,0,0,0,4,17,318.03,0,0.097,0,2,4,item_not_received,0
CASE-8270,1514.75,8,2,1,0,0,5,655.67,4,0.087,0,4,2,item_not_received,0
CASE-8271,45288.89,3,1,2,1,11,27,33022.26,14,0.108,0,4,2,unauthorized,1
CASE-8272,442.6,4,0,0,1,12,85,741.1,0,0.214,0,4,2,unauthorized,0
CASE-8273,26957.58,12,0,0,1,0,15,32479.15,0,0.178,2,5,1,defective,0
CASE-8274,4954.81,13,7,1,0,24,5,9010.37,3,0.547,0,3,3,defective,0
CASE-8275,94203.47,8,0,0,0,24,28,231743.5,3,0.441,2,2,4,defective,0
CASE-8276,771.55,8,9,0,1,0,21,1152.27,0,0.757,2,4,2,item_not_received,0
CASE-8277,8480.98,47,3,0,1,0,11,13147.68,6,0.392,0,5,1,other,1
CASE-8278,12115.55,11,3,0,0,29,6,10917.57,1,0.818,1,2,4,defective,0
CASE-8279,490.63,1,4,0,1,0,35,1071.62,11,0.678,2,6,0,defective,1
CASE-8280,10077.93,11,0,0,1,0,14,16423.29,3,0.114,2,4,2,other,1
CASE-8281,17368.44,6,3,0,1,21,4,27050.9,2,0.499,0,5,1,other,1
CASE-8282,10422.94,4,0,0,1,2,5,15108.35,4,0.101,2,5,1,item_not_received,1
CASE-8283,6746.85,14,0,0,1,15,6,9058.11,13,0.135,4,3,3,unauthorized,1
CASE-8284,116672.19,2,9,0,1,0,28,228207.87,0,1.0,0,5,1,unauthorized,0
CASE-8285,10981.77,12,6,0,1,11,11,15361.9,7,0.736,2,3,3,unauthorized,0
CASE-8286,1117.74,95,3,0,1,0,18,2140.91,9,0.354,0,5,1,item_not_received,1
CASE-8287,1743.5,8,0,0,0,12,1,3841.31,2,0.323,0,3,3,item_not_received,0
CASE-8288,13212.7,35,0,0,1,11,33,21308.84,1,0.09,0,6,0,duplicate,1
CASE-8289,1942.91,4,1,0,1,0,2,1734.46,3,0.243,0,4,2,unauthorized,1
CASE-8290,1471.27,10,6,2,0,18,21,1800.99,6,0.787,2,2,4,item_not_received,0
CASE-8291,590.62,5,0,0,1,2,12,884.58,0,0.217,5,5,1,item_not_received,1
CASE-8292,69506.36,3,0,0,1,0,3,78130.15,7,0.111,0,6,0,other,1
CASE-8293,54457.87,6,0,0,1,5,5,122938.94,2,0.214,0,6,0,defective,1
CASE-8294,128167.35,12,0,0,1,0,69,293573.09,2,0.212,1,4,2,item_not_received,1
CASE-8295,1679.53,16,0,1,0,24,80,3240.89,0,0.125,0,4,2,item_not_received,0
CASE-8296,735.57,14,0,6,1,0,4,1281.91,0,0.391,2,4,2,unauthorized,0
CASE-8297,146022.43,64,0,0,0,21,25,356218.46,1,0.055,1,3,3,unauthorized,1
CASE-8298,15480.92,88,7,0,1,0,3,15710.38,4,0.923,0,4,2,item_not_received,1
CASE-8299,90298.26,77,2,2,1,0,68,60112.15,4,0.225,2,6,0,duplicate,1
CASE-8300,1819.49,12,9,0,0,19,3,2016.75,6,0.909,2,1,5,duplicate,0
CASE-8301,55172.95,17,0,5,0,22,12,93594.3,0,0.026,2,2,4,item_not_received,0
CASE-8302,21261.34,4,0,1,1,0,16,33108.72,2,0.076,0,3,3,item_not_received,1
CASE-8303,54474.48,3,0,1,1,0,81,56628.31,14,0.072,1,6,0,item_not_received,1
CASE-8304,51504.85,14,0,0,0,6,16,28804.5,0,0.218,0,4,2,item_not_received,0
CASE-8305,128567.06,6,3,2,0,22,2,253353.75,2,0.208,0,4,2,unauthorized,0
CASE-8306,7208.69,15,4,0,1,0,24,8817.69,3,0.357,0,3,3,unauthorized,1
CASE-8307,41739.75,5,0,2,1,0,2,92946.38,0,0.115,1,3,3,unauthorized,1
CASE-8308,11205.95,11,0,0,1,19,67,27089.26,1,0.073,3,4,2,unauthorized,0
CASE-8309,91698.19,6,0,0,1,0,3,51584.66,12,0.217,1,5,1,unauthorized,0
CASE-8310,251.38,4,1,0,0,20,16,448.96,2,0.256,0,3,3,other,0
CASE-8311,15602.71,2,1,0,0,16,2,38706.1,4,0.11,1,3,3,unauthorized,0
CASE-8312,1704.57,8,3,0,0,5,6,3101.55,2,0.285,0,2,4,duplicate,0
CASE-8313,1882.31,12,2,3,1,0,15,1402.74,1,0.23,0,4,2,defective,1
CASE-8314,1109.94,5,0,0,1,0,4,2588.63,2,0.207,0,5,1,defective,1
CASE-8315,1600.84,18,1,1,1,3,47,1524.04,1,0.094,0,3,3,defective,0
CASE-8316,5079.77,17,0,2,0,3,55,1558.12,0,0.278,0,4,2,duplicate,0
CASE-8317,943.75,8,0,0,1,0,6,895.74,1,0.062,1,5,1,other,1
CASE-8318,19701.88,4,2,0,1,0,21,33413.3,12,0.491,0,5,1,item_not_received,1
CASE-8319,14402.25,4,0,0,0,9,3,24544.9,4,0.157,1,4,2,item_not_received,0
CASE-8320,26010.72,16,0,5,0,8,6,59499.35,0,0.424,0,2,4,defective,0
CASE-8321,8896.47,6,2,2,0,11,1,3734.93,9,0.325,0,1,5,item_not_received,0
CASE-8322,1344.52,81,9,0,1,0,7,1407.42,9,1.0,0,6,0,defective,0
CASE-8323,210.53,9,0,2,1,21,58,423.75,3,0.112,0,3,3,duplicate,0
CASE-8324,124901.51,17,8,0,1,7,79,146836.96,1,1.0,0,6,0,duplicate,1
CASE-8325,18565.5,1,0,0,0,28,2,27322.44,0,0.297,1,3,3,defective,0
CASE-8326,373.67,15,1,0,1,11,9,683.25,0,0.298,0,5,1,item_not_received,1
CASE-8327,56767.05,5,4,0,1,0,13,97818.23,1,0.517,2,5,1,duplicate,1
CASE-8328,18057.57,34,2,2,0,15,12,29429.1,0,0.567,0,4,2,other,0
CASE-8329,757.85,14,2,5,1,26,5,1816.75,3,0.174,0,3,3,item_not_received,0
CASE-8330,9166.01,85,2,0,1,23,16,17401.18,7,0.359,5,6,0,unauthorized,1
CASE-8331,17801.23,28,2,0,1,6,35,29592.82,5,0.4,4,6,0,item_not_received,1
CASE-8332,18285.5,4,9,0,1,10,8,20139.02,3,0.911,5,5,1,unauthorized,0
CASE-8333,10822.78,3,2,7,0,26,74,20806.22,5,0.252,0,5,1,defective,0
CASE-8334,6028.43,95,1,5,1,0,48,7075.15,4,0.204,0,4,2,item_not_received,1
CASE-8335,128160.82,4,1,0,1,3,42,75030.07,4,0.067,6,6,0,unauthorized,1
CASE-8336,1161.98,10,0,0,1,18,8,870.01,6,0.074,0,4,2,unauthorized,1
CASE-8337,18785.71,4,3,1,0,4,1,15378.96,2,0.48,0,0,6,item_not_received,0
CASE-8338,414.93,16,0,0,1,0,32,331.97,14,0.102,3,6,0,defective,1
CASE-8339,747.09,16,3,0,1,0,15,1841.64,6,0.404,0,6,0,item_not_received,0
CASE-8340,117320.15,13,0,0,1,16,6,165544.85,4,0.13,0,5,1,item_not_received,1
CASE-8341,1966.53,10,0,0,1,0,19,863.01,0,0.123,0,6,0,defective,1
CASE-8342,14570.57,3,9,1,0,26,49,16452.88,14,0.811,5,3,3,item_not_received,0
CASE-8343,10560.07,3,2,0,1,10,19,13556.32,0,0.407,0,3,3,duplicate,0
CASE-8344,7967.88,6,2,0,0,25,13,16881.07,4,0.284,0,5,1,item_not_received,0
CASE-8345,2944.84,1,0,2,1,0,2,5334.8,14,0.121,0,6,0,item_not_received,1
CASE-8346,456.23,14,0,0,1,18,7,468.18,4,0.113,6,5,1,unauthorized,1
CASE-8347,1820.31,6,9,3,0,0,15,1447.65,0,1.0,0,4,2,unauthorized,0
CASE-8348,266.6,15,0,2,1,25,75,458.13,3,0.067,0,4,2,unauthorized,0
CASE-8349,10410.32,63,2,1,1,0,78,15291.86,0,0.141,0,5,1,item_not_received,1
CASE-8350,16476.54,36,0,2,1,0,24,8256.34,0,0.257,0,6,0,item_not_received,1
CASE-8351,80480.45,3,0,1,0,28,25,174343.13,1,0.096,0,4,2,item_not_received,0
CASE-8352,132115.39,9,1,0,1,0,12,107150.72,14,0.521,0,5,1,duplicate,1
CASE-8353,1871.4,18,3,0,0,26,61,4040.55,3,0.534,2,2,4,item_not_received,0
CASE-8354,14566.53,81,0,0,1,10,5,12140.35,0,0.209,0,2,4,unauthorized,1
CASE-8355,5807.94,13,0,0,0,12,26,4680.15,3,0.335,0,5,1,defective,0
CASE-8356,1496.01,7,9,2,1,4,38,2309.71,5,0.778,0,6,0,duplicate,0
CASE-8357,66220.4,15,0,2,0,21,67,84976.24,4,0.225,1,4,2,item_not_received,0
CASE-8358,656.33,15,0,1,1,0,20,821.25,6,0.045,0,6,0,item_not_received,1
CASE-8359,14002.2,11,2,0,0,1,59,31754.59,4,0.165,1,2,4,unauthorized,0
CASE-8360,108184.66,3,3,2,1,0,6,149119.29,3,0.593,1,6,0,item_not_received,1
CASE-8361,13981.9,9,0,2,1,0,1,25700.69,3,0.132,0,3,3,unauthorized,0
CASE-8362,564.55,19,2,0,0,22,1,920.81,1,0.215,0,2,4,duplicate,0
CASE-8363,1632.54,11,0,2,1,0,6,2965.05,0,0.363,0,4,2,defective,0
CASE-8364,336.01,2,1,0,0,3,85,525.71,12,0.057,2,2,4,item_not_received,0
CASE-8365,19686.7,14,0,6,0,10,17,23698.73,2,0.042,2,3,3,unauthorized,0
CASE-8366,86747.45,15,0,0,1,0,2,89370.24,4,0.187,1,5,1,other,0
CASE-8367,12250.26,3,6,0,0,26,13,9816.12,1,0.735,2,2,4,item_not_received,0
CASE-8368,610.22,3,1,0,1,0,2,185.18,1,0.275,0,3,3,item_not_received,1
CASE-8369,15675.77,5,3,0,1,26,14,37938.17,0,0.48,0,4,2,unauthorized,0
CASE-8370,55113.47,2,3,0,0,25,9,137381.13,0,0.465,4,2,4,unauthorized,0
CASE-8371,1703.42,97,3,0,1,23,3,2449.43,8,0.469,0,4,2,item_not_received,1
CASE-8372,16730.42,3,0,0,1,10,42,23730.54,4,0.121,0,4,2,other,1
CASE-8373,1155.51,3,0,0,1,0,11,2725.26,1,0.222,0,4,2,item_not_received,1
CASE-8374,642.87,19,2,5,0,25,6,297.67,0,0.06,0,5,1,other,0
CASE-8375,1684.36,4,1,1,1,0,39,2889.91,1,0.191,5,4,2,duplicate,1
CASE-8376,17137.23,17,2,6,1,15,4,6405.74,7,0.587,2,5,1,defective,0
CASE-8377,1111.26,3,5,0,1,0,71,2166.7,1,0.843,0,4,2,item_not_received,1
CASE-8378,12758.2,1,1,0,1,18,20,15986.11,0,0.21,0,6,0,unauthorized,0
CASE-8379,1157.56,58,2,0,0,25,9,1174.12,1,0.4,0,2,4,defective,0
CASE-8380,33392.98,20,2,0,0,25,16,35997.72,11,0.362,0,3,3,defective,0
CASE-8381,9361.16,3,0,0,1,0,21,5694.4,0,0.19,0,6,0,item_not_received,1
CASE-8382,9449.82,6,0,0,1,0,25,8928.91,3,0.081,0,4,2,item_not_received,1
CASE-8383,648.22,8,0,0,0,22,1,1425.2,2,0.17,0,6,0,item_not_received,1
CASE-8384,1814.42,18,2,0,0,26,1,1800.45,4,0.547,0,3,3,defective,0
CASE-8385,116730.92,82,1,0,0,16,15,84082.0,3,0.236,0,2,4,unauthorized,0
CASE-8386,1152.4,17,2,0,0,2,23,849.28,0,0.66,0,4,2,duplicate,0
CASE-8387,18518.27,10,6,0,1,27,17,7723.16,11,0.536,0,4,2,defective,0
CASE-8388,18636.48,55,0,0,1,0,81,41185.33,1,0.084,0,5,1,unauthorized,1
CASE-8389,130150.07,2,4,6,1,9,29,315818.4,4,0.54,0,5,1,defective,0
CASE-8390,17356.31,83,3,0,0,3,16,11759.79,0,0.545,3,3,3,unauthorized,0
CASE-8391,19337.87,2,6,0,1,0,2,17601.25,0,0.356,0,6,0,item_not_received,1
CASE-8392,8162.31,2,8,0,0,0,3,4569.57,0,1.0,0,5,1,other,0
CASE-8393,2489.69,18,1,1,1,0,84,6129.18,0,0.107,0,4,2,item_not_received,1
CASE-8394,6035.1,13,8,0,0,10,21,3584.86,3,0.992,0,3,3,defective,0
CASE-8395,18584.91,2,0,2,0,24,24,38921.36,0,0.18,0,3,3,unauthorized,0
CASE-8396,18704.01,1,0,0,0,21,1,37228.61,5,0.081,0,5,1,defective,0
CASE-8397,99139.78,14,0,0,1,25,4,180844.63,0,0.115,2,3,3,defective,1
CASE-8398,673.15,4,0,0,1,0,16,707.58,0,0.123,0,3,3,other,1
CASE-8399,1457.61,58,0,2,1,0,25,3308.15,4,0.027,0,5,1,other,1
CASE-8400,38613.79,1,4,3,1,4,29,33565.87,4,0.822,2,6,0,item_not_received,0
CASE-8401,120967.36,7,0,0,1,9,10,269871.2,1,0.131,6,6,0,item_not_received,1
CASE-8402,19663.64,9,0,0,0,20,24,27704.49,6,0.163,0,3,3,duplicate,1
CASE-8403,1920.87,10,0,2,1,0,3,1708.62,3,0.194,0,6,0,duplicate,0
CASE-8404,108496.62,3,0,0,1,11,6,105817.81,3,0.087,0,4,2,unauthorized,1
CASE-8405,24340.33,6,0,0,1,0,9,23853.4,1,0.072,2,5,1,item_not_received,1
CASE-8406,16593.23,3,9,5,0,17,37,18924.68,9,1.0,6,3,3,defective,0
CASE-8407,588.74,11,0,0,1,1,73,828.11,3,0.147,0,4,2,unauthorized,0
CASE-8408,1688.71,31,0,0,1,0,2,3893.36,1,0.23,0,6,0,defective,1
CASE-8409,12176.04,1,0,0,1,0,29,11702.63,4,0.186,0,5,1,item_not_received,1
CASE-8410,81141.68,4,0,5,1,7,4,171648.45,1,0.508,0,4,2,defective,0
CASE-8411,1522.5,1,0,0,1,0,9,3317.9,4,0.124,6,3,3,item_not_received,1
CASE-8412,12017.86,1,0,0,0,22,10,10234.14,3,0.062,0,3,3,unauthorized,0
CASE-8413,62910.95,15,7,1,0,2,1,99819.98,7,0.902,0,2,4,other,0
CASE-8414,4731.94,3,1,2,1,11,78,8240.46,2,0.24,0,3,3,duplicate,0
CASE-8415,618.78,14,0,0,1,4,1,1130.56,10,0.023,3,4,2,defective,1
CASE-8416,139440.49,25,2,6,0,19,21,161464.47,8,0.221,0,4,2,defective,0
CASE-8417,23115.09,4,6,2,1,0,1,18983.55,9,0.512,0,4,2,defective,1
CASE-8418,1764.51,12,3,0,1,0,4,3780.61,13,0.446,0,6,0,other,1
CASE-8419,17028.67,16,0,0,0,15,1,7847.64,3,0.467,0,1,5,item_not_received,0
CASE-8420,10503.71,17,0,2,0,16,9,16474.41,4,0.08,0,2,4,item_not_received,0
CASE-8421,41859.68,92,0,2,1,17,83,51859.56,1,0.275,0,2,4,item_not_received,1
CASE-8422,15999.07,4,1,0,1,9,3,33615.99,2,0.126,0,4,2,item_not_received,1
CASE-8423,1830.28,2,0,2,1,0,21,1609.56,3,0.215,1,5,1,defective,1
CASE-8424,6572.98,5,0,1,0,14,3,4251.71,3,0.094,3,3,3,item_not_received,1
CASE-8425,104842.63,19,1,0,1,0,28,174004.86,3,0.615,0,6,0,unauthorized,1
CASE-8426,110880.18,59,2,0,0,0,20,164870.48,1,0.196,0,1,5,item_not_received,0
CASE-8427,16379.83,2,0,0,1,1,1,39694.13,0,0.06,1,6,0,unauthorized,1
CASE-8428,26110.19,4,0,0,0,8,12,41297.53,11,0.136,0,0,6,item_not_received,0
CASE-8429,129006.45,7,9,0,0,0,63,269806.26,2,0.747,6,6,0,unauthorized,0
CASE-8430,2345.02,19,0,0,1,0,9,1465.0,1,0.074,0,4,2,other,1
CASE-8431,794.74,53,0,0,0,16,69,556.22,10,0.226,2,2,4,duplicate,1
CASE-8432,576.92,3,0,0,1,0,45,1163.08,6,0.038,1,5,1,unauthorized,0
CASE-8433,5126.16,52,0,0,0,11,69,3689.04,0,0.31,0,2,4,other,0
CASE-8434,7888.99,3,0,0,1,17,2,8380.63,2,0.29,0,5,1,item_not_received,1
CASE-8435,9883.67,87,2,0,1,10,8,12044.84,0,0.281,1,5,1,duplicate,1
CASE-8436,16465.7,5,0,0,0,4,28,15963.43,0,0.126,1,3,3,item_not_received,0
CASE-8437,1792.49,17,2,2,0,18,26,3353.61,3,0.345,1,4,2,item_not_received,0
CASE-8438,1956.56,15,0,0,0,12,27,3450.21,6,0.041,0,4,2,unauthorized,1
CASE-8439,103878.92,10,7,1,1,26,15,247007.2,1,0.987,0,3,3,item_not_received,1
CASE-8440,17234.03,3,6,0,0,11,67,20713.69,4,0.509,0,2,4,defective,0
CASE-8441,2986.41,3,2,0,1,0,4,1310.96,0,0.464,0,6,0,duplicate,1
CASE-8442,1022.88,2,8,1,1,0,1,1134.91,0,1.0,0,6,0,defective,0
CASE-8443,10029.09,17,7,0,1,0,28,24220.93,12,1.0,3,6,0,item_not_received,1
CASE-8444,9733.75,11,4,0,1,0,4,14886.09,4,0.452,0,4,2,defective,0
CASE-8445,3116.84,13,0,7,1,0,86,2213.11,3,0.134,0,5,1,item_not_received,1
CASE-8446,109465.66,19,6,0,0,5,7,264789.4,2,0.592,1,1,5,item_not_received,0
CASE-8447,149032.35,4,1,7,1,0,9,217226.41,14,0.107,0,5,1,item_not_received,1
CASE-8448,4726.43,7,2,0,1,7,3,6186.14,0,0.371,0,4,2,item_not_received,1
CASE-8449,788.18,15,0,2,1,28,9,745.78,4,0.106,0,5,1,unauthorized,0
CASE-8450,1346.59,25,2,2,1,0,18,2663.65,12,0.337,0,6,0,unauthorized,1
CASE-8451,122878.84,2,0,0,1,0,70,113349.77,7,0.036,0,6,0,other,1
CASE-8452,15505.39,75,2,5,0,23,16,19837.51,0,0.456,2,4,2,item_not_received,0
CASE-8453,14309.48,3,0,2,0,25,33,19895.31,4,0.196,0,3,3,defective,0
CASE-8454,1359.01,45,9,0,0,4,64,1588.24,14,1.0,0,3,3,item_not_received,0
CASE-8455,104887.41,14,3,7,0,5,5,39304.08,3,0.566,2,2,4,item_not_received,0
CASE-8456,585.36,17,0,0,0,9,9,275.87,10,0.243,0,4,2,duplicate,0
CASE-8457,12894.23,15,3,0,0,24,4,29891.12,0,0.359,0,2,4,defective,0
CASE-8458,11217.19,1,0,4,1,0,22,19590.03,0,0.227,0,3,3,item_not_received,0
CASE-8459,38684.64,6,0,0,0,23,11,86612.57,1,0.124,5,1,5,item_not_received,0
CASE-8460,14364.93,15,8,0,1,22,3,17443.0,0,1.0,0,3,3,unauthorized,0
CASE-8461,869.21,15,0,2,1,0,54,2020.88,8,0.035,0,6,0,unauthorized,1
CASE-8462,228.05,15,0,0,1,1,2,531.08,10,0.281,2,5,1,item_not_received,1
CASE-8463,4522.16,2,2,0,1,23,27,7238.45,2,0.178,2,4,2,defective,1
CASE-8464,145763.56,7,0,2,1,0,4,253118.0,4,0.269,0,6,0,defective,1
CASE-8465,104455.84,18,2,1,1,0,20,126834.54,1,0.203,2,6,0,unauthorized,1
CASE-8466,1129.94,11,0,1,0,26,12,2573.85,10,0.186,1,2,4,defective,0
CASE-8467,60027.99,3,1,1,1,0,7,83050.36,9,0.089,0,5,1,defective,1
CASE-8468,35854.55,78,0,0,0,7,24,31146.55,1,0.135,0,4,2,item_not_received,0
CASE-8469,1076.81,15,3,0,0,21,75,903.03,6,0.682,0,3,3,item_not_received,0
CASE-8470,61937.99,39,0,0,1,26,5,128005.77,12,0.135,0,4,2,defective,0
CASE-8471,12516.96,1,2,2,1,0,61,5865.04,8,0.386,1,5,1,unauthorized,1
CASE-8472,884.09,3,9,0,1,13,6,362.88,11,0.888,0,6,0,item_not_received,0
CASE-8473,19080.55,2,0,0,1,0,1,32952.56,2,0.287,0,5,1,unauthorized,1
CASE-8474,11206.25,7,1,2,1,2,5,16027.86,0,0.493,0,4,2,defective,1
CASE-8475,6763.4,40,3,0,0,20,4,14167.03,6,0.268,0,4,2,unauthorized,0
CASE-8476,47095.36,19,0,1,1,0,56,25109.49,0,0.115,0,5,1,duplicate,1
CASE-8477,983.13,47,0,0,1,11,21,464.85,2,0.181,0,6,0,item_not_received,1
CASE-8478,1853.55,3,1,0,1,0,1,1594.72,9,0.096,0,6,0,defective,1
CASE-8479,744.06,3,1,2,0,28,7,1754.93,3,0.208,2,4,2,unauthorized,0
CASE-8480,130604.43,83,1,0,0,22,83,307597.16,0,0.223,0,2,4,item_not_received,0
CASE-8481,18356.29,4,1,0,1,0,83,27583.83,3,0.169,0,3,3,defective,1
CASE-8482,1561.19,13,0,0,1,3,40,1225.02,0,0.223,2,2,4,unauthorized,1
CASE-8483,123517.37,7,1,0,0,15,19,215600.77,1,0.374,0,2,4,other,0
CASE-8484,1180.64,4,9,1,0,6,2,2431.96,7,0.864,0,3,3,item_not_received,0
CASE-8485,313.11,2,5,0,0,2,4,649.52,1,0.437,0,4,2,unauthorized,0
CASE-8486,1351.12,1,0,0,0,23,31,992.48,5,0.219,0,2,4,other,0
CASE-8487,17387.26,5,2,2,1,0,77,6921.69,2,0.177,0,4,2,item_not_received,1
CASE-8488,127079.4,17,3,0,1,0,27,152949.35,5,0.322,1,6,0,defective,1
CASE-8489,40291.57,40,3,4,1,0,42,21096.64,2,0.269,0,5,1,item_not_received,1
CASE-8490,111116.39,8,0,0,0,0,29,193422.2,10,0.04,0,3,3,unauthorized,0
CASE-8491,802.76,9,2,0,1,2,22,1176.48,0,0.431,6,4,2,unauthorized,1
CASE-8492,574.23,5,1,0,1,0,22,675.79,0,0.104,0,6,0,item_not_received,1
CASE-8493,10061.05,4,6,1,1,12,1,23224.15,3,0.541,0,5,1,defective,0
CASE-8494,37617.62,1,0,0,1,10,36,63302.42,1,0.084,1,3,3,item_not_received,1
CASE-8495,758.93,7,1,0,0,4,20,393.97,0,0.34,0,4,2,item_not_received,0
CASE-8496,1412.51,71,3,1,1,1,50,2370.54,0,0.267,0,5,1,unauthorized,0
CASE-8497,89164.88,70,0,2,1,15,31,88701.66,4,0.144,0,5,1,unauthorized,1
CASE-8498,4805.93,4,0,2,1,11,3,1960.88,0,0.151,0,4,2,item_not_received,1
CASE-8499,19543.47,1,1,0,1,17,19,28525.67,8,0.154,1,4,2,item_not_received,1
CASE-8500,1182.17,17,2,0,0,3,15,1855.81,4,0.267,0,4,2,defective,0
CASE-8501,714.86,2,2,1,1,0,2,1138.42,0,0.328,0,4,2,unauthorized,0
CASE-8502,8962.7,3,8,1,0,28,13,13163.92,0,0.827,0,2,4,defective,0
CASE-8503,140237.99,1,1,2,0,22,5,159839.83,9,0.258,1,5,1,other,0
CASE-8504,8589.25,72,0,2,1,0,5,8614.51,2,0.265,2,4,2,unauthorized,1
CASE-8505,1683.35,16,2,0,0,5,12,2704.76,3,0.524,0,3,3,item_not_received,1
CASE-8506,1719.21,17,6,1,1,0,13,3655.07,4,0.423,0,5,1,item_not_received,1
CASE-8507,17903.57,42,0,2,0,5,29,42522.93,8,0.025,0,3,3,defective,1
CASE-8508,95538.42,4,3,5,1,0,19,116507.62,4,0.574,0,5,1,unauthorized,0
CASE-8509,18588.11,4,0,2,1,0,84,42451.58,4,0.146,3,6,0,unauthorized,0
CASE-8510,18259.78,3,9,0,0,7,8,14916.98,3,0.88,4,1,5,other,0
CASE-8511,1208.45,1,0,0,0,18,26,2483.13,12,0.232,0,4,2,item_not_received,0
CASE-8512,14622.41,15,0,0,1,0,44,13585.64,0,0.141,5,4,2,unauthorized,1
CASE-8513,23732.15,3,3,0,1,29,24,37988.46,3,0.353,0,3,3,duplicate,1
CASE-8514,741.79,6,1,0,1,13,14,288.23,0,0.308,1,4,2,unauthorized,0
CASE-8515,243.03,3,0,6,0,4,1,132.65,0,0.066,0,3,3,item_not_received,0
CASE-8516,1426.5,2,3,0,0,2,4,2196.53,0,0.411,0,5,1,unauthorized,0
CASE-8517,661.77,88,2,0,0,28,20,1442.91,10,0.579,0,3,3,other,0
CASE-8518,125525.05,9,3,2,1,13,78,220714.79,0,0.456,0,5,1,unauthorized,1
CASE-8519,88414.45,19,2,1,1,0,17,58267.75,0,0.405,5,5,1,defective,1
CASE-8520,16452.02,4,0,0,1,21,21,30661.54,2,0.438,0,5,1,unauthorized,1
CASE-8521,949.76,42,0,0,1,0,29,756.33,4,0.08,0,4,2,duplicate,1
CASE-8522,18691.62,15,0,0,1,0,20,23486.48,4,0.15,0,6,0,defective,1
CASE-8523,109538.59,3,1,2,0,4,1,55266.84,1,0.24,1,4,2,duplicate,0
CASE-8524,13228.43,2,0,0,1,0,26,8138.34,0,0.178,0,3,3,unauthorized,1
CASE-8525,1730.84,1,2,2,1,0,16,2997.13,3,0.354,1,4,2,unauthorized,0
CASE-8526,120503.96,47,1,0,1,0,16,63668.62,3,0.279,3,3,3,duplicate,1
CASE-8527,1663.58,10,0,1,1,0,4,818.81,2,0.193,0,4,2,item_not_received,1
CASE-8528,301.06,1,0,0,1,29,23,751.61,0,0.328,1,5,1,defective,1
CASE-8529,66881.97,91,0,0,0,27,45,89977.51,0,0.066,0,4,2,item_not_received,0
CASE-8530,421.32,4,2,1,0,6,87,691.66,12,0.338,0,2,4,item_not_received,0
CASE-8531,291.14,4,0,0,0,10,10,311.84,8,0.06,0,5,1,unauthorized,1
CASE-8532,14105.46,2,0,1,1,0,17,26817.1,0,0.155,0,5,1,item_not_received,1
CASE-8533,1766.94,3,0,0,0,1,39,1883.64,0,0.391,0,2,4,unauthorized,0
CASE-8534,1692.74,15,9,1,0,26,4,2531.55,0,0.744,0,2,4,duplicate,0
CASE-8535,145429.97,5,0,0,1,0,29,106965.06,2,0.032,0,3,3,duplicate,1
CASE-8536,1342.16,4,0,2,0,9,1,2263.36,9,0.189,0,2,4,defective,0
CASE-8537,6362.95,2,2,0,1,0,18,9301.21,11,0.215,2,4,2,unauthorized,1
CASE-8538,2058.39,17,2,0,1,0,89,1585.73,4,0.459,2,5,1,duplicate,0
CASE-8539,109850.31,65,0,0,1,22,59,163147.27,0,0.18,0,3,3,defective,1
CASE-8540,70837.14,3,0,2,1,0,2,118310.95,4,0.194,1,6,0,item_not_received,1
CASE-8541,210.5,4,8,0,0,27,5,523.93,2,1.0,0,4,2,unauthorized,0
CASE-8542,511.43,6,0,2,1,13,3,888.59,3,0.141,1,5,1,defective,0
CASE-8543,398.2,1,2,0,1,19,23,631.69,2,0.284,0,6,0,item_not_received,1
CASE-8544,9086.01,14,0,1,1,0,8,18553.06,0,0.511,0,4,2,item_not_received,1
CASE-8545,14638.15,18,0,0,1,0,10,4504.12,1,0.181,0,6,0,unauthorized,1
CASE-8546,98377.77,39,4,2,1,14,29,154569.1,13,0.353,2,3,3,defective,1
CASE-8547,24601.67,4,0,1,0,24,23,29409.29,4,0.201,0,5,1,defective,0
CASE-8548,15776.27,4,0,0,1,16,25,17608.55,0,0.298,0,3,3,item_not_received,1
CASE-8549,143266.4,4,1,0,1,8,3,132434.8,4,0.177,0,5,1,unauthorized,1
CASE-8550,126985.91,4,0,0,1,0,18,276677.33,9,0.324,0,6,0,other,1
CASE-8551,13724.39,49,3,0,1,0,83,4185.42,0,0.447,0,3,3,item_not_received,0
CASE-8552,97840.29,7,9,0,1,20,2,89695.64,5,1.0,0,5,1,unauthorized,0
CASE-8553,1325.45,17,3,0,1,0,19,503.66,0,0.406,0,4,2,other,0
CASE-8554,1386.17,18,0,0,1,0,14,2244.89,4,0.034,0,4,2,defective,1
CASE-8555,1741.55,19,0,0,1,25,4,3947.94,0,0.16,1,5,1,defective,1
CASE-8556,8657.93,53,2,0,1,1,2,20308.75,1,0.44,0,5,1,unauthorized,0
CASE-8557,88206.95,2,0,1,1,0,1,176403.6,0,0.569,0,5,1,duplicate,1
CASE-8558,1895.39,4,0,0,1,0,5,2289.14,2,0.226,1,5,1,defective,1
CASE-8559,711.3,11,3,0,1,22,4,940.17,1,0.423,2,4,2,unauthorized,1
CASE-8560,1579.15,3,0,0,0,8,9,2704.15,0,0.16,0,3,3,duplicate,0
CASE-8561,127387.17,1,2,0,1,1,2,197531.84,0,0.327,2,5,1,defective,0
CASE-8562,724.45,70,1,0,1,0,17,1195.81,2,0.554,3,4,2,unauthorized,1
CASE-8563,12188.89,7,8,5,0,11,21,15632.93,4,0.924,0,6,0,defective,0
CASE-8564,19632.05,15,0,0,1,4,3,35379.84,4,0.229,0,5,1,item_not_received,1
CASE-8565,20646.42,6,1,2,1,0,66,12872.85,2,0.262,0,5,1,duplicate,1
CASE-8566,63968.6,2,4,0,1,17,2,108445.04,7,0.647,0,5,1,item_not_received,1
CASE-8567,12462.6,69,3,0,1,5,12,15079.34,1,0.419,0,6,0,unauthorized,1
CASE-8568,1853.44,58,0,1,0,8,2,3332.07,9,0.175,0,2,4,item_not_received,1
CASE-8569,6726.28,8,7,0,0,25,55,6856.86,1,1.0,0,2,4,defective,0
CASE-8570,792.75,2,1,0,1,0,23,1740.02,2,0.369,2,4,2,defective,0
CASE-8571,1738.33,35,0,0,0,22,12,3820.68,9,0.052,0,2,4,duplicate,0
CASE-8572,913.43,56,0,0,1,0,10,1511.32,4,0.252,0,5,1,other,1
CASE-8573,635.15,15,3,2,1,0,28,882.21,4,0.251,5,5,1,unauthorized,1
CASE-8574,7855.72,54,0,0,0,27,14,2705.64,0,0.138,0,2,4,item_not_received,0
CASE-8575,48854.72,4,1,1,0,19,54,90962.85,1,0.311,6,2,4,unauthorized,0
CASE-8576,92322.05,3,1,0,0,4,3,44727.48,3,0.164,2,4,2,duplicate,1
CASE-8577,22222.68,1,0,2,1,0,6,51984.87,10,0.076,0,4,2,item_not_received,1
CASE-8578,11177.78,4,3,5,1,0,7,7832.0,3,0.495,5,6,0,item_not_received,0
CASE-8579,9621.37,3,0,0,1,0,42,5099.7,1,0.129,0,6,0,duplicate,1
CASE-8580,9691.82,24,1,1,1,0,6,18612.35,0,0.318,0,6,0,item_not_received,1
CASE-8581,449.03,2,7,2,1,7,5,534.69,0,0.635,0,5,1,unauthorized,0
CASE-8582,9588.87,1,2,6,1,0,9,7674.43,8,0.365,1,6,0,defective,1
CASE-8583,11680.21,9,2,2,1,7,79,15732.1,4,0.308,0,4,2,defective,0
CASE-8584,1369.23,45,1,0,1,0,6,626.22,12,0.321,0,5,1,unauthorized,1
CASE-8585,4876.54,3,0,0,1,29,4,5792.82,1,0.082,0,4,2,defective,1
CASE-8586,683.94,9,0,0,0,12,4,1556.97,1,0.117,0,2,4,duplicate,0
CASE-8587,2575.58,17,8,1,1,0,30,4800.66,11,0.656,0,6,0,unauthorized,1
CASE-8588,1266.72,3,0,2,1,0,17,1199.17,10,0.03,0,4,2,defective,1
CASE-8589,1533.3,68,0,0,0,0,27,2334.3,8,0.401,0,5,1,item_not_received,1
CASE-8590,15780.56,2,9,0,1,0,9,34731.83,9,0.893,0,4,2,unauthorized,1
CASE-8591,16437.05,4,0,0,1,7,1,34508.42,6,0.13,2,3,3,unauthorized,1
CASE-8592,16017.25,2,1,0,1,0,18,19539.03,1,0.262,0,4,2,item_not_received,1
CASE-8593,331.03,7,1,0,1,0,15,609.77,2,0.424,2,4,2,duplicate,1
CASE-8594,820.36,24,0,1,0,9,56,1340.95,0,0.106,2,3,3,unauthorized,1
CASE-8595,9582.36,25,0,3,1,1,10,16574.24,2,0.201,0,5,1,unauthorized,1
CASE-8596,1533.47,15,1,3,0,10,6,2686.08,1,0.059,0,1,5,unauthorized,0
CASE-8597,1056.22,74,0,4,0,28,22,686.27,2,0.099,2,3,3,item_not_received,0
CASE-8598,1054.25,81,0,1,0,8,32,1746.36,0,0.12,0,4,2,item_not_received,0
CASE-8599,16216.98,2,2,0,1,10,2,28132.11,4,0.311,6,5,1,item_not_received,1
CASE-8600,18866.97,3,2,0,1,0,17,29876.74,12,0.263,0,3,3,other,0
CASE-8601,16982.11,4,0,2,1,0,22,31407.84,0,0.073,0,5,1,defective,1
CASE-8602,15253.65,16,1,1,1,0,16,28934.07,3,0.214,0,4,2,item_not_received,1
CASE-8603,19249.75,11,0,0,0,18,80,32749.89,0,0.103,0,3,3,item_not_received,0
CASE-8604,17901.23,4,0,2,0,23,32,18538.05,1,0.047,4,2,4,item_not_received,0
CASE-8605,1268.11,1,3,0,1,0,6,1885.78,0,0.453,3,5,1,defective,0
CASE-8606,2767.83,11,0,0,1,0,29,2792.95,4,0.266,0,5,1,unauthorized,1
CASE-8607,933.07,13,0,2,1,0,3,2191.64,12,0.153,0,6,0,defective,0
CASE-8608,1039.21,10,0,1,0,28,17,2417.13,11,0.274,0,4,2,other,0
CASE-8609,15437.54,13,2,0,1,0,6,27847.48,0,0.206,0,5,1,duplicate,1
CASE-8610,3629.15,3,3,0,0,1,5,3327.02,0,0.437,0,3,3,item_not_received,0
CASE-8611,134713.98,5,0,0,0,13,34,211838.76,3,0.341,2,4,2,defective,0
CASE-8612,18944.82,67,0,0,0,1,3,38874.57,2,0.14,1,1,5,defective,0
CASE-8613,30473.94,9,7,2,0,19,15,24419.28,8,0.591,2,3,3,unauthorized,0
CASE-8614,81934.8,6,0,1,1,0,3,94807.19,2,0.215,0,4,2,unauthorized,0
CASE-8615,795.27,6,0,1,1,15,65,1030.97,2,0.082,0,3,3,unauthorized,1
CASE-8616,15099.8,2,7,0,1,0,19,11681.63,2,1.0,0,5,1,item_not_received,1
CASE-8617,794.51,8,0,1,1,3,4,1107.39,2,0.123,5,4,2,item_not_received,1
CASE-8618,1327.88,18,2,0,1,9,24,1898.53,0,0.301,1,4,2,item_not_received,1
CASE-8619,88549.32,18,2,0,1,0,5,48100.38,0,0.226,1,2,4,defective,0
CASE-8620,893.33,83,0,0,1,0,12,1934.38,1,0.074,1,4,2,unauthorized,1
CASE-8621,14952.58,1,0,0,0,6,3,14520.43,2,0.176,2,5,1,item_not_received,1
CASE-8622,74820.85,2,0,0,1,0,5,103206.2,3,0.1,6,2,4,unauthorized,1
CASE-8623,19431.84,14,0,0,1,2,3,40211.62,3,0.183,0,5,1,other,1
CASE-8624,123318.21,7,5,2,1,0,21,69532.38,0,0.596,0,3,3,defective,0
CASE-8625,348.79,7,0,0,1,15,13,279.58,2,0.188,0,4,2,defective,1
CASE-8626,13059.3,2,0,2,1,0,23,32065.12,2,0.187,0,4,2,item_not_received,1
CASE-8627,818.68,11,1,2,1,0,11,400.37,2,0.297,0,3,3,duplicate,1
CASE-8628,7076.24,4,1,0,1,15,25,8761.47,0,0.107,2,5,1,other,1
CASE-8629,1658.82,4,0,0,1,0,24,3766.89,2,0.029,6,4,2,item_not_received,1
CASE-8630,16946.04,20,0,1,0,25,18,8103.79,4,0.427,0,5,1,other,0
CASE-8631,1236.32,4,2,2,0,1,10,1984.12,14,0.39,0,5,1,item_not_received,0
CASE-8632,100709.61,9,4,0,1,0,3,132095.53,7,0.794,0,6,0,unauthorized,1
CASE-8633,17641.41,93,0,0,0,18,34,9001.28,3,0.084,0,3,3,item_not_received,0
CASE-8634,3861.22,14,2,1,0,18,2,1340.94,3,0.176,0,1,5,defective,1
CASE-8635,1581.63,13,0,5,1,26,2,3373.92,2,0.132,0,5,1,item_not_received,1
CASE-8636,441.38,19,0,0,1,0,1,192.48,3,0.228,0,6,0,unauthorized,1
CASE-8637,1420.76,3,0,7,0,7,9,3296.85,3,0.078,0,4,2,item_not_received,0
CASE-8638,1649.79,3,2,0,1,13,8,1419.44,8,0.194,0,4,2,item_not_received,1
CASE-8639,18326.04,84,0,1,1,0,32,18219.02,0,0.242,0,5,1,item_not_received,1
CASE-8640,329.89,10,1,5,1,23,1,268.9,0,0.099,1,6,0,item_not_received,1
CASE-8641,34207.72,67,2,1,0,6,2,49829.04,3,0.341,0,4,2,item_not_received,0
CASE-8642,456.93,6,0,1,0,29,2,794.94,0,0.079,0,3,3,item_not_received,0
CASE-8643,6834.05,10,9,0,1,0,12,12057.99,12,1.0,1,5,1,unauthorized,0
CASE-8644,613.59,7,0,0,1,21,2,1417.17,8,0.172,0,4,2,item_not_received,1
CASE-8645,65867.2,3,0,0,0,0,27,48320.43,4,0.182,2,4,2,item_not_received,0
CASE-8646,17280.62,9,1,2,0,28,19,14760.83,0,0.071,2,2,4,item_not_received,0
CASE-8647,15963.72,62,0,0,1,0,28,25554.87,11,0.062,0,6,0,item_not_received,1
CASE-8648,54599.46,8,3,7,0,29,3,125413.62,0,0.771,0,2,4,other,0
CASE-8649,9486.79,1,1,4,0,4,81,11037.59,3,0.151,0,3,3,item_not_received,0
CASE-8650,84329.84,7,8,0,1,0,29,167288.55,2,0.998,1,4,2,item_not_received,0
CASE-8651,713.98,3,3,6,0,0,5,1287.43,0,0.295,0,4,2,defective,0
CASE-8652,1878.32,3,0,2,0,23,22,591.55,8,0.246,1,4,2,unauthorized,0
CASE-8653,41096.7,6,0,0,1,3,73,26088.76,2,0.218,0,6,0,item_not_received,1
CASE-8654,805.98,71,0,1,0,13,4,1369.89,4,0.022,0,3,3,item_not_received,0
CASE-8655,57381.7,5,0,0,1,0,15,97302.71,0,0.165,0,5,1,item_not_received,1
CASE-8656,1792.69,8,0,0,1,0,24,2443.79,0,0.118,0,5,1,defective,1
CASE-8657,1436.27,88,7,0,0,24,5,1221.0,1,0.931,0,2,4,item_not_received,0
CASE-8658,101697.33,63,0,0,1,0,5,138008.64,0,0.213,0,2,4,item_not_received,1
CASE-8659,1423.41,4,0,1,1,0,3,2448.66,5,0.083,0,5,1,defective,1
CASE-8660,2168.91,15,3,0,1,0,65,3788.77,2,0.583,0,4,2,other,0
CASE-8661,5898.61,17,0,0,1,0,26,8591.39,3,0.112,0,5,1,defective,1
CASE-8662,1259.17,83,3,2,1,0,52,1938.92,0,0.555,0,5,1,item_not_received,1
CASE-8663,18235.32,12,2,0,1,0,2,44004.88,4,0.439,0,4,2,defective,1
CASE-8664,1788.84,2,7,2,1,23,10,2053.24,8,0.743,0,4,2,unauthorized,1
CASE-8665,94509.41,4,0,1,1,13,13,71259.41,2,0.08,2,5,1,item_not_received,1
CASE-8666,62908.88,54,0,0,1,0,14,119037.72,12,0.086,0,6,0,defective,1
CASE-8667,60990.41,65,3,0,1,0,16,23431.84,1,0.356,0,5,1,item_not_received,1
CASE-8668,5061.64,2,9,0,1,0,1,7173.51,1,1.0,0,5,1,other,1
CASE-8669,281.98,5,2,0,1,0,2,552.74,3,0.513,2,5,1,defective,1
CASE-8670,109522.08,4,0,0,1,0,1,216823.32,1,0.24,1,3,3,item_not_received,1
CASE-8671,50854.7,19,0,7,1,0,3,21867.1,1,0.059,2,5,1,other,0
CASE-8672,76183.34,5,0,0,1,0,2,78897.1,0,0.033,0,4,2,unauthorized,1
CASE-8673,17216.05,99,0,0,1,0,8,6103.23,0,0.157,1,4,2,other,1
CASE-8674,1080.0,3,0,0,1,0,24,2299.59,3,0.086,0,4,2,duplicate,1
CASE-8675,708.38,61,3,0,1,0,5,714.09,0,0.368,0,4,2,unauthorized,1
CASE-8676,1251.38,29,2,0,1,24,28,2553.0,0,0.432,0,3,3,unauthorized,1
CASE-8677,92188.9,13,2,0,0,8,5,149486.57,0,0.469,0,0,6,defective,0
CASE-8678,947.07,96,2,1,1,20,19,309.01,0,0.273,0,4,2,defective,1
CASE-8679,11849.41,6,0,0,1,8,8,28203.42,3,0.215,0,5,1,duplicate,1
CASE-8680,1889.52,12,0,0,1,0,2,2986.29,2,0.284,0,5,1,duplicate,1
CASE-8681,16525.3,2,0,0,0,23,21,24685.16,1,0.223,0,2,4,item_not_received,0
CASE-8682,1860.7,27,8,1,1,12,79,1395.39,0,1.0,2,6,0,other,0
CASE-8683,32302.62,2,0,0,1,0,3,71654.51,11,0.172,0,4,2,defective,1
CASE-8684,292.49,15,0,2,0,14,17,703.85,2,0.233,0,2,4,item_not_received,0
CASE-8685,3960.66,4,0,0,0,17,2,9212.3,0,0.313,0,3,3,item_not_received,0
CASE-8686,57325.45,14,2,5,0,6,23,61232.67,6,0.413,1,5,1,other,0
CASE-8687,15843.07,6,9,0,1,6,1,12628.52,13,1.0,0,5,1,unauthorized,0
CASE-8688,818.7,77,3,7,1,0,20,654.19,1,0.42,1,4,2,item_not_received,0
CASE-8689,26698.06,19,0,0,1,0,12,57123.28,9,0.272,0,5,1,item_not_received,1
CASE-8690,1751.56,1,7,1,0,23,49,1392.45,2,0.448,1,4,2,defective,0
CASE-8691,1377.09,4,0,0,0,18,2,817.21,3,0.03,6,5,1,item_not_received,0
CASE-8692,4376.4,5,0,0,1,0,84,8638.84,0,0.152,1,4,2,unauthorized,1
CASE-8693,143513.14,19,0,2,0,0,14,148996.3,0,0.29,0,3,3,item_not_received,0
CASE-8694,113752.98,14,0,1,1,0,15,54078.69,8,0.075,0,6,0,defective,1
CASE-8695,1399.84,4,1,0,1,0,16,3449.31,6,0.087,1,5,1,other,0
CASE-8696,567.61,2,0,0,1,0,17,1149.51,13,0.16,5,4,2,item_not_received,1
CASE-8697,970.05,3,0,1,1,0,26,298.53,2,0.191,0,4,2,unauthorized,1
CASE-8698,2598.78,16,0,0,1,0,76,4526.51,1,0.078,0,4,2,defective,1
CASE-8699,1316.82,1,1,2,0,8,5,1079.94,3,0.086,0,4,2,unauthorized,1
CASE-8700,12085.87,15,0,0,0,17,23,19022.27,3,0.461,0,2,4,other,1
CASE-8701,517.1,15,2,7,1,0,2,818.74,12,0.354,0,4,2,item_not_received,1
CASE-8702,543.1,93,0,1,0,24,5,337.84,5,0.127,2,4,2,item_not_received,1
CASE-8703,1347.37,11,1,0,1,6,28,1523.32,2,0.193,0,2,4,duplicate,1
CASE-8704,515.13,85,2,0,1,0,1,513.49,0,0.391,1,5,1,defective,1
CASE-8705,384.92,33,0,4,1,0,7,586.45,7,0.154,0,4,2,item_not_received,1
CASE-8706,1285.74,2,8,0,1,14,1,2993.0,3,0.914,0,3,3,unauthorized,1
CASE-8707,1691.31,4,2,3,0,14,15,2610.2,0,0.125,2,2,4,item_not_received,0
CASE-8708,5981.63,3,0,2,0,19,29,14006.29,0,0.287,0,3,3,duplicate,0
CASE-8709,11179.11,3,1,1,1,3,17,9487.51,4,0.178,0,5,1,unauthorized,1
CASE-8710,1666.26,37,1,0,1,24,4,2984.26,3,0.077,0,4,2,other,0
CASE-8711,1641.29,19,1,1,1,4,4,1717.11,3,0.236,0,4,2,item_not_received,1
CASE-8712,205.67,34,3,0,1,0,28,265.05,4,0.381,1,4,2,item_not_received,1
CASE-8713,92277.36,4,0,0,1,23,16,188633.87,11,0.313,0,4,2,duplicate,0
CASE-8714,16701.09,4,3,0,1,0,12,37402.52,1,0.464,2,4,2,item_not_received,0
CASE-8715,15263.83,18,0,0,1,21,2,30872.91,4,0.24,6,3,3,defective,1
CASE-8716,8971.96,9,0,0,1,16,2,12869.6,0,0.017,0,4,2,unauthorized,1
CASE-8717,17938.56,6,2,7,0,26,23,36595.17,12,0.488,2,4,2,unauthorized,0
CASE-8718,17641.79,2,0,0,1,0,62,39563.52,3,0.041,0,5,1,item_not_received,1
CASE-8719,42025.92,3,0,1,1,0,26,44408.44,7,0.165,0,5,1,defective,1
CASE-8720,9311.53,1,0,4,0,6,4,8139.27,4,0.138,2,3,3,other,0
CASE-8721,5807.41,51,0,1,1,10,67,8335.52,0,0.279,0,4,2,item_not_received,1
CASE-8722,8497.28,18,3,0,0,1,2,8505.36,3,0.431,0,2,4,unauthorized,1
CASE-8723,1196.2,19,1,1,0,19,29,2350.06,3,0.171,0,2,4,duplicate,0
CASE-8724,466.3,18,0,1,1,0,4,419.42,0,0.207,0,4,2,defective,1
CASE-8725,517.7,10,2,0,1,10,1,1133.62,0,0.374,0,5,1,defective,1
CASE-8726,1388.22,6,0,0,1,15,6,2025.2,0,0.106,0,5,1,defective,1
CASE-8727,111008.23,96,9,0,0,25,2,152620.21,7,1.0,0,3,3,unauthorized,0
CASE-8728,10278.3,4,9,2,0,6,74,8398.94,4,1.0,1,2,4,unauthorized,0
CASE-8729,144501.44,2,0,1,1,28,5,258414.27,1,0.17,0,6,0,unauthorized,0
CASE-8730,71878.96,3,6,2,1,9,4,102233.59,10,0.877,0,6,0,defective,0
CASE-8731,79955.35,10,0,1,1,25,8,41240.55,14,0.055,0,6,0,defective,0
CASE-8732,119542.42,5,1,0,1,0,1,208645.71,3,0.237,5,5,1,item_not_received,1
CASE-8733,93821.42,11,1,2,1,0,82,182933.83,4,0.297,0,6,0,unauthorized,1
CASE-8734,93951.59,7,3,0,0,21,58,76701.25,2,0.278,5,4,2,other,0
CASE-8735,5724.63,17,0,0,0,6,16,9142.02,4,0.2,0,3,3,item_not_received,1
CASE-8736,1070.97,4,2,6,1,0,12,2380.08,1,0.388,0,4,2,defective,0
CASE-8737,83334.16,4,2,2,1,24,14,76037.94,4,0.177,0,5,1,defective,1
CASE-8738,10310.69,4,0,2,1,0,4,13032.84,0,0.027,0,5,1,defective,1
CASE-8739,6064.61,77,0,0,1,0,17,7436.29,2,0.218,2,3,3,duplicate,1
CASE-8740,53898.84,54,0,0,1,0,17,121112.18,0,0.188,4,4,2,duplicate,1
CASE-8741,1791.01,83,5,2,1,0,11,2270.91,4,0.699,2,4,2,item_not_received,1
CASE-8742,997.85,12,0,0,1,8,49,1329.9,7,0.149,2,6,0,unauthorized,1
CASE-8743,12233.58,3,0,0,1,13,44,11474.6,0,0.029,0,3,3,duplicate,1
CASE-8744,1080.98,3,2,4,1,0,26,550.2,1,0.324,2,3,3,defective,0
CASE-8745,90623.32,8,1,0,1,0,4,93623.13,5,0.283,6,5,1,defective,1
CASE-8746,314.53,4,0,1,1,0,32,780.84,1,0.068,0,6,0,other,1
CASE-8747,284.52,16,2,0,1,17,5,578.88,1,0.286,0,5,1,duplicate,1
CASE-8748,9655.86,3,0,2,1,14,2,21123.93,2,0.208,2,5,1,duplicate,1
CASE-8749,61039.29,7,3,2,0,9,10,102165.3,3,0.407,0,1,5,unauthorized,0
CASE-8750,19064.99,7,0,4,1,15,4,42190.67,4,0.151,2,5,1,item_not_received,1
CASE-8751,5224.71,59,9,3,1,14,27,9519.47,0,0.475,0,6,0,item_not_received,1
CASE-8752,1826.1,5,2,2,1,12,11,820.78,14,0.738,0,4,2,defective,0
CASE-8753,787.84,9,2,1,1,0,8,1096.22,4,0.447,0,6,0,unauthorized,1
CASE-8754,12021.49,2,0,1,1,0,5,8334.87,1,0.107,6,5,1,unauthorized,0
CASE-8755,11738.26,10,0,2,0,24,83,28701.67,0,0.052,0,2,4,item_not_received,0
CASE-8756,1614.32,3,0,5,0,6,19,3665.44,10,0.083,0,1,5,item_not_received,1
CASE-8757,778.38,11,8,2,1,0,1,539.74,0,0.617,2,5,1,duplicate,0
CASE-8758,18155.42,3,0,2,0,29,16,22267.82,4,0.258,0,3,3,item_not_received,0
CASE-8759,1525.26,4,3,0,1,23,3,1371.3,0,0.443,0,5,1,other,1
CASE-8760,118758.92,19,0,5,1,10,28,96143.16,11,0.176,0,6,0,item_not_received,1
CASE-8761,1586.15,8,0,2,1,8,14,1977.22,0,0.106,0,5,1,defective,1
CASE-8762,18675.73,1,0,0,1,0,8,12703.89,7,0.124,2,6,0,other,1
CASE-8763,15315.57,71,2,0,1,25,24,6583.08,4,0.255,0,5,1,other,1
CASE-8764,6111.68,40,1,1,0,22,22,7139.97,4,0.358,0,3,3,defective,0
CASE-8765,11832.49,1,0,0,0,15,79,12159.26,2,0.15,0,2,4,unauthorized,0
CASE-8766,501.79,1,0,0,1,0,6,456.15,0,0.383,1,6,0,item_not_received,1
CASE-8767,19874.63,7,0,1,1,0,19,38488.08,0,0.153,0,4,2,item_not_received,0
CASE-8768,13802.19,29,0,0,1,6,9,12269.2,5,0.205,0,6,0,item_not_received,1
CASE-8769,18648.78,12,0,0,1,7,64,14058.27,2,0.301,2,4,2,defective,1
CASE-8770,10759.52,10,0,0,0,8,85,20852.28,3,0.135,0,3,3,defective,1
CASE-8771,3453.6,8,3,0,1,0,11,3635.78,0,0.324,2,5,1,item_not_received,1
CASE-8772,12158.22,2,3,2,0,21,10,9977.73,10,0.331,0,4,2,unauthorized,0
CASE-8773,17497.52,13,8,7,1,0,38,6872.46,5,0.769,0,5,1,item_not_received,0
CASE-8774,8398.15,13,7,0,0,6,37,12981.03,1,0.938,3,2,4,duplicate,0
CASE-8775,890.96,2,0,7,0,4,8,495.45,9,0.354,1,3,3,item_not_received,0
CASE-8776,128128.88,11,2,0,1,3,5,153536.02,0,0.577,0,5,1,item_not_received,1
CASE-8777,1495.83,1,1,0,1,5,3,801.77,0,0.181,1,6,0,item_not_received,1
CASE-8778,1954.36,17,2,0,1,0,15,3584.16,1,0.414,0,4,2,defective,0
CASE-8779,238.64,8,0,0,0,27,21,295.05,3,0.154,2,2,4,defective,0
CASE-8780,2548.62,3,1,0,1,0,69,5596.1,0,0.442,2,4,2,unauthorized,1
CASE-8781,771.05,11,0,3,1,0,45,706.43,0,0.052,0,6,0,other,1
CASE-8782,71147.18,19,0,0,1,0,77,129029.07,0,0.119,0,6,0,item_not_received,1
CASE-8783,61720.93,5,1,1,0,10,9,28682.88,0,0.209,0,3,3,item_not_received,1
CASE-8784,369.03,2,0,5,0,20,2,779.36,10,0.082,0,4,2,unauthorized,0
CASE-8785,18466.54,9,2,1,0,2,25,11283.73,3,0.51,0,4,2,unauthorized,0
CASE-8786,826.03,16,3,0,1,0,29,510.08,0,0.604,0,4,2,duplicate,1
CASE-8787,103809.63,17,0,1,0,17,2,146382.58,4,0.315,4,4,2,unauthorized,0
CASE-8788,1745.23,10,6,0,0,16,82,2018.59,9,0.968,0,2,4,defective,0
CASE-8789,548.35,24,2,0,0,4,9,720.61,3,0.227,0,5,1,item_not_received,1
CASE-8790,7029.54,67,1,0,1,18,2,3746.62,4,0.342,0,4,2,unauthorized,1
CASE-8791,1158.2,7,5,0,0,8,7,1492.82,3,0.4,0,3,3,item_not_received,0
CASE-8792,1180.76,4,6,0,1,7,21,2124.17,3,0.917,1,6,0,defective,0
CASE-8793,9163.34,55,0,0,0,19,73,18886.08,4,0.28,0,4,2,item_not_received,1
CASE-8794,1929.68,9,0,0,1,0,10,3459.22,3,0.121,5,5,1,other,1
CASE-8795,4498.76,70,1,0,1,0,21,7387.15,12,0.216,1,6,0,unauthorized,1
CASE-8796,134855.19,79,7,0,0,13,25,249766.54,3,0.847,2,1,5,item_not_received,0
CASE-8797,7774.32,13,1,0,1,0,17,4615.03,2,0.318,0,5,1,defective,1
CASE-8798,1928.01,45,0,0,0,29,57,940.02,5,0.233,0,4,2,defective,0
CASE-8799,41814.09,83,0,0,1,9,55,65915.37,4,0.076,0,6,0,item_not_received,1
CASE-8800,17935.01,12,3,0,1,0,88,17303.05,4,0.318,1,6,0,unauthorized,1
CASE-8801,1470.9,16,3,0,1,0,30,1530.93,3,0.696,0,2,4,defective,0
CASE-8802,13610.86,12,0,2,1,0,24,24540.06,3,0.215,0,4,2,unauthorized,0
CASE-8803,1622.56,1,0,0,1,23,27,3676.08,4,0.133,0,6,0,unauthorized,1
CASE-8804,126704.85,2,0,0,1,0,22,214487.76,0,0.072,2,4,2,item_not_received,1
CASE-8805,2746.12,7,0,0,1,0,5,6310.67,1,0.179,1,5,1,defective,1
CASE-8806,83080.35,77,1,0,1,0,1,144173.2,4,0.264,1,4,2,item_not_received,1
CASE-8807,751.86,1,0,2,0,17,49,1192.82,0,0.037,0,2,4,unauthorized,0
CASE-8808,8442.93,19,0,2,1,6,4,10093.54,4,0.371,0,4,2,item_not_received,1
CASE-8809,248.88,3,0,0,1,10,61,282.97,14,0.164,0,6,0,item_not_received,1
CASE-8810,2009.73,5,0,0,1,0,42,2697.28,13,0.131,2,5,1,unauthorized,1
CASE-8811,5119.46,1,0,0,1,0,9,9466.53,1,0.292,0,5,1,unauthorized,1
CASE-8812,13418.59,78,0,0,0,0,28,9448.89,12,0.196,0,2,4,item_not_received,0
CASE-8813,1816.48,3,5,2,1,19,3,1459.08,1,0.75,0,5,1,item_not_received,0
CASE-8814,439.38,3,3,2,1,0,2,433.78,0,0.61,0,5,1,defective,0
CASE-8815,1036.3,6,1,3,0,8,4,947.89,0,0.412,1,3,3,duplicate,0
CASE-8816,80927.4,19,3,2,1,0,4,111867.54,1,0.119,1,4,2,unauthorized,0
CASE-8817,15822.17,12,3,0,1,0,83,33936.89,3,0.22,0,6,0,duplicate,1
CASE-8818,26823.9,4,0,1,1,0,3,39483.18,0,0.092,1,6,0,item_not_received,1
CASE-8819,4275.52,24,0,1,1,7,3,7701.41,4,0.192,1,3,3,item_not_received,1
CASE-8820,14805.16,4,1,0,1,0,11,10849.96,0,0.409,0,5,1,defective,1
CASE-8821,555.5,2,0,0,1,14,8,1013.36,10,0.15,0,4,2,item_not_received,1
CASE-8822,1060.8,56,8,0,0,11,22,1049.02,1,0.846,4,2,4,item_not_received,0
CASE-8823,6548.36,61,0,0,1,0,1,9846.13,1,0.325,0,5,1,other,1
CASE-8824,14342.82,3,0,0,1,15,1,22547.57,0,0.163,0,5,1,item_not_received,1
CASE-8825,371.2,3,7,7,1,0,1,211.14,2,0.881,2,5,1,defective,0
CASE-8826,1862.43,2,2,0,1,0,73,1345.24,1,0.391,0,5,1,item_not_received,1
CASE-8827,398.91,49,0,1,1,0,18,670.84,0,0.088,0,4,2,item_not_received,1
CASE-8828,1062.18,21,0,1,1,0,21,2259.78,2,0.179,0,4,2,defective,1
CASE-8829,1081.78,83,0,0,0,21,8,1960.01,1,0.282,0,2,4,item_not_received,0
CASE-8830,1472.18,9,0,0,1,0,1,3527.06,2,0.411,0,5,1,defective,1
CASE-8831,4649.11,21,3,0,1,9,5,8832.31,2,0.36,2,4,2,unauthorized,0
CASE-8832,678.26,54,0,2,0,0,1,1420.32,2,0.182,0,5,1,unauthorized,0
CASE-8833,24909.02,3,1,0,1,0,4,33509.16,11,0.105,3,5,1,unauthorized,1
CASE-8834,1058.88,4,0,0,0,3,51,546.52,0,0.153,0,1,5,defective,0
CASE-8835,41018.41,83,0,0,0,17,23,30553.99,1,0.081,0,2,4,item_not_received,0
CASE-8836,964.51,81,3,2,0,27,86,767.49,1,0.387,0,3,3,other,0
CASE-8837,62293.14,33,0,0,1,0,1,38807.75,0,0.162,2,6,0,defective,1
CASE-8838,357.82,17,2,2,1,17,7,137.78,0,0.428,0,4,2,other,0
CASE-8839,1529.62,66,6,0,1,28,4,2262.57,4,0.903,0,6,0,item_not_received,0
CASE-8840,1403.41,2,3,1,0,21,13,2296.9,0,0.32,0,2,4,unauthorized,0
CASE-8841,617.01,1,7,0,0,9,28,645.24,1,0.763,0,3,3,other,0
CASE-8842,14989.89,2,1,0,1,0,70,34737.35,5,0.309,6,5,1,unauthorized,0
CASE-8843,416.9,8,2,1,0,23,10,637.92,4,0.177,0,3,3,defective,0
CASE-8844,1473.92,10,0,1,1,0,68,2858.49,12,0.2,4,6,0,other,1
CASE-8845,838.45,6,0,0,1,1,13,1637.26,6,0.171,0,4,2,defective,1
CASE-8846,1066.99,16,3,0,1,10,2,1595.08,3,0.396,0,3,3,unauthorized,1
CASE-8847,17466.21,2,1,0,1,7,66,19083.16,3,0.221,2,5,1,unauthorized,1
CASE-8848,77869.39,57,0,2,1,0,22,103421.29,3,0.06,1,2,4,item_not_received,1
CASE-8849,508.73,19,0,2,1,0,31,772.09,14,0.131,2,5,1,item_not_received,1
CASE-8850,738.34,11,0,0,1,0,43,543.13,1,0.068,0,2,4,defective,1
CASE-8851,9009.35,16,1,0,0,6,21,20823.97,3,0.158,0,3,3,item_not_received,1
CASE-8852,3040.34,4,2,2,1,0,3,6229.43,4,0.246,1,3,3,unauthorized,1
CASE-8853,673.34,14,0,0,1,13,69,1385.05,4,0.059,4,4,2,defective,1
CASE-8854,87525.12,1,0,1,1,27,9,46254.46,2,0.227,0,5,1,defective,0
CASE-8855,24990.36,48,0,2,0,9,4,23046.83,3,0.363,0,4,2,defective,0
CASE-8856,844.2,5,2,0,1,0,8,921.81,0,0.461,0,6,0,item_not_received,1
CASE-8857,1976.08,17,3,0,1,0,12,845.05,14,0.469,0,5,1,item_not_received,1
CASE-8858,16979.07,9,0,0,1,15,11,16374.29,4,0.035,0,6,0,item_not_received,1
CASE-8859,1762.06,2,0,0,1,0,18,4044.19,0,0.229,0,4,2,unauthorized,1
CASE-8860,55802.65,4,3,2,0,5,6,107024.59,5,0.309,0,2,4,unauthorized,0
CASE-8861,241.35,13,0,0,0,19,1,287.11,9,0.293,0,5,1,unauthorized,0
CASE-8862,3204.32,4,3,6,1,10,1,7863.03,0,0.646,0,2,4,item_not_received,0
CASE-8863,108979.25,56,0,1,0,19,28,259534.08,0,0.208,0,3,3,item_not_received,0
CASE-8864,13994.82,2,7,0,0,28,8,21458.86,7,0.84,0,3,3,unauthorized,0
CASE-8865,1003.04,16,1,1,1,16,20,1886.19,1,0.308,2,6,0,unauthorized,1
CASE-8866,234.98,12,0,1,0,17,1,112.8,2,0.008,0,4,2,item_not_received,0
CASE-8867,1121.27,1,0,1,1,0,84,1548.56,7,0.089,0,5,1,unauthorized,1
CASE-8868,13457.35,90,0,1,1,19,83,8910.89,0,0.123,0,5,1,item_not_received,1
CASE-8869,518.03,4,0,5,1,0,68,569.21,0,0.045,0,4,2,defective,1
CASE-8870,13966.21,22,0,3,1,20,18,32737.89,8,0.124,1,6,0,defective,1
CASE-8871,4881.57,68,2,6,1,0,4,11670.8,0,0.264,0,5,1,item_not_received,1
CASE-8872,1759.51,97,8,7,0,19,72,3498.01,1,1.0,0,1,5,unauthorized,0
CASE-8873,10373.29,3,0,0,1,9,13,24123.34,4,0.148,0,6,0,duplicate,1
CASE-8874,8475.91,9,0,0,1,0,21,7443.66,4,0.076,0,6,0,item_not_received,1
CASE-8875,964.75,5,7,2,0,29,71,1282.01,0,0.752,2,3,3,duplicate,0
CASE-8876,8143.97,50,0,0,1,0,10,12095.51,0,0.199,0,6,0,item_not_received,1
CASE-8877,234.45,1,3,3,1,0,5,260.72,3,0.447,0,4,2,item_not_received,0
CASE-8878,1009.28,14,4,0,1,10,6,1109.59,0,0.447,0,5,1,defective,0
CASE-8879,19387.55,77,0,0,1,0,22,8351.21,0,0.164,0,5,1,defective,1
CASE-8880,11021.08,39,3,0,1,12,4,21177.92,3,0.615,0,3,3,defective,1
CASE-8881,114223.34,2,0,0,1,0,9,163811.01,0,0.222,0,5,1,item_not_received,1
CASE-8882,92239.09,53,0,7,0,1,8,116919.2,3,0.055,1,3,3,defective,0
CASE-8883,4672.81,21,0,1,1,25,27,10970.27,10,0.131,0,5,1,item_not_received,1
CASE-8884,1554.9,2,1,1,0,9,2,1284.03,2,0.327,3,4,2,duplicate,1
CASE-8885,14903.55,1,1,0,0,22,14,7215.65,0,0.155,0,4,2,defective,0
CASE-8886,53844.18,49,5,5,1,0,60,130035.22,2,0.404,2,6,0,unauthorized,0
CASE-8887,705.47,3,9,1,0,3,13,1086.03,3,0.794,1,2,4,defective,0
CASE-8888,1977.02,1,8,0,1,0,24,966.25,4,0.908,0,6,0,item_not_received,1
CASE-8889,17954.47,1,0,2,1,27,5,32132.62,0,0.234,0,5,1,item_not_received,1
CASE-8890,1579.44,3,0,0,1,0,40,1004.31,0,0.052,0,3,3,defective,0
CASE-8891,80339.92,2,5,0,1,14,14,33476.57,12,0.631,0,6,0,duplicate,1
CASE-8892,3986.33,3,3,0,1,0,21,3357.86,3,0.353,2,3,3,duplicate,1
CASE-8893,39618.18,11,0,0,0,5,5,79768.14,4,0.262,4,3,3,item_not_received,0
CASE-8894,873.92,79,3,0,1,0,19,834.31,4,0.588,3,4,2,item_not_received,0
CASE-8895,19869.48,4,0,0,1,0,26,18690.72,2,0.274,2,4,2,defective,1
CASE-8896,7279.56,4,2,0,0,24,51,3580.18,0,0.208,1,3,3,item_not_received,1
CASE-8897,16377.36,1,2,1,1,0,19,17221.72,0,0.674,0,5,1,unauthorized,1
CASE-8898,17196.04,3,6,0,1,13,4,20973.97,0,0.765,0,6,0,item_not_received,1
CASE-8899,1953.57,75,3,1,1,0,3,2203.07,0,0.52,0,6,0,item_not_received,0
CASE-8900,1232.68,4,0,0,1,18,23,1180.82,6,0.09,2,5,1,item_not_received,1
CASE-8901,16688.46,1,0,0,0,8,6,39387.76,3,0.066,0,3,3,item_not_received,0
CASE-8902,764.41,4,0,0,0,12,17,1822.65,4,0.079,1,4,2,unauthorized,0
CASE-8903,759.44,1,3,2,1,0,5,1401.96,1,0.671,0,5,1,unauthorized,0
CASE-8904,9970.34,82,0,6,1,2,56,12213.75,0,0.032,0,4,2,unauthorized,1
CASE-8905,5624.03,4,3,2,0,14,12,11016.41,1,0.551,1,4,2,item_not_received,0
CASE-8906,19850.45,49,0,1,1,24,57,35486.44,6,0.087,0,5,1,item_not_received,1
CASE-8907,2069.77,3,0,0,1,0,2,4241.7,0,0.033,0,6,0,unauthorized,1
CASE-8908,87010.35,11,0,1,0,19,15,34957.86,0,0.108,0,3,3,defective,1
CASE-8909,50821.3,8,3,1,1,2,21,77666.44,4,0.463,2,5,1,defective,0
CASE-8910,2246.04,6,0,0,0,18,14,1029.69,0,0.111,0,3,3,item_not_received,0
CASE-8911,142556.0,23,0,0,1,0,22,201380.56,8,0.215,1,6,0,unauthorized,1
CASE-8912,1447.61,4,0,0,0,5,18,2021.97,2,0.286,0,3,3,item_not_received,0
CASE-8913,116221.78,13,0,7,1,0,5,235516.28,0,0.178,3,6,0,item_not_received,1
CASE-8914,11192.2,13,0,2,1,19,11,16095.85,14,0.252,0,5,1,item_not_received,1
CASE-8915,120274.72,9,1,0,0,6,5,223754.46,8,0.233,6,3,3,item_not_received,0
CASE-8916,1184.92,9,0,1,1,0,29,1802.77,1,0.224,5,5,1,item_not_received,1
CASE-8917,1626.21,11,0,0,0,29,1,2024.68,3,0.314,2,3,3,item_not_received,1
CASE-8918,134689.29,15,2,4,1,0,19,148432.13,0,0.257,0,4,2,unauthorized,0
CASE-8919,17016.71,3,0,0,1,0,83,13950.46,7,0.3,0,5,1,item_not_received,1
CASE-8920,253.49,30,0,6,0,21,77,608.01,0,0.054,0,3,3,unauthorized,0
CASE-8921,113871.37,12,0,0,1,0,9,152070.82,10,0.04,0,6,0,item_not_received,1
CASE-8922,16754.65,11,1,3,1,1,25,41473.62,0,0.079,0,4,2,duplicate,1
CASE-8923,1148.17,3,0,0,1,26,87,2691.83,0,0.271,0,5,1,defective,1
CASE-8924,1054.55,17,1,0,0,28,25,2539.03,4,0.34,6,3,3,item_not_received,0
CASE-8925,64274.14,4,0,0,0,25,1,55907.43,3,0.374,2,5,1,other,0
CASE-8926,507.9,9,2,0,1,0,58,773.25,1,0.178,0,3,3,defective,1
CASE-8927,102423.75,6,5,2,1,0,13,75277.37,3,0.499,0,4,2,unauthorized,0
CASE-8928,1337.11,4,2,0,1,16,24,1789.28,0,0.521,0,4,2,duplicate,1
CASE-8929,1388.44,17,0,0,1,0,10,937.0,4,0.114,0,6,0,defective,1
CASE-8930,6978.26,2,3,0,0,20,4,2411.88,8,0.35,1,2,4,item_not_received,0
CASE-8931,133922.12,22,0,0,0,25,27,217592.64,0,0.125,0,2,4,item_not_received,0
CASE-8932,1880.42,4,2,1,1,0,23,1855.92,9,0.476,1,5,1,unauthorized,1
CASE-8933,35311.08,12,3,0,1,0,77,67315.85,4,0.562,0,6,0,duplicate,1
CASE-8934,14094.49,4,3,0,0,14,25,29529.37,10,0.36,0,1,5,duplicate,0
CASE-8935,19603.53,7,0,0,0,4,20,30736.63,0,0.088,1,2,4,item_not_received,0
CASE-8936,9925.38,14,1,0,1,0,79,3303.86,4,0.382,0,5,1,item_not_received,1
CASE-8937,12639.07,5,1,1,1,11,7,27017.8,10,0.464,3,6,0,other,0
CASE-8938,119074.32,17,3,6,1,0,4,273252.16,2,0.126,4,3,3,duplicate,1
CASE-8939,941.9,1,4,0,1,0,15,731.66,4,0.729,0,5,1,item_not_received,1
CASE-8940,10169.44,2,0,0,0,7,86,16732.65,0,0.213,0,1,5,item_not_received,0
CASE-8941,1108.92,25,0,1,1,9,34,1834.36,1,0.161,0,5,1,duplicate,1
CASE-8942,5235.21,18,2,1,1,0,21,6637.64,0,0.239,1,2,4,item_not_received,1
CASE-8943,5830.94,4,0,1,1,0,15,13356.23,4,0.234,1,6,0,unauthorized,1
CASE-8944,11887.81,85,3,0,0,9,25,22259.71,2,0.397,2,2,4,item_not_received,1
CASE-8945,92551.49,17,0,0,0,9,4,38205.35,12,0.279,3,4,2,other,1
CASE-8946,1818.38,15,9,0,1,0,3,1918.72,3,0.629,0,5,1,unauthorized,0
CASE-8947,16079.67,4,3,1,1,15,6,10122.83,1,0.458,2,5,1,item_not_received,1
CASE-8948,17553.57,9,3,6,0,24,9,30337.94,2,0.251,1,1,5,duplicate,0
CASE-8949,141848.9,4,1,1,1,0,29,201621.48,0,0.203,1,6,0,item_not_received,1
CASE-8950,7817.76,16,2,2,1,0,7,3729.41,5,0.405,2,6,0,unauthorized,0
CASE-8951,12705.58,23,0,0,1,0,18,6736.42,4,0.07,0,3,3,unauthorized,1
CASE-8952,1475.61,96,0,1,1,0,23,1753.48,0,0.268,0,4,2,unauthorized,1
CASE-8953,7886.77,5,1,0,0,24,18,9032.52,0,0.263,0,4,2,item_not_received,0
CASE-8954,1508.11,7,0,0,1,10,4,628.1,13,0.091,2,5,1,item_not_received,1
CASE-8955,1799.89,3,5,0,1,0,23,2730.51,8,0.692,0,6,0,defective,1
CASE-8956,488.06,2,1,0,0,3,25,956.0,10,0.159,3,5,1,item_not_received,1
CASE-8957,1035.47,64,0,1,1,11,16,1597.92,4,0.259,0,5,1,unauthorized,1
CASE-8958,3883.17,16,0,1,0,25,55,1205.47,6,0.101,0,3,3,item_not_received,0
CASE-8959,124808.33,17,7,0,1,0,20,235090.96,4,0.881,0,6,0,item_not_received,1
CASE-8960,1921.99,2,0,0,0,19,6,4390.22,4,0.212,3,5,1,item_not_received,0
CASE-8961,493.22,12,1,0,1,0,13,1129.75,11,0.091,0,6,0,unauthorized,0
CASE-8962,929.3,3,0,0,0,16,55,2271.71,8,0.135,0,2,4,unauthorized,0
CASE-8963,37974.89,1,0,5,0,21,24,28848.7,0,0.312,0,1,5,unauthorized,0
CASE-8964,1486.28,10,0,0,1,0,2,3228.67,0,0.341,0,5,1,duplicate,0
CASE-8965,80784.67,2,1,0,1,20,25,157353.46,10,0.111,2,3,3,defective,1
CASE-8966,471.99,3,0,0,1,25,10,633.49,0,0.042,0,5,1,item_not_received,1
CASE-8967,49917.14,5,9,0,1,0,49,111382.14,8,0.962,0,5,1,item_not_received,1
CASE-8968,9924.81,14,0,0,1,17,15,24367.16,4,0.064,5,5,1,item_not_received,1
CASE-8969,1472.18,44,0,0,1,3,10,3670.99,2,0.244,0,3,3,unauthorized,1
CASE-8970,2613.63,16,5,0,1,0,11,1513.46,6,0.372,0,6,0,unauthorized,0
CASE-8971,4959.87,45,3,0,1,16,23,3899.45,10,0.509,0,3,3,unauthorized,1
CASE-8972,44367.55,17,3,0,1,21,3,40965.72,0,0.594,3,3,3,item_not_received,0
CASE-8973,77903.13,85,0,0,0,29,21,106698.27,4,0.165,0,3,3,unauthorized,0
CASE-8974,1975.14,8,2,0,0,25,17,1495.23,1,0.08,6,2,4,item_not_received,0
CASE-8975,1859.48,2,3,7,1,12,1,3052.29,3,0.319,0,3,3,defective,0
CASE-8976,692.86,6,1,0,1,0,12,234.2,0,0.357,0,5,1,item_not_received,1
CASE-8977,1234.58,13,0,2,1,0,5,503.37,0,0.169,0,5,1,item_not_received,1
CASE-8978,1394.32,11,2,0,1,7,12,1138.37,0,0.215,2,5,1,unauthorized,1
CASE-8979,15671.0,3,0,0,1,0,40,10617.48,4,0.211,0,5,1,item_not_received,1
CASE-8980,11869.84,2,0,0,1,28,1,20479.81,2,0.07,0,3,3,unauthorized,1
CASE-8981,1211.63,13,1,1,1,0,17,413.39,13,0.332,6,5,1,defective,0
CASE-8982,1770.48,17,0,0,0,9,3,657.47,0,0.196,0,3,3,item_not_received,0
CASE-8983,73661.54,1,1,0,1,0,2,163391.68,13,0.314,0,5,1,defective,1
CASE-8984,1525.2,16,3,0,0,11,14,675.4,14,0.326,0,4,2,unauthorized,1
CASE-8985,1927.71,1,0,1,0,29,27,3043.45,4,0.174,1,4,2,unauthorized,0
CASE-8986,494.7,7,2,0,1,20,13,683.45,3,0.287,0,3,3,duplicate,1
CASE-8987,45599.92,4,0,7,0,26,78,86122.09,10,0.286,0,4,2,item_not_received,0
CASE-8988,19317.73,56,0,2,1,7,80,36135.47,0,0.179,0,5,1,duplicate,1
CASE-8989,1208.7,2,0,5,1,0,6,1859.39,2,0.018,0,4,2,defective,1
CASE-8990,127983.94,15,0,0,0,11,6,100423.55,0,0.165,0,5,1,item_not_received,0
CASE-8991,59248.06,93,0,1,0,17,27,53222.65,3,0.211,2,4,2,item_not_received,0
CASE-8992,559.02,6,0,0,1,9,9,213.39,0,0.05,6,5,1,duplicate,1
CASE-8993,713.18,2,1,0,1,0,56,1146.44,4,0.451,0,6,0,duplicate,0
CASE-8994,804.79,30,3,0,1,0,5,568.96,2,0.713,1,5,1,item_not_received,1
CASE-8995,1906.91,2,0,0,1,0,8,1754.74,4,0.203,1,4,2,defective,1
CASE-8996,11322.72,3,7,0,1,11,22,25700.73,8,0.903,2,5,1,item_not_received,1
CASE-8997,1651.25,34,0,1,1,0,5,1177.8,10,0.178,0,6,0,defective,1
CASE-8998,940.24,86,0,6,1,0,18,1783.03,0,0.179,0,3,3,other,1
CASE-8999,42578.65,12,1,2,0,14,15,84106.16,1,0.36,0,1,5,other,0
CASE-9000,105670.31,4,0,2,0,27,5,237017.84,14,0.372,0,3,3,unauthorized,0
CASE-9001,15113.41,4,2,0,1,0,1,29857.45,0,0.204,1,4,2,item_not_received,1
CASE-9002,133607.69,2,2,0,1,0,65,118362.57,0,0.121,0,5,1,other,1
CASE-9003,16182.26,4,3,0,0,15,18,36507.59,0,0.37,0,2,4,defective,0
CASE-9004,392.31,11,7,0,1,3,11,525.68,0,0.825,4,3,3,other,1
CASE-9005,17881.04,87,3,1,0,4,26,34124.09,0,0.769,0,2,4,item_not_received,0
CASE-9006,19052.15,18,3,0,1,0,9,39939.66,0,0.203,0,4,2,item_not_received,1
CASE-9007,15096.49,4,0,1,1,0,7,17228.23,0,0.167,0,4,2,unauthorized,1
CASE-9008,1354.57,1,0,0,1,1,13,430.99,4,0.17,0,6,0,item_not_received,1
CASE-9009,1865.09,11,0,1,0,4,4,1364.83,0,0.089,0,3,3,defective,1
CASE-9010,50978.12,14,0,1,1,1,47,105276.9,3,0.294,0,3,3,other,1
CASE-9011,1622.41,88,3,0,0,1,26,1767.94,3,0.506,1,4,2,duplicate,0
CASE-9012,17739.18,97,0,6,0,23,11,30768.44,2,0.123,0,1,5,item_not_received,0
CASE-9013,6766.44,15,0,1,1,1,20,7160.09,0,0.166,2,3,3,defective,1
CASE-9014,82176.09,61,0,2,0,29,17,197959.51,2,0.214,0,1,5,duplicate,0
CASE-9015,441.3,97,3,0,0,20,73,445.46,1,0.369,0,2,4,duplicate,0
CASE-9016,1043.39,14,2,0,0,16,89,1430.13,8,0.133,0,3,3,unauthorized,0
CASE-9017,51138.43,62,3,0,0,20,19,114276.11,13,0.687,2,2,4,item_not_received,0
CASE-9018,315.07,4,5,2,1,0,29,343.31,7,0.93,4,3,3,item_not_received,1
CASE-9019,325.87,3,0,0,1,0,34,465.09,1,0.155,0,5,1,item_not_received,1
CASE-9020,1970.6,28,2,0,0,23,6,4410.46,0,0.196,0,3,3,unauthorized,0
CASE-9021,3078.57,17,3,0,1,1,5,7022.32,6,0.755,0,3,3,other,1
CASE-9022,1037.84,34,1,0,0,23,5,459.58,4,0.219,0,2,4,defective,0
CASE-9023,615.68,13,2,4,0,25,27,677.72,6,0.203,0,1,5,other,0
CASE-9024,19897.87,5,3,0,1,3,1,33879.44,2,0.556,5,6,0,item_not_received,1
CASE-9025,80644.09,4,1,1,1,16,27,161634.07,0,0.138,0,4,2,other,1
CASE-9026,1318.95,2,2,0,0,4,10,2458.23,3,0.301,0,3,3,item_not_received,0
CASE-9027,15629.95,1,0,0,1,25,80,5961.54,0,0.504,0,3,3,item_not_received,0
CASE-9028,9506.5,10,0,0,1,16,29,6570.41,1,0.137,0,3,3,unauthorized,1
CASE-9029,9614.23,4,1,0,0,15,56,14408.6,1,0.271,0,3,3,defective,0
CASE-9030,924.63,6,3,2,1,0,26,1731.57,3,0.49,0,5,1,item_not_received,1
CASE-9031,15791.9,3,2,0,0,3,6,36930.22,3,0.216,1,4,2,item_not_received,0
CASE-9032,47104.21,1,3,2,1,0,16,65428.04,4,0.423,1,4,2,other,1
CASE-9033,6190.94,1,3,0,1,0,70,6384.88,4,0.418,0,4,2,unauthorized,0
CASE-9034,37974.0,3,1,1,1,7,23,86924.74,0,0.448,0,5,1,item_not_received,0
CASE-9035,1818.51,1,8,1,1,0,83,3921.77,11,1.0,6,3,3,unauthorized,0
CASE-9036,761.76,2,5,0,0,12,4,1514.02,0,1.0,0,4,2,defective,0
CASE-9037,1664.35,60,3,0,0,24,6,507.04,1,0.427,0,1,5,item_not_received,0
CASE-9038,57637.01,18,4,0,1,21,27,81123.33,0,0.447,1,4,2,other,1
CASE-9039,11531.8,30,0,0,1,0,2,6665.73,4,0.159,0,5,1,item_not_received,1
CASE-9040,2553.79,67,1,0,1,13,16,2599.1,4,0.266,2,2,4,unauthorized,0
CASE-9041,85217.31,7,0,0,0,16,1,201988.45,4,0.186,2,4,2,defective,0
CASE-9042,1639.3,19,3,0,1,0,3,1274.79,2,0.327,0,5,1,item_not_received,1
CASE-9043,34325.71,84,0,0,1,0,3,15908.68,0,0.081,0,4,2,item_not_received,1
CASE-9044,1200.42,23,4,0,1,0,34,2976.07,3,0.299,0,6,0,duplicate,1
CASE-9045,147543.33,4,0,0,0,24,15,368523.53,3,0.248,0,4,2,item_not_received,0
CASE-9046,14756.71,6,0,0,1,5,50,33598.38,2,0.031,0,5,1,item_not_received,1
CASE-9047,1204.47,13,2,0,0,23,79,1802.22,14,0.331,0,2,4,unauthorized,0
CASE-9048,1565.01,14,0,0,1,13,21,2646.72,2,0.146,0,4,2,unauthorized,1
CASE-9049,113717.89,3,3,0,0,23,6,61656.05,1,0.435,1,2,4,item_not_received,0
CASE-9050,18728.73,8,2,4,1,0,14,10736.28,2,0.285,0,4,2,item_not_received,1
CASE-9051,1485.15,8,1,1,0,16,5,1461.46,0,0.534,0,2,4,defective,0
CASE-9052,8127.28,11,3,0,1,0,28,10698.82,0,0.454,0,5,1,item_not_received,1
CASE-9053,110167.5,65,2,7,1,26,12,175084.27,2,0.411,0,4,2,item_not_received,0
CASE-9054,1637.17,24,0,0,1,0,8,1689.44,4,0.088,1,5,1,defective,0
CASE-9055,131851.05,1,0,5,1,0,27,321644.26,0,0.111,3,3,3,unauthorized,0
CASE-9056,1452.04,9,0,0,1,0,12,2017.91,3,0.124,0,5,1,item_not_received,1
CASE-9057,64579.82,14,5,0,1,24,2,65200.47,0,0.67,1,4,2,duplicate,0
CASE-9058,241.96,1,0,0,0,29,5,452.47,9,0.364,0,5,1,other,0
CASE-9059,15638.06,6,1,0,0,3,23,14133.24,0,0.1,0,1,5,item_not_received,0
CASE-9060,928.99,40,0,1,1,0,16,1696.49,2,0.139,0,5,1,duplicate,1
CASE-9061,1717.27,4,0,1,0,3,16,4214.19,6,0.241,0,1,5,item_not_received,0
CASE-9062,19185.71,7,1,1,1,0,10,40714.38,3,0.36,0,5,1,other,0
CASE-9063,2332.99,9,0,0,1,0,23,4509.06,3,0.13,0,6,0,duplicate,1
CASE-9064,128225.31,5,1,2,0,22,11,147648.74,3,0.294,0,2,4,unauthorized,0
CASE-9065,11949.48,6,0,0,1,0,1,10004.32,2,0.236,0,4,2,unauthorized,1
CASE-9066,4008.52,7,7,0,1,0,4,5583.26,2,0.723,2,4,2,item_not_received,1
CASE-9067,17614.96,18,0,2,0,29,4,24127.66,4,0.18,0,4,2,other,1
CASE-9068,915.14,2,3,6,1,9,20,541.6,4,0.452,0,5,1,defective,0
CASE-9069,11385.55,9,0,0,0,12,81,20216.28,0,0.089,0,2,4,unauthorized,0
CASE-9070,78433.84,49,0,0,1,20,1,126817.84,0,0.239,0,2,4,unauthorized,0
CASE-9071,15093.87,1,0,6,0,29,39,25137.43,11,0.178,0,3,3,item_not_received,0
CASE-9072,4814.71,86,0,0,0,5,43,3781.5,0,0.249,0,4,2,defective,0
CASE-9073,1340.01,2,1,0,0,23,34,1810.91,1,0.36,1,5,1,item_not_received,0
CASE-9074,690.36,10,5,2,1,9,62,1639.23,12,0.783,2,6,0,unauthorized,1
CASE-9075,2686.21,4,1,0,1,0,2,5723.98,0,0.275,2,4,2,defective,0
CASE-9076,1355.63,3,0,0,0,7,2,2027.32,3,0.236,3,2,4,unauthorized,0
CASE-9077,12562.21,9,6,6,1,0,73,30903.14,2,0.812,0,3,3,item_not_received,1
CASE-9078,354.32,3,0,2,1,16,15,635.73,3,0.123,0,4,2,duplicate,1
CASE-9079,16259.02,2,0,0,1,0,9,21453.2,0,0.243,0,5,1,defective,1
CASE-9080,1388.2,15,2,1,1,4,6,1197.26,3,0.292,2,3,3,unauthorized,0
CASE-9081,853.87,2,0,1,1,0,6,1988.85,3,0.155,0,4,2,item_not_received,1
CASE-9082,2251.7,13,2,0,1,0,10,4607.79,1,0.612,1,6,0,other,1
CASE-9083,10850.01,14,0,2,1,28,8,11095.95,0,0.116,2,2,4,duplicate,1
CASE-9084,139484.97,8,0,0,0,19,57,121615.89,9,0.179,3,3,3,unauthorized,0
CASE-9085,316.26,35,0,0,0,5,2,708.31,2,0.1,0,3,3,duplicate,1
CASE-9086,146877.39,16,1,0,1,0,16,176810.86,1,0.291,0,5,1,defective,1
CASE-9087,7990.33,7,0,0,1,0,18,10484.3,1,0.359,0,4,2,item_not_received,1
CASE-9088,15178.63,7,0,0,1,10,29,35586.79,3,0.198,0,5,1,unauthorized,1
CASE-9089,14240.55,5,0,2,1,0,50,5251.92,4,0.082,6,5,1,other,1
CASE-9090,16015.24,16,5,2,0,15,50,34157.53,0,0.763,2,2,4,item_not_received,0
CASE-9091,405.81,12,1,1,1,0,23,365.45,0,0.197,5,3,3,item_not_received,1
CASE-9092,2161.37,14,0,2,0,1,26,4471.39,2,0.208,0,4,2,item_not_received,1
CASE-9093,11058.06,44,0,2,0,20,54,27579.94,3,0.091,1,3,3,defective,0
CASE-9094,1719.49,16,0,0,1,20,62,3051.33,1,0.345,0,5,1,unauthorized,1
CASE-9095,4532.32,16,0,2,0,16,64,7209.04,9,0.017,0,3,3,item_not_received,0
CASE-9096,846.06,48,0,0,1,29,42,1175.79,0,0.234,2,4,2,item_not_received,1
CASE-9097,13516.29,41,3,0,1,0,26,27256.89,1,0.762,0,5,1,defective,1
CASE-9098,74054.88,11,0,0,1,11,2,95691.49,2,0.234,2,4,2,item_not_received,1
CASE-9099,459.83,16,6,1,1,0,35,462.29,2,0.387,0,4,2,other,1
CASE-9100,684.51,84,7,0,1,7,18,1597.12,3,0.811,0,2,4,defective,0
CASE-9101,1926.53,52,4,1,1,23,12,4485.98,3,0.43,0,5,1,unauthorized,1
CASE-9102,613.02,1,6,0,1,0,1,343.52,13,0.687,0,5,1,duplicate,1
CASE-9103,76165.13,4,3,1,0,11,81,136144.75,6,0.619,0,1,5,item_not_received,0
CASE-9104,80210.42,1,0,4,0,6,62,132993.34,8,0.165,0,3,3,other,0
CASE-9105,1935.5,5,0,0,1,0,56,4657.76,12,0.01,0,6,0,item_not_received,1
CASE-9106,9460.28,3,3,0,1,0,25,14189.17,9,0.702,0,6,0,defective,1
CASE-9107,1715.31,60,0,1,1,0,10,2841.21,2,0.18,0,5,1,item_not_received,1
CASE-9108,14312.29,16,3,0,0,18,28,30926.17,0,0.371,5,2,4,unauthorized,0
CASE-9109,1428.67,5,0,0,0,10,6,613.21,13,0.108,2,3,3,item_not_received,0
CASE-9110,24297.45,48,0,3,0,19,11,35823.9,0,0.223,0,3,3,defective,0
CASE-9111,17485.41,9,1,0,1,0,47,32785.72,6,0.111,0,3,3,item_not_received,1
CASE-9112,42264.38,12,0,1,0,9,25,13219.15,0,0.035,0,3,3,item_not_received,1
CASE-9113,56833.66,48,0,4,1,0,51,64805.29,12,0.089,3,3,3,unauthorized,0
CASE-9114,11443.67,6,2,0,1,0,2,5466.76,1,0.557,2,3,3,defective,0
CASE-9115,309.15,17,0,0,0,18,4,134.45,14,0.208,2,5,1,defective,1
CASE-9116,481.78,3,2,1,0,21,12,710.21,6,0.431,0,3,3,other,1
CASE-9117,64470.29,52,3,0,0,20,11,79388.04,0,0.316,0,1,5,defective,0
CASE-9118,6261.15,1,3,5,1,8,20,6945.79,1,0.427,0,5,1,item_not_received,1
CASE-9119,14084.19,4,0,0,0,15,19,8459.79,6,0.079,0,3,3,defective,0
CASE-9120,1918.04,14,0,1,0,2,19,2182.35,4,0.099,2,5,1,item_not_received,0
CASE-9121,17085.13,35,5,2,0,20,18,9488.48,14,0.31,0,4,2,defective,0
CASE-9122,1575.43,13,2,0,1,24,27,1309.43,0,0.131,0,6,0,unauthorized,1
CASE-9123,559.63,96,2,6,0,5,49,503.12,2,0.356,5,2,4,item_not_received,0
CASE-9124,15035.33,1,2,0,1,0,16,28691.23,4,0.16,0,6,0,item_not_received,1
CASE-9125,8547.02,9,0,2,0,12,13,9100.88,2,0.054,0,3,3,defective,0
CASE-9126,16610.73,97,0,0,1,0,17,33692.32,4,0.086,0,6,0,item_not_received,1
CASE-9127,9919.68,14,2,1,1,0,27,9439.02,1,0.427,0,5,1,defective,1
CASE-9128,5186.4,3,0,2,1,0,2,6640.99,4,0.045,0,4,2,item_not_received,1
CASE-9129,560.21,15,0,0,0,1,15,222.35,2,0.119,0,3,3,defective,0
CASE-9130,1110.53,13,0,0,1,0,18,1484.98,0,0.112,2,5,1,defective,1
CASE-9131,16808.74,11,0,1,0,10,54,19851.64,2,0.145,0,1,5,item_not_received,0
CASE-9132,414.66,11,8,1,1,0,6,206.75,1,0.714,0,5,1,item_not_received,0
CASE-9133,9192.85,61,1,0,1,0,28,20963.92,0,0.053,0,4,2,defective,1
CASE-9134,82860.25,36,3,0,1,14,3,159899.61,0,0.431,0,6,0,defective,1
CASE-9135,609.86,11,0,1,1,0,56,190.44,4,0.119,1,6,0,item_not_received,1
CASE-9136,87986.05,4,2,2,1,29,2,105605.8,0,0.473,3,5,1,item_not_received,1
CASE-9137,6925.06,27,3,2,1,0,9,16996.73,0,0.398,0,4,2,item_not_received,1
CASE-9138,1176.29,10,0,4,1,0,21,1861.48,10,0.095,0,4,2,unauthorized,1
CASE-9139,60139.0,74,0,2,0,28,9,106944.83,3,0.173,0,3,3,defective,0
CASE-9140,4238.76,11,1,6,1,8,8,9485.89,2,0.287,0,4,2,item_not_received,1
CASE-9141,107282.44,58,0,2,1,22,20,69066.8,0,0.042,0,5,1,item_not_received,1
CASE-9142,12830.48,68,0,0,1,19,46,5172.4,0,0.028,0,4,2,item_not_received,1
CASE-9143,31034.6,19,0,1,1,24,1,34126.79,0,0.007,0,4,2,item_not_received,1
CASE-9144,16125.36,15,0,4,1,9,33,14662.28,4,0.018,1,5,1,defective,1
CASE-9145,17611.08,7,4,7,1,1,26,41943.44,2,0.427,0,2,4,unauthorized,1
CASE-9146,1755.91,5,2,0,1,0,18,2310.83,2,0.473,0,5,1,item_not_received,0
CASE-9147,4808.56,1,1,0,0,19,25,2823.77,3,0.301,0,4,2,defective,0
CASE-9148,99870.72,2,0,0,0,1,15,82732.48,4,0.208,5,2,4,other,0
CASE-9149,136743.44,1,5,2,0,13,31,326242.16,0,0.605,5,1,5,unauthorized,0
CASE-9150,1979.71,6,8,0,1,0,28,3356.36,12,0.629,2,6,0,duplicate,0
CASE-9151,1265.67,50,1,0,1,0,14,2765.85,0,0.257,0,5,1,duplicate,1
CASE-9152,6562.38,5,0,0,0,21,2,6899.65,1,0.112,0,5,1,duplicate,0
CASE-9153,1321.86,13,1,0,1,0,6,2084.27,0,0.689,6,3,3,item_not_received,1
CASE-9154,529.57,4,0,1,1,0,4,430.5,4,0.266,1,5,1,defective,1
CASE-9155,2737.86,68,1,0,1,0,16,4512.02,0,0.377,1,4,2,defective,0
CASE-9156,1762.63,10,0,2,1,7,69,3083.63,2,0.345,0,3,3,item_not_received,1
CASE-9157,1424.93,8,1,0,0,1,5,2748.21,0,0.082,0,1,5,other,0
CASE-9158,10417.12,27,6,2,0,14,2,25014.89,3,0.569,0,2,4,item_not_received,0
CASE-9159,8273.41,9,3,1,1,0,15,10316.69,1,0.332,0,5,1,item_not_received,1
CASE-9160,58414.16,86,3,0,1,0,4,38605.61,2,0.273,4,4,2,defective,1
CASE-9161,3855.17,10,0,0,0,9,28,5588.34,0,0.178,0,3,3,other,0
CASE-9162,1153.53,84,0,0,1,3,28,2096.14,0,0.269,0,3,3,unauthorized,0
CASE-9163,1967.93,2,5,2,1,29,34,2096.88,0,0.419,0,3,3,defective,0
CASE-9164,14128.85,3,2,1,0,15,23,31072.63,3,0.374,0,1,5,other,0
CASE-9165,116371.57,15,0,2,1,0,25,63753.52,2,0.074,5,4,2,unauthorized,0
CASE-9166,1545.57,16,0,0,1,0,4,2326.41,2,0.066,0,5,1,other,1
CASE-9167,1719.2,2,1,4,1,8,16,2484.08,1,0.245,1,6,0,item_not_received,1
CASE-9168,17997.18,4,0,2,0,17,16,14726.94,1,0.27,0,3,3,unauthorized,0
CASE-9169,613.37,17,0,1,1,10,12,1321.9,0,0.071,1,4,2,unauthorized,1
CASE-9170,10828.41,1,0,1,1,0,7,23664.12,2,0.108,5,5,1,other,1
CASE-9171,870.79,17,0,0,1,14,10,2105.71,1,0.07,0,1,5,unauthorized,0
CASE-9172,7106.9,48,8,0,1,27,11,5296.66,5,0.649,1,3,3,item_not_received,1
CASE-9173,74162.73,23,0,1,0,11,5,88415.07,6,0.102,5,3,3,item_not_received,0
CASE-9174,894.84,15,3,0,0,9,20,1964.0,2,0.232,0,2,4,unauthorized,0
CASE-9175,1327.31,96,1,2,0,20,50,1968.18,1,0.443,0,4,2,defective,0
CASE-9176,23048.01,19,0,0,0,25,5,23937.9,1,0.046,0,2,4,duplicate,0
CASE-9177,132742.03,24,0,0,0,0,86,308574.98,0,0.171,1,5,1,duplicate,1
CASE-9178,1130.07,4,2,2,0,26,17,2693.57,3,0.385,0,2,4,item_not_received,0
CASE-9179,13010.1,19,3,2,0,1,54,27573.43,3,0.704,0,4,2,duplicate,0
CASE-9180,958.87,97,2,0,1,10,26,644.12,0,0.185,0,5,1,item_not_received,1
CASE-9181,12145.67,3,6,0,1,13,6,19051.38,3,0.868,4,4,2,defective,1
CASE-9182,925.04,2,1,0,1,9,22,575.9,3,0.263,0,6,0,item_not_received,1
CASE-9183,1498.01,1,0,1,1,0,6,3300.64,2,0.321,0,5,1,item_not_received,0
CASE-9184,10908.27,16,6,0,1,15,6,20161.6,2,0.663,0,2,4,defective,0
CASE-9185,144412.85,7,0,2,1,23,3,275818.43,4,0.037,3,6,0,item_not_received,1
CASE-9186,1691.13,15,9,0,0,3,20,3486.74,1,1.0,0,4,2,other,0
CASE-9187,245.31,72,4,0,1,0,22,226.08,10,0.454,1,5,1,unauthorized,1
CASE-9188,100884.0,15,0,5,1,0,2,30536.39,2,0.027,0,3,3,item_not_received,1
CASE-9189,60103.8,1,0,2,0,26,63,35329.46,0,0.236,1,3,3,item_not_received,0
CASE-9190,7593.48,4,2,0,0,22,8,16119.99,0,0.223,0,3,3,other,0
CASE-9191,1086.36,5,2,4,0,13,28,1314.82,0,0.311,0,3,3,item_not_received,0
CASE-9192,866.78,14,5,0,1,20,11,456.17,4,0.474,0,5,1,item_not_received,1
CASE-9193,17034.18,12,0,1,1,0,26,39170.02,3,0.058,0,4,2,defective,1
CASE-9194,15383.53,17,8,0,0,0,28,10880.6,10,0.718,0,3,3,item_not_received,0
CASE-9195,44740.83,3,5,1,0,1,45,58535.31,3,1.0,2,2,4,unauthorized,0
CASE-9196,8061.14,95,0,0,1,5,29,10409.87,4,0.21,0,6,0,unauthorized,1
CASE-9197,9809.79,3,1,0,1,0,3,11861.93,0,0.259,0,5,1,unauthorized,1
CASE-9198,940.48,13,0,1,1,0,18,1569.26,0,0.35,5,4,2,duplicate,1
CASE-9199,10621.91,4,0,0,0,20,27,17262.54,3,0.119,1,3,3,defective,0
CASE-9200,8629.76,14,3,0,1,2,17,15768.61,1,0.412,2,5,1,item_not_received,0
CASE-9201,66839.96,5,2,3,1,0,3,20569.95,12,0.395,0,3,3,unauthorized,1
CASE-9202,95218.39,19,0,0,0,22,1,234416.1,3,0.219,3,3,3,item_not_received,1
CASE-9203,37559.7,40,2,1,1,0,8,85370.32,5,0.113,2,4,2,item_not_received,1
CASE-9204,134921.0,11,2,0,1,0,20,314991.28,2,0.302,0,4,2,unauthorized,0
CASE-9205,13232.5,1,0,7,0,12,2,30473.07,2,0.186,0,4,2,duplicate,0
CASE-9206,3291.0,19,2,1,1,0,23,1730.01,3,0.334,0,5,1,item_not_received,1
CASE-9207,18507.55,16,3,1,1,0,15,42700.66,12,0.273,1,5,1,other,1
CASE-9208,1994.54,11,0,0,1,0,23,1220.08,0,0.006,1,5,1,unauthorized,1
CASE-9209,19589.05,10,0,0,1,25,4,33191.68,2,0.329,4,4,2,unauthorized,0
CASE-9210,1722.07,4,3,0,1,23,78,3569.22,9,0.078,0,6,0,unauthorized,1
CASE-9211,10257.87,4,0,0,0,29,4,7100.28,0,0.261,0,3,3,unauthorized,0
CASE-9212,16532.56,24,0,2,1,12,14,29527.13,0,0.011,0,4,2,defective,1
CASE-9213,14330.65,26,9,0,0,2,70,20619.26,0,1.0,0,3,3,item_not_received,0
CASE-9214,10781.2,12,0,0,1,0,4,8177.38,0,0.118,1,3,3,item_not_received,1
CASE-9215,9719.98,6,0,0,1,0,4,21429.35,0,0.266,0,5,1,other,1
CASE-9216,125158.01,7,0,0,0,21,6,151443.64,8,0.093,2,1,5,item_not_received,0
CASE-9217,132560.08,15,0,2,0,0,29,105835.65,1,0.094,0,4,2,unauthorized,0
CASE-9218,827.32,17,1,3,1,5,47,1332.34,2,0.265,0,4,2,item_not_received,1
CASE-9219,107996.36,55,0,7,1,4,2,255768.6,4,0.135,0,5,1,duplicate,1
CASE-9220,66946.24,9,0,0,1,0,15,84313.05,0,0.111,0,5,1,item_not_received,1
CASE-9221,3140.62,16,1,1,1,0,88,1232.25,9,0.149,0,6,0,item_not_received,1
CASE-9222,16658.12,62,2,0,0,17,78,10523.1,11,0.233,0,5,1,item_not_received,0
CASE-9223,809.14,10,0,1,1,2,19,938.71,0,0.151,0,4,2,defective,0
CASE-9224,9878.16,72,0,0,1,0,9,24591.15,0,0.345,0,5,1,unauthorized,1
CASE-9225,15793.14,96,2,2,1,0,57,8182.91,12,0.473,0,5,1,item_not_received,1
CASE-9226,9977.94,9,1,0,1,0,26,19184.09,3,0.09,0,6,0,item_not_received,1
CASE-9227,1141.47,4,0,0,0,29,2,2425.74,3,0.126,5,3,3,unauthorized,0
CASE-9228,1057.99,10,0,0,1,0,61,1045.49,9,0.109,6,5,1,defective,1
CASE-9229,424.39,4,0,0,1,17,4,747.69,4,0.475,0,5,1,unauthorized,1
CASE-9230,18021.42,3,0,2,1,0,23,23205.67,3,0.035,0,5,1,unauthorized,1
CASE-9231,5872.82,21,0,4,0,25,18,8897.86,1,0.192,2,4,2,other,0
CASE-9232,16660.93,4,0,0,1,0,17,5336.72,11,0.09,0,5,1,duplicate,1
CASE-9233,8175.86,3,5,2,1,7,20,6214.1,3,0.361,0,3,3,duplicate,1
CASE-9234,815.01,7,0,0,0,29,33,1581.97,3,0.177,0,1,5,item_not_received,0
CASE-9235,742.68,2,0,0,0,29,2,521.56,0,0.328,0,3,3,duplicate,0
CASE-9236,18038.31,4,0,0,0,13,27,29860.05,0,0.013,0,5,1,other,0
CASE-9237,1803.6,86,0,1,1,0,23,857.66,3,0.032,0,4,2,unauthorized,0
CASE-9238,1090.28,3,0,1,0,22,20,2198.09,10,0.31,0,5,1,defective,0
CASE-9239,126255.31,10,1,0,1,6,54,104434.93,1,0.227,0,4,2,duplicate,1
CASE-9240,15854.85,16,0,4,1,0,4,39172.37,14,0.068,0,5,1,unauthorized,1
CASE-9241,133214.36,3,0,2,1,21,3,230637.64,12,0.182,1,3,3,duplicate,1
CASE-9242,2432.98,33,0,0,1,21,28,2799.79,4,0.013,0,4,2,duplicate,1
CASE-9243,1918.84,5,0,0,0,22,6,3369.19,0,0.107,0,1,5,other,0
CASE-9244,70009.68,4,2,1,1,5,19,109345.9,3,0.567,1,4,2,item_not_received,1
CASE-9245,405.15,10,2,5,1,0,26,815.09,0,0.435,0,5,1,unauthorized,0
CASE-9246,11239.05,3,0,0,1,18,3,18960.71,14,0.242,0,5,1,item_not_received,0
CASE-9247,625.3,1,0,2,0,6,79,1544.15,9,0.255,0,4,2,item_not_received,0
CASE-9248,100545.27,13,0,0,0,23,5,209819.34,1,0.089,0,2,4,defective,0
CASE-9249,147579.66,2,0,0,1,0,8,298530.96,5,0.039,1,5,1,defective,1
CASE-9250,90370.79,2,0,2,0,16,4,78342.63,4,0.17,1,3,3,defective,0
CASE-9251,130088.57,4,0,0,1,0,23,234675.35,1,0.316,0,5,1,unauthorized,1
CASE-9252,7686.36,3,0,2,1,0,22,4214.72,0,0.093,2,5,1,unauthorized,0
CASE-9253,91043.1,11,0,0,1,11,6,87932.47,1,0.129,0,5,1,unauthorized,1
CASE-9254,380.87,3,0,0,1,0,59,845.93,0,0.2,0,5,1,item_not_received,1
CASE-9255,17300.8,1,0,0,0,21,5,17699.82,0,0.183,0,2,4,defective,0
CASE-9256,875.18,4,2,0,0,0,11,1114.56,13,0.114,2,2,4,item_not_received,0
CASE-9257,5224.71,8,2,0,0,1,1,5558.21,2,0.232,1,2,4,defective,1
CASE-9258,11455.59,40,0,0,0,14,16,25113.06,1,0.062,2,0,6,other,1
CASE-9259,17394.11,11,0,0,1,0,6,10182.41,5,0.266,0,6,0,defective,1
CASE-9260,8854.46,12,2,0,1,0,38,12290.85,4,0.393,0,5,1,item_not_received,1
CASE-9261,77691.07,79,0,1,0,6,21,172319.19,4,0.374,1,3,3,defective,0
CASE-9262,41061.23,61,1,2,0,22,14,100220.5,3,0.089,0,4,2,item_not_received,0
CASE-9263,1137.55,4,2,2,1,18,28,610.86,0,0.307,0,3,3,defective,0
CASE-9264,117582.07,7,0,0,1,0,4,223746.74,3,0.238,1,4,2,unauthorized,1
CASE-9265,122719.45,91,6,0,1,0,1,180981.17,4,0.917,0,5,1,item_not_received,1
CASE-9266,1087.19,4,2,0,1,0,2,1992.76,3,0.204,0,4,2,item_not_received,1
CASE-9267,561.29,2,6,5,0,13,21,387.21,14,0.708,0,4,2,unauthorized,0
CASE-9268,1201.61,3,0,0,0,0,13,385.24,0,0.235,0,4,2,item_not_received,0
CASE-9269,471.48,3,0,0,1,8,20,829.1,8,0.098,0,5,1,other,1
CASE-9270,585.09,68,2,0,1,0,28,1300.92,1,0.197,3,6,0,unauthorized,0
CASE-9271,1361.69,9,0,6,1,0,5,3105.05,2,0.209,0,6,0,other,0
CASE-9272,1203.47,4,2,0,1,0,60,1066.71,3,0.652,0,4,2,unauthorized,1
CASE-9273,13376.59,3,0,2,0,1,25,26411.01,4,0.07,0,4,2,other,0
CASE-9274,149083.2,13,3,0,0,5,9,337825.75,11,0.354,0,4,2,unauthorized,0
CASE-9275,18804.5,2,5,0,0,10,20,7803.03,1,0.523,1,5,1,item_not_received,0
CASE-9276,7053.67,6,0,2,0,17,25,13278.26,0,0.035,1,2,4,duplicate,1
CASE-9277,139182.06,63,0,0,1,10,7,172826.67,2,0.04,0,4,2,item_not_received,1
CASE-9278,571.09,77,1,6,1,2,11,634.54,13,0.191,0,4,2,item_not_received,1
CASE-9279,3591.52,5,2,0,0,13,4,4816.29,14,0.316,1,4,2,item_not_received,0
CASE-9280,12096.57,1,1,2,0,3,8,29732.7,0,0.296,0,4,2,duplicate,0
CASE-9281,113858.66,4,0,0,0,11,12,132271.85,4,0.122,4,3,3,unauthorized,0
CASE-9282,4899.0,1,0,0,0,1,29,8682.87,2,0.097,0,2,4,duplicate,0
CASE-9283,556.88,2,9,0,0,23,17,1132.98,3,0.938,1,5,1,unauthorized,0
CASE-9284,10337.13,5,2,0,0,29,76,17534.25,4,0.511,5,3,3,duplicate,0
CASE-9285,111083.92,16,0,0,0,2,36,127248.09,1,0.51,0,4,2,item_not_received,0
CASE-9286,592.34,9,9,0,1,15,28,567.11,13,1.0,0,5,1,item_not_received,0
CASE-9287,1456.84,16,0,1,1,0,10,2789.85,9,0.133,0,6,0,defective,1
CASE-9288,1688.34,59,0,0,1,0,2,567.11,0,0.071,0,4,2,item_not_received,1
CASE-9289,10781.55,2,2,0,1,0,61,5136.31,4,0.221,0,5,1,unauthorized,1
CASE-9290,15667.54,2,0,0,1,0,55,28089.01,1,0.105,0,4,2,item_not_received,1
CASE-9291,1183.65,6,0,0,1,15,69,1509.09,2,0.029,0,4,2,item_not_received,1
CASE-9292,424.83,14,1,0,1,7,43,615.12,4,0.375,0,6,0,other,1
CASE-9293,42962.38,69,1,5,1,0,17,85152.12,2,0.303,0,4,2,defective,0
CASE-9294,5639.9,3,0,0,1,0,2,10768.09,0,0.326,6,4,2,unauthorized,1
CASE-9295,1365.19,4,2,0,0,18,16,3268.61,4,0.398,0,3,3,other,1
CASE-9296,248.75,8,4,0,1,0,57,430.54,0,0.798,0,6,0,item_not_received,1
CASE-9297,3966.33,2,0,0,0,17,7,8340.04,0,0.09,4,3,3,item_not_received,0
CASE-9298,11538.21,2,0,2,0,7,23,24185.87,3,0.217,1,4,2,item_not_received,0
CASE-9299,3023.78,8,1,2,1,5,3,2279.55,3,0.127,0,6,0,defective,1
CASE-9300,142597.02,16,0,0,1,26,24,91724.8,0,0.204,0,5,1,duplicate,1
CASE-9301,1497.0,4,3,0,1,0,27,3311.65,1,0.554,0,4,2,defective,0
CASE-9302,1910.49,2,0,2,1,0,26,672.18,13,0.155,0,6,0,item_not_received,1
CASE-9303,1850.43,18,3,7,1,0,68,2362.82,2,0.595,0,4,2,item_not_received,1
CASE-9304,1955.61,13,0,0,0,15,5,1837.47,8,0.277,0,4,2,item_not_received,0
CASE-9305,3065.8,7,0,5,0,0,25,3623.58,4,0.108,0,4,2,item_not_received,1
CASE-9306,432.51,4,1,2,1,0,22,1031.25,0,0.188,0,6,0,duplicate,1
CASE-9307,14809.14,31,0,0,1,0,15,32135.99,10,0.097,1,6,0,duplicate,1
CASE-9308,1271.9,1,4,0,1,28,61,2220.53,14,0.485,0,4,2,unauthorized,1
CASE-9309,15241.95,16,7,4,0,18,6,36503.86,0,1.0,1,1,5,unauthorized,0
CASE-9310,9665.06,8,3,0,1,14,11,13410.55,6,0.223,1,4,2,item_not_received,1
CASE-9311,1046.89,11,0,3,0,8,63,1142.5,7,0.159,1,4,2,unauthorized,0
CASE-9312,41558.52,4,1,6,1,0,75,53485.49,3,0.144,4,5,1,unauthorized,0
CASE-9313,83482.37,14,0,2,1,0,59,150403.72,4,0.102,0,4,2,duplicate,1
CASE-9314,13375.4,19,0,5,1,0,82,30218.09,3,0.313,0,4,2,item_not_received,1
CASE-9315,590.86,4,0,0,1,6,6,878.85,2,0.096,0,5,1,unauthorized,1
CASE-9316,24990.67,10,2,0,1,24,5,29867.07,0,0.351,0,4,2,item_not_received,1
CASE-9317,4954.06,9,8,0,0,24,84,3511.4,0,1.0,4,2,4,item_not_received,0
CASE-9318,119694.69,1,1,2,0,17,2,220738.27,1,0.443,0,2,4,defective,0
CASE-9319,1194.83,9,2,0,1,0,34,2951.74,0,0.212,0,4,2,other,1
CASE-9320,751.21,4,1,2,1,0,2,449.28,6,0.122,0,6,0,defective,0
CASE-9321,2741.39,14,0,0,0,0,21,3033.28,4,0.194,2,4,2,item_not_received,0
CASE-9322,733.76,4,8,0,1,17,2,433.39,1,1.0,1,5,1,item_not_received,0
CASE-9323,104279.03,99,8,0,0,4,10,170234.6,2,1.0,5,5,1,defective,0
CASE-9324,686.7,3,0,0,0,17,20,403.09,3,0.592,0,4,2,item_not_received,1
CASE-9325,683.27,95,1,0,0,4,1,373.58,4,0.103,0,4,2,duplicate,0
CASE-9326,3692.82,1,1,0,0,27,3,2828.14,0,0.262,0,4,2,item_not_received,0
CASE-9327,55025.48,13,3,0,1,27,3,111127.92,3,0.413,0,4,2,defective,1
CASE-9328,57655.62,3,1,0,1,0,4,114073.03,2,0.225,0,4,2,unauthorized,0
CASE-9329,12065.92,3,1,3,1,0,3,12786.3,0,0.081,0,4,2,unauthorized,0
CASE-9330,1210.27,10,5,2,1,0,33,2304.24,7,0.484,2,6,0,unauthorized,0
CASE-9331,732.33,7,2,0,1,9,10,1094.0,1,0.382,0,2,4,item_not_received,1
CASE-9332,1808.62,4,1,0,0,2,3,4466.85,3,0.161,6,3,3,item_not_received,0
CASE-9333,1156.52,16,0,0,1,0,4,2835.53,11,0.159,0,6,0,duplicate,1
CASE-9334,1775.3,3,6,0,0,11,1,3933.4,0,0.662,2,2,4,item_not_received,0
CASE-9335,5808.49,3,0,0,0,23,18,5042.48,1,0.214,1,3,3,other,0
CASE-9336,1099.67,10,0,0,1,15,70,2051.14,0,0.246,0,6,0,item_not_received,1
CASE-9337,937.96,6,3,2,1,0,3,422.77,3,0.373,0,4,2,defective,1
CASE-9338,692.71,3,0,1,1,0,21,1677.07,0,0.167,2,2,4,unauthorized,0
CASE-9339,11570.83,34,0,0,1,0,82,16968.58,1,0.068,0,3,3,item_not_received,1
CASE-9340,18842.13,8,1,1,1,5,12,41729.69,1,0.315,0,3,3,duplicate,1
CASE-9341,145942.83,8,3,0,1,26,22,232190.69,2,0.324,0,3,3,duplicate,1
CASE-9342,2094.38,2,5,0,1,0,85,2084.99,2,0.734,0,6,0,unauthorized,1
CASE-9343,701.28,14,0,0,0,21,29,545.72,13,0.256,0,1,5,unauthorized,0
CASE-9344,104635.75,11,5,1,1,0,27,147517.83,0,0.844,0,5,1,duplicate,1
CASE-9345,8664.15,2,0,1,0,20,1,20891.89,10,0.143,0,4,2,unauthorized,0
CASE-9346,108199.7,18,0,0,1,0,1,220632.56,1,0.197,2,4,2,defective,1
CASE-9347,1594.85,13,0,0,0,17,12,1064.08,3,0.12,0,2,4,other,1
CASE-9348,1505.95,15,3,0,1,3,27,2254.4,4,0.19,0,6,0,duplicate,1
CASE-9349,107582.34,8,0,0,0,3,6,169522.49,1,0.09,2,4,2,item_not_received,0
CASE-9350,7789.89,1,3,2,1,0,2,10721.93,8,0.612,0,5,1,unauthorized,0
CASE-9351,120251.87,67,3,0,1,18,17,230593.81,3,0.325,0,6,0,item_not_received,1
CASE-9352,1291.34,16,2,2,0,16,3,1518.48,4,0.28,0,5,1,unauthorized,0
CASE-9353,118202.74,3,3,0,1,0,72,199503.78,5,0.35,0,4,2,other,1
CASE-9354,746.47,10,0,0,1,0,14,1030.36,1,0.344,0,5,1,item_not_received,1
CASE-9355,18088.03,86,0,4,0,18,1,37824.79,4,0.054,0,5,1,unauthorized,0
CASE-9356,50984.84,1,0,0,1,17,52,112149.25,3,0.017,0,4,2,item_not_received,1
CASE-9357,1229.7,7,5,2,1,0,5,1886.72,4,0.705,1,5,1,defective,1
CASE-9358,48010.33,16,2,0,1,0,14,107094.95,0,0.391,0,5,1,defective,0
CASE-9359,143605.7,84,0,2,1,3,70,125930.86,2,0.152,1,2,4,item_not_received,1
CASE-9360,1606.89,13,0,1,1,21,4,3785.54,1,0.231,0,3,3,defective,1
CASE-9361,877.8,4,0,0,1,5,8,1896.74,1,0.072,0,6,0,duplicate,0
CASE-9362,14172.54,4,3,0,1,0,35,17645.61,0,0.403,0,6,0,item_not_received,1
CASE-9363,925.95,9,0,0,1,14,5,1696.65,7,0.344,0,5,1,unauthorized,1
CASE-9364,1485.18,75,0,2,1,0,25,916.95,4,0.24,0,5,1,defective,1
CASE-9365,85676.1,74,3,0,1,15,55,158254.63,5,0.318,0,5,1,other,1
CASE-9366,1535.57,17,0,0,0,21,25,3617.51,0,0.468,1,2,4,defective,0
CASE-9367,435.35,6,2,2,1,0,66,1033.23,1,0.26,0,6,0,unauthorized,1
CASE-9368,6169.29,7,2,2,0,3,23,12472.27,1,0.204,2,5,1,duplicate,0
CASE-9369,48112.32,6,1,1,1,0,6,47595.98,0,0.289,1,3,3,other,1
CASE-9370,645.43,9,0,0,0,27,22,619.48,4,0.128,1,4,2,unauthorized,0
CASE-9371,18039.18,4,0,0,1,29,7,27287.23,2,0.181,0,4,2,other,1
CASE-9372,544.6,41,1,0,1,14,18,613.1,1,0.332,0,5,1,unauthorized,1
CASE-9373,13614.38,13,0,0,1,22,49,27831.05,1,0.139,0,3,3,defective,0
CASE-9374,1346.9,16,6,4,1,0,59,518.76,0,0.78,0,3,3,item_not_received,1
CASE-9375,5194.5,15,0,0,1,0,78,1880.24,4,0.24,0,4,2,duplicate,1
CASE-9376,353.95,18,7,0,0,10,10,622.24,0,0.545,0,3,3,duplicate,0
CASE-9377,560.84,2,2,0,0,14,10,1238.0,0,0.413,0,3,3,defective,0
CASE-9378,30182.77,12,3,0,0,23,1,12052.57,3,0.48,0,3,3,unauthorized,0
CASE-9379,1120.23,72,7,0,1,1,19,1899.78,13,0.874,0,6,0,unauthorized,0
CASE-9380,1325.43,6,0,0,1,0,2,1547.53,3,0.387,2,3,3,defective,0
CASE-9381,316.13,19,0,3,1,0,15,638.3,1,0.153,1,5,1,defective,1
CASE-9382,1151.9,1,5,0,1,0,45,727.98,1,0.719,0,2,4,defective,0
CASE-9383,541.57,3,0,0,1,0,2,683.98,1,0.015,0,6,0,unauthorized,1
CASE-9384,1858.32,74,2,0,0,23,85,1981.26,0,0.412,1,1,5,defective,0
CASE-9385,1103.44,1,2,2,1,0,11,1722.25,4,0.754,0,5,1,unauthorized,0
CASE-9386,72497.49,12,0,1,0,2,5,99811.93,3,0.123,1,4,2,item_not_received,1
CASE-9387,1690.52,14,1,0,0,13,3,3161.03,0,0.111,0,2,4,duplicate,0
CASE-9388,334.0,64,0,0,0,11,29,124.46,1,0.129,0,0,6,unauthorized,0
CASE-9389,14535.53,3,1,0,1,0,2,34191.18,4,0.104,0,6,0,other,0
CASE-9390,41639.22,12,3,2,0,24,9,23866.88,2,0.527,0,3,3,other,0
CASE-9391,15428.41,21,0,3,1,0,8,32469.6,0,0.169,0,3,3,other,0
CASE-9392,1777.13,4,0,0,0,25,19,1746.88,2,0.304,1,2,4,unauthorized,0
CASE-9393,12456.25,40,0,1,1,3,4,21870.06,0,0.205,1,5,1,unauthorized,1
CASE-9394,99077.08,2,0,0,1,0,7,172575.36,10,0.074,2,5,1,duplicate,1
CASE-9395,1119.32,2,3,2,0,10,18,1957.84,12,0.471,1,3,3,unauthorized,0
CASE-9396,514.0,16,0,1,1,0,21,561.05,0,0.096,2,4,2,other,1
CASE-9397,62308.52,1,2,0,1,0,20,47045.31,12,0.255,1,6,0,defective,1
CASE-9398,29629.71,3,5,0,1,0,2,57320.51,0,0.331,0,4,2,defective,1
CASE-9399,70726.72,19,2,2,0,19,4,133564.88,3,0.367,2,1,5,item_not_received,0
CASE-9400,1343.79,57,1,0,1,0,1,739.34,12,0.155,0,6,0,unauthorized,1
CASE-9401,561.58,9,2,0,1,0,4,1246.41,0,0.302,3,6,0,other,1
CASE-9402,56867.33,95,9,0,1,0,32,82779.72,12,1.0,0,5,1,item_not_received,1
CASE-9403,12908.02,6,1,0,1,28,37,9175.03,0,0.321,0,4,2,item_not_received,1
CASE-9404,22947.26,34,0,2,1,0,4,27891.2,0,0.374,0,2,4,other,1
CASE-9405,13755.5,8,0,0,0,17,80,16779.89,4,0.094,0,4,2,other,0
CASE-9406,108065.0,4,0,0,1,0,29,34959.12,2,0.216,0,2,4,defective,0
CASE-9407,12806.0,45,0,4,0,20,15,12079.08,4,0.176,2,1,5,unauthorized,0
CASE-9408,252.18,3,0,0,1,14,17,196.08,11,0.186,2,5,1,item_not_received,0
CASE-9409,595.27,11,1,0,0,25,82,1042.05,1,0.291,2,4,2,duplicate,0
CASE-9410,30577.4,69,0,1,0,7,13,75981.38,0,0.04,0,3,3,defective,0
CASE-9411,73840.89,79,0,0,1,0,3,71194.95,0,0.131,2,6,0,item_not_received,1
CASE-9412,734.25,20,1,1,1,0,1,574.01,2,0.267,0,4,2,defective,1
CASE-9413,9691.56,8,6,3,1,21,2,20369.44,2,0.595,0,3,3,unauthorized,0
CASE-9414,768.14,21,1,1,1,20,16,1795.53,0,0.148,0,4,2,item_not_received,1
CASE-9415,75366.19,13,0,0,1,0,14,27731.24,1,0.232,0,3,3,duplicate,1
CASE-9416,8432.33,2,1,0,1,0,5,19926.7,2,0.167,2,4,2,unauthorized,0
CASE-9417,16939.57,33,0,0,1,12,1,31569.34,3,0.092,2,4,2,item_not_received,1
CASE-9418,19010.92,4,0,2,1,5,12,21951.39,4,0.062,0,4,2,item_not_received,1
CASE-9419,65793.29,24,4,2,1,15,11,102072.53,4,0.781,0,6,0,item_not_received,0
CASE-9420,672.08,15,0,0,0,27,5,1192.83,4,0.269,2,3,3,unauthorized,0
CASE-9421,13585.57,13,1,0,1,20,2,11404.96,3,0.447,0,5,1,other,0
CASE-9422,1607.52,15,0,1,0,8,4,1974.47,0,0.055,0,2,4,unauthorized,0
CASE-9423,53946.54,13,2,0,0,4,4,109130.98,1,0.353,0,3,3,item_not_received,0
CASE-9424,111474.94,51,0,0,0,12,19,271608.77,14,0.108,0,3,3,item_not_received,0
CASE-9425,50340.75,1,0,3,1,0,18,84949.26,0,0.03,0,5,1,unauthorized,1
CASE-9426,1716.65,43,1,2,1,13,28,1759.61,0,0.172,0,5,1,other,1
CASE-9427,31305.84,74,0,1,1,25,18,30751.68,0,0.111,2,5,1,item_not_received,1
CASE-9428,6964.95,80,2,0,0,28,55,10730.68,7,0.366,0,5,1,item_not_received,0
CASE-9429,139836.01,8,0,0,1,12,59,111876.29,3,0.174,0,4,2,duplicate,1
CASE-9430,1666.97,85,3,0,1,0,20,2703.43,2,0.321,1,6,0,defective,1
CASE-9431,373.26,3,0,0,1,0,2,806.99,1,0.453,0,4,2,unauthorized,1
CASE-9432,110582.47,7,0,0,0,27,2,202983.5,2,0.26,2,1,5,item_not_received,0
CASE-9433,1277.18,4,0,2,1,13,25,902.19,3,0.381,0,3,3,unauthorized,0
CASE-9434,113209.21,1,2,0,0,16,29,69020.01,1,0.265,0,3,3,other,0
CASE-9435,94328.48,3,2,0,1,0,8,105780.55,2,0.202,3,5,1,defective,1
CASE-9436,82241.93,2,0,0,0,10,21,88878.98,5,0.05,0,3,3,unauthorized,0
CASE-9437,39832.46,10,0,1,1,0,23,15738.14,2,0.362,0,4,2,item_not_received,1
CASE-9438,864.69,15,0,0,0,11,7,2127.02,2,0.289,0,4,2,unauthorized,0
CASE-9439,10034.13,2,3,0,0,4,64,5066.05,0,0.574,2,4,2,unauthorized,0
CASE-9440,117154.08,94,0,3,1,0,16,276417.99,1,0.121,4,4,2,item_not_received,0
CASE-9441,353.92,46,0,0,0,21,3,547.47,3,0.08,0,4,2,item_not_received,0
CASE-9442,11391.37,14,6,0,1,28,2,10874.69,0,0.627,0,6,0,item_not_received,1
CASE-9443,55900.96,39,0,0,1,0,29,25373.63,3,0.362,6,4,2,unauthorized,0
CASE-9444,115042.67,5,0,0,1,3,3,59435.07,0,0.321,0,5,1,defective,1
CASE-9445,947.04,19,3,0,1,29,11,1983.44,0,0.254,2,4,2,defective,0
CASE-9446,146934.34,30,0,0,1,0,10,215055.05,6,0.154,6,4,2,defective,1
CASE-9447,12074.44,13,0,0,0,27,9,27060.95,3,0.229,2,2,4,item_not_received,0
CASE-9448,1375.49,19,3,0,1,0,2,596.41,2,0.278,0,3,3,item_not_received,1
CASE-9449,18217.09,63,2,0,1,0,4,30152.55,0,0.35,1,5,1,defective,1
CASE-9450,1860.28,72,2,1,1,0,6,3056.04,4,0.446,0,4,2,other,0
CASE-9451,1203.6,49,0,0,1,0,46,2629.27,1,0.137,5,4,2,item_not_received,1
CASE-9452,144824.76,18,8,1,1,0,10,55229.98,3,0.794,0,4,2,unauthorized,0
CASE-9453,16442.52,77,6,2,1,0,2,21134.43,6,0.519,0,4,2,item_not_received,1
CASE-9454,450.12,1,0,0,1,16,4,195.07,9,0.043,2,6,0,unauthorized,0
CASE-9455,16430.02,51,0,0,1,24,4,40260.09,0,0.108,3,4,2,defective,1
CASE-9456,2890.1,2,0,0,0,22,20,1764.92,3,0.352,5,3,3,other,0
CASE-9457,347.19,4,3,1,0,7,29,153.48,12,0.507,0,2,4,other,0
CASE-9458,1617.75,3,0,0,1,4,21,2036.26,4,0.071,0,3,3,defective,0
CASE-9459,95272.63,2,1,0,0,13,51,33548.26,3,0.137,1,4,2,unauthorized,0
CASE-9460,390.36,16,0,0,1,20,76,259.99,0,0.069,0,5,1,other,1
CASE-9461,70278.66,15,0,0,1,1,27,159827.62,7,0.205,6,5,1,item_not_received,1
CASE-9462,15341.31,61,1,0,0,17,53,36414.12,0,0.549,0,3,3,unauthorized,0
CASE-9463,839.56,6,1,0,1,13,6,264.17,0,0.184,1,5,1,item_not_received,1
CASE-9464,8420.14,87,2,0,0,4,23,10256.08,1,0.078,5,5,1,item_not_received,0
CASE-9465,82301.26,3,3,2,1,18,14,123313.07,1,0.686,0,4,2,other,1
CASE-9466,1532.88,9,0,1,1,23,28,1049.08,2,0.184,0,5,1,unauthorized,1
CASE-9467,1284.16,3,3,2,0,22,5,2084.29,4,0.528,0,4,2,item_not_received,0
CASE-9468,1370.88,14,3,0,1,0,18,2770.93,2,0.344,2,6,0,duplicate,1
CASE-9469,19859.58,29,0,7,1,0,26,38322.22,2,0.135,0,4,2,defective,0
CASE-9470,2089.31,11,0,2,0,2,26,4849.21,1,0.07,0,4,2,duplicate,1
CASE-9471,91003.13,14,0,1,1,0,56,33706.27,3,0.358,0,6,0,other,0
CASE-9472,1788.7,6,0,5,1,0,19,2973.24,0,0.24,6,3,3,item_not_received,1
CASE-9473,1485.38,1,7,1,0,19,50,2793.44,1,0.535,3,1,5,item_not_received,0
CASE-9474,652.34,8,1,0,1,21,59,765.46,10,0.265,1,5,1,duplicate,0
CASE-9475,1868.35,17,1,0,1,0,25,3190.96,0,0.201,1,4,2,item_not_received,1
CASE-9476,975.37,22,2,0,1,11,49,936.68,7,0.168,0,5,1,defective,1
CASE-9477,103745.21,2,0,1,1,0,9,48444.45,4,0.125,0,6,0,duplicate,1
CASE-9478,134320.15,3,0,2,0,28,2,90848.82,4,0.358,0,5,1,item_not_received,0
CASE-9479,14743.03,5,0,1,1,0,24,6330.13,4,0.16,0,6,0,unauthorized,1
CASE-9480,1508.56,56,0,0,1,0,8,2669.12,4,0.198,5,4,2,item_not_received,1
CASE-9481,115084.32,17,4,0,0,20,72,220656.87,14,0.473,1,3,3,item_not_received,0
CASE-9482,760.99,17,0,1,0,28,18,746.81,12,0.048,0,3,3,item_not_received,0
CASE-9483,141129.0,17,3,0,1,9,8,123195.38,5,0.559,0,6,0,item_not_received,1
CASE-9484,94992.42,2,0,0,1,4,49,70494.81,2,0.101,0,5,1,duplicate,0
CASE-9485,1712.15,2,7,5,1,0,32,979.83,1,0.669,0,6,0,unauthorized,0
CASE-9486,1232.17,9,0,0,1,20,1,1278.74,2,0.1,0,3,3,unauthorized,0
CASE-9487,20194.3,2,1,0,1,11,44,48024.69,3,0.24,0,6,0,defective,1
CASE-9488,15305.47,6,7,3,1,16,33,19362.9,0,0.736,0,4,2,item_not_received,1
CASE-9489,219.19,9,0,1,0,12,75,261.45,11,0.107,0,4,2,item_not_received,0
CASE-9490,19600.98,47,0,2,1,0,12,40169.52,3,0.131,0,4,2,unauthorized,1
CASE-9491,6557.82,56,0,0,1,0,6,9682.64,4,0.26,0,5,1,unauthorized,1
CASE-9492,11281.43,7,2,1,1,0,49,25867.23,0,0.354,0,5,1,unauthorized,0
CASE-9493,16765.33,13,4,0,1,0,50,17902.16,2,0.509,0,4,2,unauthorized,0
CASE-9494,19489.25,7,2,0,1,20,13,33918.64,5,0.343,5,5,1,defective,1
CASE-9495,243.43,7,6,0,1,11,28,111.24,4,1.0,0,4,2,unauthorized,1
CASE-9496,121708.28,12,0,7,1,0,9,56549.48,1,0.06,0,3,3,other,1
CASE-9497,200.77,18,0,0,1,0,35,259.46,2,0.085,0,5,1,duplicate,1
CASE-9498,88836.62,4,0,0,1,7,11,68797.13,3,0.146,0,6,0,item_not_received,1
CASE-9499,1051.15,34,5,0,1,0,57,1223.18,4,0.378,0,5,1,item_not_received,1
CASE-9500,568.96,3,3,0,1,22,29,1176.23,0,0.624,0,4,2,unauthorized,1
CASE-9501,47452.24,98,4,1,1,0,3,105521.69,2,0.29,0,4,2,item_not_received,1
CASE-9502,261.39,16,6,0,0,9,27,169.57,0,0.88,0,2,4,unauthorized,0
CASE-9503,6728.59,16,3,0,1,0,29,14835.72,8,0.564,0,5,1,unauthorized,1
CASE-9504,107521.62,12,9,5,1,0,10,34523.36,2,0.97,2,5,1,item_not_received,1
CASE-9505,9302.49,13,0,0,1,0,6,19529.04,9,0.095,0,5,1,duplicate,1
CASE-9506,5821.62,2,3,1,1,0,2,3077.88,4,0.363,1,5,1,other,1
CASE-9507,724.25,73,0,0,1,0,22,1365.44,1,0.23,0,5,1,item_not_received,1
CASE-9508,1362.2,4,0,0,1,0,19,729.59,0,0.151,0,3,3,unauthorized,1
CASE-9509,13531.94,8,0,0,1,25,51,23364.01,13,0.138,0,6,0,item_not_received,1
CASE-9510,94134.66,58,2,0,0,21,13,114691.42,14,0.144,0,4,2,duplicate,1
CASE-9511,128492.48,7,0,0,0,28,49,159808.84,0,0.153,0,3,3,unauthorized,0
CASE-9512,7472.36,12,0,0,1,16,53,3938.43,0,0.27,0,5,1,item_not_received,1
CASE-9513,25505.76,66,3,0,1,0,79,28990.68,0,0.414,0,5,1,unauthorized,0
CASE-9514,1605.59,48,1,0,1,12,4,2336.33,3,0.307,0,4,2,item_not_received,1
CASE-9515,7861.38,19,0,6,0,28,40,12665.29,1,0.173,0,3,3,unauthorized,0
CASE-9516,627.22,5,1,1,1,0,14,522.43,2,0.354,2,5,1,item_not_received,1
CASE-9517,132402.54,13,0,0,1,0,85,283248.86,13,0.243,0,3,3,defective,1
CASE-9518,7059.64,5,0,1,1,0,4,4295.96,0,0.149,0,5,1,duplicate,1
CASE-9519,18319.03,6,3,1,0,26,3,11063.61,2,0.372,0,3,3,defective,0
CASE-9520,134307.14,3,0,0,0,21,53,57722.58,14,0.283,0,4,2,unauthorized,1
CASE-9521,5539.72,18,2,7,1,4,6,10042.28,1,0.14,0,4,2,item_not_received,1
CASE-9522,24864.44,70,6,7,1,5,7,10795.54,3,0.78,2,4,2,defective,1
CASE-9523,1403.64,62,0,0,1,0,27,3434.54,0,0.205,1,5,1,unauthorized,0
CASE-9524,19543.73,65,5,0,1,0,5,31389.4,0,0.399,1,4,2,item_not_received,1
CASE-9525,13654.89,2,0,4,0,3,25,32800.67,3,0.398,0,2,4,item_not_received,0
CASE-9526,19102.56,3,2,2,1,0,22,22997.38,7,0.234,0,3,3,unauthorized,1
CASE-9527,73551.53,7,0,5,0,19,3,150668.73,3,0.157,0,1,5,item_not_received,0
CASE-9528,1288.22,16,3,6,0,4,16,556.84,1,0.242,2,3,3,unauthorized,0
CASE-9529,13267.94,13,0,2,1,0,9,17764.36,2,0.196,2,5,1,other,1
CASE-9530,558.79,68,0,1,1,0,40,186.33,0,0.094,5,5,1,unauthorized,0
CASE-9531,3522.81,15,7,0,1,19,9,3984.99,1,1.0,0,4,2,item_not_received,1
CASE-9532,67584.59,8,3,0,1,0,87,87820.18,2,0.372,1,5,1,defective,1
CASE-9533,2943.48,11,8,0,1,0,6,4626.17,14,0.857,0,4,2,defective,0
CASE-9534,560.09,16,2,0,1,5,1,1339.6,2,0.388,0,6,0,defective,1
CASE-9535,6924.38,2,3,0,1,0,4,15913.83,1,0.558,0,5,1,defective,1
CASE-9536,1669.44,4,0,0,1,0,29,3271.91,8,0.024,0,6,0,defective,1
CASE-9537,4226.53,55,2,0,1,0,2,8902.32,11,0.169,2,5,1,duplicate,1
CASE-9538,18727.17,4,3,0,0,29,19,34528.36,2,0.479,0,1,5,unauthorized,0
CASE-9539,557.71,4,2,0,0,25,18,274.38,0,0.103,0,3,3,unauthorized,0
CASE-9540,1364.37,17,9,0,1,24,3,721.34,1,0.764,0,6,0,item_not_received,1
CASE-9541,3919.51,43,1,0,0,3,12,7802.26,1,0.367,5,3,3,other,0
CASE-9542,70141.57,13,2,0,1,0,10,37021.99,10,0.648,0,5,1,unauthorized,1
CASE-9543,19994.69,9,0,0,1,12,20,38585.7,1,0.035,3,3,3,defective,0
CASE-9544,11150.64,2,0,0,1,17,7,24881.81,5,0.107,0,4,2,item_not_received,1
CASE-9545,15046.86,10,0,2,1,0,19,9107.51,0,0.091,0,3,3,unauthorized,0
CASE-9546,66014.41,2,0,1,1,0,15,159280.08,9,0.051,0,4,2,unauthorized,1
CASE-9547,16957.9,2,0,6,1,0,6,5833.98,0,0.262,0,3,3,defective,1
CASE-9548,2040.79,1,0,0,1,0,75,4360.92,3,0.229,2,5,1,duplicate,0
CASE-9549,1878.69,23,0,0,1,0,15,2897.37,1,0.081,0,6,0,unauthorized,1
CASE-9550,19001.78,18,0,0,0,6,5,21224.85,13,0.058,0,0,6,defective,0
CASE-9551,18711.5,75,0,0,1,0,23,24004.45,14,0.215,0,6,0,item_not_received,1
CASE-9552,1462.23,14,2,0,1,0,10,2683.04,4,0.408,0,6,0,item_not_received,1
CASE-9553,5599.5,4,0,0,1,0,21,2678.06,2,0.118,0,3,3,unauthorized,0
CASE-9554,479.4,5,0,0,1,6,5,399.19,13,0.231,0,5,1,defective,1
CASE-9555,423.26,19,0,0,1,9,29,1049.15,4,0.028,0,5,1,item_not_received,1
CASE-9556,44986.28,2,2,0,1,0,23,30607.69,7,0.567,1,6,0,item_not_received,1
CASE-9557,963.87,93,0,0,1,0,5,1672.15,4,0.176,0,4,2,item_not_received,1
CASE-9558,11735.12,55,3,0,1,20,3,27045.87,13,0.581,4,5,1,item_not_received,1
CASE-9559,66372.05,4,0,0,0,16,5,28034.94,4,0.369,0,3,3,defective,1
CASE-9560,5564.62,4,0,0,1,0,12,2915.62,3,0.025,0,2,4,unauthorized,1
CASE-9561,3681.2,3,0,6,0,9,13,2238.46,4,0.117,1,4,2,defective,0
CASE-9562,46804.29,2,0,0,1,0,15,14812.4,3,0.234,0,4,2,unauthorized,1
CASE-9563,125115.61,14,0,0,1,0,21,264263.88,0,0.149,2,5,1,defective,0
CASE-9564,13608.22,56,0,5,1,0,12,22708.9,1,0.22,0,4,2,item_not_received,1
CASE-9565,1770.63,13,1,0,1,0,27,617.14,14,0.303,0,5,1,duplicate,1
CASE-9566,1979.3,12,4,0,1,0,61,3030.4,3,0.6,0,3,3,item_not_received,0
CASE-9567,1515.94,8,3,0,1,6,1,2194.42,0,0.529,0,5,1,defective,1
CASE-9568,1455.85,1,0,0,1,26,24,517.97,1,0.277,4,5,1,item_not_received,1
CASE-9569,9810.27,9,2,1,1,0,76,12031.92,0,0.446,0,5,1,item_not_received,1
CASE-9570,125325.57,7,2,3,1,10,77,198237.4,3,0.367,0,6,0,item_not_received,1
CASE-9571,8584.56,14,1,0,0,7,27,6165.36,2,0.037,0,3,3,other,0
CASE-9572,546.73,18,6,0,0,21,21,977.51,3,0.693,6,3,3,item_not_received,0
CASE-9573,122188.01,1,2,0,1,0,19,142809.64,0,0.35,0,5,1,other,1
CASE-9574,135162.92,3,2,3,0,22,3,302370.15,11,0.176,0,3,3,item_not_received,0
CASE-9575,8004.46,1,0,1,1,7,13,3774.52,0,0.142,0,4,2,defective,0
CASE-9576,2006.81,71,3,1,0,23,20,3840.65,3,0.21,0,2,4,unauthorized,0
CASE-9577,1424.01,7,0,0,1,8,61,1875.43,3,0.314,4,4,2,item_not_received,0
CASE-9578,49212.31,54,0,2,0,25,37,17604.86,4,0.15,1,2,4,item_not_received,0
CASE-9579,15816.23,6,0,0,1,0,72,17325.48,14,0.102,0,5,1,item_not_received,1
CASE-9580,13818.59,2,7,0,1,0,5,20221.06,2,0.991,2,5,1,item_not_received,1
CASE-9581,112576.58,4,0,0,1,0,83,227807.26,0,0.091,2,4,2,duplicate,0
CASE-9582,15901.79,5,4,2,1,0,19,19093.29,0,0.726,0,4,2,defective,1
CASE-9583,105184.78,8,0,0,1,0,22,73839.77,0,0.294,0,5,1,unauthorized,1
CASE-9584,16919.12,4,0,2,1,0,22,22790.38,11,0.536,2,4,2,defective,1
CASE-9585,74413.06,19,0,1,0,22,13,173398.48,2,0.145,0,1,5,item_not_received,1
CASE-9586,732.55,12,0,0,1,6,5,759.48,0,0.03,0,4,2,defective,1
CASE-9587,43760.44,4,3,2,0,28,19,70237.98,7,0.494,0,2,4,unauthorized,0
CASE-9588,270.12,13,0,0,0,8,9,353.88,8,0.123,2,4,2,other,0
CASE-9589,403.88,4,0,2,1,0,16,764.55,0,0.226,0,4,2,item_not_received,1
CASE-9590,11985.93,9,3,0,1,0,20,25467.24,0,0.349,1,5,1,item_not_received,1
CASE-9591,40232.3,16,3,0,0,2,75,37581.98,1,0.667,0,4,2,item_not_received,0
CASE-9592,350.28,2,2,1,1,3,1,163.32,0,0.186,1,6,0,unauthorized,0
CASE-9593,864.24,10,0,0,1,0,16,1364.71,0,0.247,1,4,2,defective,0
CASE-9594,2749.84,1,1,2,0,29,24,5892.13,2,0.385,0,1,5,item_not_received,0
CASE-9595,4578.7,4,0,1,1,0,39,7612.45,4,0.052,0,6,0,unauthorized,1
CASE-9596,868.09,68,0,2,1,3,79,1339.7,0,0.104,1,5,1,defective,1
CASE-9597,3395.51,10,3,0,1,0,10,4543.62,2,0.423,5,4,2,other,0
CASE-9598,21806.12,4,0,0,0,9,72,35900.82,0,0.056,2,1,5,unauthorized,0
CASE-9599,862.33,11,1,1,1,3,87,1931.59,1,0.236,0,6,0,item_not_received,1
CASE-9600,145835.73,4,3,2,1,12,28,112887.29,0,0.527,2,6,0,other,1
CASE-9601,1610.56,17,2,2,1,0,17,1295.63,0,0.521,2,5,1,duplicate,1
CASE-9602,42718.53,14,0,0,1,23,6,42057.15,0,0.28,5,5,1,unauthorized,0
CASE-9603,307.92,13,0,2,1,8,6,125.64,1,0.274,0,3,3,unauthorized,0
CASE-9604,883.26,12,0,0,1,0,15,549.2,7,0.303,0,4,2,defective,0
CASE-9605,685.44,82,0,0,1,0,38,1542.19,12,0.097,0,6,0,item_not_received,1
CASE-9606,11194.51,9,5,2,0,2,2,4064.22,14,0.757,0,4,2,duplicate,0
CASE-9607,529.9,31,1,0,0,5,23,1106.21,3,0.055,0,3,3,defective,0
CASE-9608,147770.67,8,1,0,1,16,6,285834.8,13,0.313,0,4,2,other,1
CASE-9609,1199.9,4,0,0,1,0,8,2024.07,1,0.093,1,4,2,item_not_received,1
CASE-9610,67315.8,6,6,0,0,4,4,39495.25,12,0.994,1,2,4,unauthorized,0
CASE-9611,600.83,10,0,1,1,3,19,1363.31,0,0.024,0,4,2,duplicate,1
CASE-9612,231.53,11,3,0,1,6,4,481.75,0,0.487,0,6,0,unauthorized,1
CASE-9613,139332.69,10,0,0,0,14,4,55649.9,3,0.181,1,3,3,item_not_received,0
CASE-9614,12963.16,10,0,0,1,0,2,22657.89,4,0.108,0,5,1,unauthorized,1
CASE-9615,1546.64,17,1,1,1,0,8,1895.91,14,0.224,0,4,2,unauthorized,0
CASE-9616,3859.68,9,1,2,1,24,6,8071.19,8,0.133,0,5,1,item_not_received,1
CASE-9617,98736.81,3,0,0,1,0,15,237645.57,0,0.124,0,5,1,duplicate,1
CASE-9618,60452.76,4,0,2,1,0,20,101786.91,3,0.047,1,3,3,defective,1
CASE-9619,1531.65,15,3,1,1,26,4,1856.46,1,0.36,1,3,3,defective,0
CASE-9620,5475.95,4,3,0,1,18,84,3181.33,5,0.269,2,5,1,defective,1
CASE-9621,92549.46,2,9,0,0,28,3,98106.28,13,1.0,1,1,5,unauthorized,0
CASE-9622,1431.08,2,8,3,1,0,83,3104.12,1,0.639,2,4,2,unauthorized,0
CASE-9623,146641.73,6,5,0,1,0,2,65635.04,3,0.595,0,6,0,unauthorized,0
CASE-9624,16702.32,17,2,1,1,0,10,41152.41,0,0.085,0,6,0,defective,1
CASE-9625,11778.2,54,0,0,0,8,5,4912.14,2,0.125,1,3,3,item_not_received,1
CASE-9626,384.29,46,2,7,1,2,8,622.32,5,0.164,0,6,0,unauthorized,0
CASE-9627,284.98,14,3,0,0,10,63,691.41,0,0.326,0,2,4,duplicate,0
CASE-9628,942.31,4,0,5,1,0,7,638.28,1,0.151,0,5,1,unauthorized,0
CASE-9629,53298.78,56,2,0,1,27,33,97273.05,3,0.33,4,4,2,unauthorized,1
CASE-9630,863.83,2,6,6,1,0,22,1774.31,4,0.81,0,6,0,defective,0
CASE-9631,74972.84,18,0,0,1,0,6,62164.59,10,0.254,0,5,1,defective,1
CASE-9632,896.55,56,0,1,0,5,66,538.19,6,0.112,0,1,5,item_not_received,0
CASE-9633,13293.66,2,0,5,1,0,3,4657.81,1,0.114,0,5,1,item_not_received,1
CASE-9634,11631.68,16,0,0,1,9,7,27109.44,2,0.365,2,4,2,unauthorized,1
CASE-9635,51987.23,28,1,0,0,16,26,15745.43,0,0.15,0,2,4,defective,0
CASE-9636,1794.69,40,1,5,1,0,4,2884.89,3,0.135,0,5,1,item_not_received,0
CASE-9637,103236.36,19,0,0,1,15,86,214729.92,9,0.155,0,3,3,defective,1
CASE-9638,6754.41,4,1,0,1,0,19,7551.18,6,0.159,0,5,1,item_not_received,1
CASE-9639,1674.28,8,0,2,0,29,15,4055.67,3,0.272,2,2,4,item_not_received,0
CASE-9640,504.05,11,9,0,1,0,15,809.48,2,0.935,2,3,3,defective,0
CASE-9641,72516.55,8,0,0,0,21,2,76431.55,3,0.242,0,3,3,item_not_received,0
CASE-9642,11364.17,1,0,0,0,1,4,19440.46,2,0.398,0,2,4,unauthorized,0
CASE-9643,9289.22,14,0,0,1,0,1,2896.61,0,0.167,2,6,0,item_not_received,1
CASE-9644,889.44,83,0,0,0,22,7,1635.23,12,0.104,0,4,2,unauthorized,0
CASE-9645,4897.82,11,0,1,0,2,29,2271.5,4,0.056,0,4,2,unauthorized,0
CASE-9646,94885.12,7,0,6,1,0,20,101835.58,1,0.211,0,4,2,defective,1
CASE-9647,1814.56,72,0,0,0,4,14,1882.54,2,0.282,2,2,4,other,0
CASE-9648,6013.28,16,1,0,1,29,23,12164.47,4,0.284,4,6,0,other,1
CASE-9649,14777.43,1,2,0,1,0,2,16689.92,14,0.115,0,6,0,item_not_received,1
CASE-9650,1257.82,1,0,0,1,27,75,1250.35,3,0.122,0,5,1,unauthorized,1
CASE-9651,129919.11,10,0,1,0,17,72,229218.32,5,0.072,0,3,3,item_not_received,0
CASE-9652,8182.0,4,1,0,0,8,3,3832.46,6,0.125,0,4,2,unauthorized,0
CASE-9653,1372.66,1,0,2,1,0,6,1583.96,0,0.23,2,6,0,unauthorized,1
CASE-9654,15936.35,13,0,2,0,11,25,24184.58,5,0.224,0,3,3,unauthorized,0
CASE-9655,1810.63,3,3,0,0,3,2,2169.26,4,0.489,0,1,5,defective,0
CASE-9656,149413.62,39,3,0,0,6,18,163137.72,1,0.554,0,3,3,item_not_received,0
CASE-9657,663.65,2,2,1,1,0,13,1286.17,4,0.189,0,6,0,item_not_received,1
CASE-9658,11661.39,56,3,0,1,25,20,16284.27,0,0.386,0,4,2,item_not_received,1
CASE-9659,27408.59,5,0,0,0,29,20,51961.43,1,0.101,0,3,3,item_not_received,0
CASE-9660,2014.5,18,0,0,1,1,27,1460.04,0,0.072,0,2,4,duplicate,0
CASE-9661,1336.38,1,0,1,1,0,9,2129.1,5,0.189,0,6,0,item_not_received,1
CASE-9662,47084.78,3,0,1,1,26,52,29439.79,0,0.197,5,5,1,duplicate,1
CASE-9663,95602.85,1,2,0,1,10,17,92022.74,0,0.363,0,3,3,defective,1
CASE-9664,3730.04,2,0,0,0,13,11,4416.63,0,0.178,0,4,2,unauthorized,0
CASE-9665,1647.09,12,1,0,0,8,10,791.03,5,0.087,2,1,5,defective,0
CASE-9666,12783.42,4,0,0,1,15,5,29253.35,2,0.167,0,5,1,defective,1
CASE-9667,20146.59,5,2,0,1,15,6,35897.5,3,0.428,0,5,1,item_not_received,1
CASE-9668,205.16,51,2,2,1,0,4,428.32,7,0.104,2,4,2,defective,0
CASE-9669,4017.31,97,2,0,0,1,14,2004.45,1,0.383,0,1,5,item_not_received,0
CASE-9670,16786.38,8,0,0,0,29,1,32866.18,2,0.202,0,4,2,defective,0
CASE-9671,122116.33,1,1,0,1,0,12,187790.98,1,0.207,0,4,2,duplicate,1
CASE-9672,22662.03,1,1,0,1,9,9,36669.44,11,0.196,0,6,0,item_not_received,1
CASE-9673,22209.48,8,0,2,1,0,55,18479.83,2,0.242,0,4,2,item_not_received,1
CASE-9674,1573.86,3,0,0,0,29,65,3512.86,1,0.105,0,3,3,defective,0
CASE-9675,1634.47,93,0,1,0,4,4,697.5,2,0.07,0,3,3,unauthorized,0
CASE-9676,1073.87,19,0,1,0,11,9,1378.95,3,0.117,0,4,2,item_not_received,1
CASE-9677,17343.05,95,2,0,1,0,12,42952.35,4,0.509,0,3,3,item_not_received,0
CASE-9678,73546.58,1,9,2,1,0,39,123741.96,0,1.0,0,2,4,other,0
CASE-9679,1307.35,4,6,4,1,19,12,1515.09,2,0.75,2,3,3,duplicate,0
CASE-9680,1516.46,44,0,0,0,22,30,3165.6,9,0.05,4,2,4,unauthorized,0
CASE-9681,116342.05,5,3,1,1,0,20,174226.67,4,0.449,2,6,0,unauthorized,1
CASE-9682,1799.5,29,0,2,0,29,68,3846.15,4,0.276,6,2,4,duplicate,0
CASE-9683,15096.95,3,8,0,1,28,24,8787.51,3,0.993,0,5,1,item_not_received,1
CASE-9684,648.0,2,3,0,1,0,44,833.66,1,0.477,0,4,2,defective,0
CASE-9685,18910.27,9,0,1,1,0,35,32983.55,7,0.173,0,6,0,item_not_received,1
CASE-9686,1623.65,17,0,1,1,0,19,1109.97,1,0.14,0,6,0,duplicate,1
CASE-9687,714.22,4,0,0,1,0,1,1155.26,14,0.25,0,5,1,duplicate,1
CASE-9688,329.29,4,8,6,1,0,2,535.15,2,1.0,2,4,2,defective,0
CASE-9689,778.77,1,2,5,0,16,5,1626.18,0,0.219,0,0,6,item_not_received,0
CASE-9690,71625.81,7,0,2,1,0,31,119870.89,2,0.278,1,4,2,item_not_received,1
CASE-9691,1602.21,5,0,1,1,0,4,2639.13,2,0.334,0,5,1,duplicate,1
CASE-9692,1726.92,13,2,1,0,21,49,1853.93,8,0.386,4,2,4,defective,0
CASE-9693,118212.65,40,0,0,1,0,24,184547.23,2,0.198,0,4,2,item_not_received,1
CASE-9694,19770.73,99,0,2,0,26,66,21173.8,1,0.082,0,4,2,other,0
CASE-9695,1700.55,3,2,7,1,0,50,1293.94,1,0.633,1,5,1,defective,0
CASE-9696,296.68,58,0,1,1,0,4,471.97,4,0.063,0,6,0,unauthorized,1
CASE-9697,2752.78,64,0,0,1,0,16,6043.93,2,0.077,0,6,0,unauthorized,1
CASE-9698,732.41,10,5,0,1,0,3,315.64,9,0.685,5,5,1,item_not_received,1
CASE-9699,115431.28,4,0,0,1,0,3,179805.14,0,0.015,0,6,0,unauthorized,1
CASE-9700,87119.5,1,0,0,0,5,13,204694.84,7,0.231,0,2,4,unauthorized,0
CASE-9701,8378.99,2,0,1,1,0,1,15731.19,1,0.164,0,2,4,item_not_received,1
CASE-9702,1824.58,5,9,1,1,0,20,3527.87,1,1.0,2,6,0,unauthorized,0
CASE-9703,12233.87,2,0,1,1,15,13,18507.27,0,0.152,0,3,3,item_not_received,0
CASE-9704,136245.38,16,0,0,1,0,19,336338.36,0,0.068,1,6,0,defective,1
CASE-9705,3652.77,24,8,1,0,1,80,7471.29,1,1.0,4,3,3,item_not_received,0
CASE-9706,1225.91,18,0,0,1,3,8,1729.59,0,0.283,0,6,0,defective,1
CASE-9707,384.68,98,3,7,1,0,56,765.64,2,0.445,0,5,1,defective,0
CASE-9708,670.29,3,3,0,1,0,10,756.28,6,0.387,0,5,1,unauthorized,1
CASE-9709,65906.49,4,0,2,1,5,84,93314.72,0,0.081,0,5,1,item_not_received,1
CASE-9710,327.4,10,2,0,1,0,12,317.98,1,0.383,3,3,3,item_not_received,1
CASE-9711,452.49,3,2,0,1,0,2,227.28,3,0.238,1,6,0,unauthorized,1
CASE-9712,148977.89,19,7,2,1,10,10,180374.08,1,0.907,0,5,1,unauthorized,0
CASE-9713,17244.39,15,1,0,0,6,30,6126.43,8,0.485,1,5,1,unauthorized,0
CASE-9714,788.44,99,8,4,1,22,8,913.71,9,1.0,0,5,1,unauthorized,0
CASE-9715,19277.54,2,3,0,1,0,14,42773.28,2,0.245,2,5,1,item_not_received,1
CASE-9716,259.18,10,0,0,1,0,8,419.13,14,0.079,2,4,2,item_not_received,1
CASE-9717,1333.79,3,3,1,1,0,86,2751.0,3,0.615,0,3,3,defective,1
CASE-9718,3060.33,2,0,2,0,3,22,6773.81,2,0.216,6,2,4,unauthorized,0
CASE-9719,9160.67,74,1,0,1,0,23,18016.3,0,0.311,1,5,1,defective,1
CASE-9720,27860.23,17,0,1,0,9,21,51274.31,0,0.061,0,2,4,defective,0
CASE-9721,887.27,6,1,0,1,0,51,2100.76,0,0.359,6,5,1,item_not_received,1
CASE-9722,1546.4,9,1,1,1,0,5,1784.16,1,0.407,0,6,0,unauthorized,1
CASE-9723,4653.61,5,1,2,0,25,8,8347.41,0,0.32,0,4,2,unauthorized,0
CASE-9724,568.66,2,0,2,1,0,21,455.32,1,0.241,0,6,0,item_not_received,1
CASE-9725,31142.29,6,0,0,1,7,27,11765.2,4,0.068,2,5,1,defective,1
CASE-9726,53205.3,4,0,0,0,16,45,97749.56,3,0.295,0,4,2,other,0
CASE-9727,565.13,6,3,0,0,2,14,888.45,3,0.482,1,4,2,item_not_received,0
CASE-9728,21957.54,4,0,0,0,23,6,40855.21,8,0.455,3,3,3,defective,0
CASE-9729,1481.9,4,1,0,1,0,60,2208.43,4,0.25,2,5,1,item_not_received,1
CASE-9730,1450.69,16,1,1,1,0,5,2660.46,1,0.158,0,4,2,defective,1
CASE-9731,6228.8,9,3,2,1,0,29,11964.39,3,0.301,0,5,1,item_not_received,1
CASE-9732,83417.24,91,0,0,0,16,54,89649.76,1,0.098,0,2,4,item_not_received,0
CASE-9733,5065.84,16,0,0,1,0,5,2697.15,9,0.277,0,5,1,item_not_received,1
CASE-9734,374.56,43,1,4,1,0,25,880.79,0,0.234,0,3,3,duplicate,1
CASE-9735,3472.14,3,0,0,1,0,24,5496.06,0,0.118,1,4,2,defective,1
CASE-9736,19720.1,4,0,0,1,0,27,6901.76,1,0.259,1,4,2,defective,1
CASE-9737,1533.64,5,0,1,1,15,2,820.18,2,0.18,0,5,1,item_not_received,1
CASE-9738,500.81,12,0,0,1,21,36,567.84,0,0.203,6,4,2,duplicate,0
CASE-9739,1301.07,11,3,0,1,10,1,2329.77,2,0.258,0,5,1,defective,0
CASE-9740,49751.16,13,3,1,1,0,2,20536.54,3,0.572,0,5,1,item_not_received,1
CASE-9741,1204.34,1,0,2,1,0,21,2761.94,3,0.323,0,4,2,defective,1
CASE-9742,464.45,17,0,1,1,0,61,323.74,3,0.062,0,5,1,defective,1
CASE-9743,99320.85,17,7,0,1,0,1,91172.64,1,0.492,0,4,2,unauthorized,0
CASE-9744,19804.41,22,0,0,0,4,78,28871.43,0,0.192,0,3,3,defective,0
CASE-9745,1709.27,18,0,0,0,12,19,3487.93,6,0.159,0,2,4,duplicate,0
CASE-9746,300.14,98,1,0,1,0,40,680.94,0,0.464,0,3,3,item_not_received,1
CASE-9747,120139.47,14,0,0,0,10,7,171301.72,0,0.062,0,3,3,unauthorized,0
CASE-9748,8225.2,7,0,0,1,27,3,6622.72,3,0.285,0,4,2,unauthorized,0
CASE-9749,516.64,17,0,0,1,0,5,1260.84,3,0.078,0,5,1,item_not_received,1
CASE-9750,18928.22,16,1,1,1,0,3,27387.55,4,0.3,3,5,1,item_not_received,1
CASE-9751,17392.78,9,0,6,1,11,7,28856.57,7,0.061,0,6,0,unauthorized,1
CASE-9752,62593.49,1,3,0,1,7,2,43778.5,0,0.432,0,4,2,defective,0
CASE-9753,4234.34,78,0,2,1,0,21,6859.78,3,0.275,0,3,3,duplicate,1
CASE-9754,10144.49,4,0,1,0,21,1,16323.45,0,0.022,0,3,3,unauthorized,1
CASE-9755,4151.58,16,0,1,0,24,3,5468.43,1,0.362,0,3,3,item_not_received,0
CASE-9756,1712.2,7,0,0,0,3,3,1949.47,5,0.07,1,5,1,item_not_received,1
CASE-9757,1044.79,18,0,0,0,2,12,675.67,8,0.095,0,4,2,unauthorized,0
CASE-9758,1156.25,10,3,4,1,0,34,1838.93,13,0.561,2,6,0,duplicate,1
CASE-9759,302.52,67,0,0,0,7,8,171.45,1,0.213,0,2,4,duplicate,0
CASE-9760,58998.69,9,0,0,1,0,1,32082.76,6,0.172,1,4,2,unauthorized,1
CASE-9761,4058.38,16,1,2,1,0,15,5963.79,3,0.436,0,4,2,unauthorized,1
CASE-9762,499.64,2,0,0,1,21,74,594.32,4,0.073,0,6,0,duplicate,1
CASE-9763,867.33,13,2,0,1,18,51,1848.67,3,0.299,0,6,0,item_not_received,1
CASE-9764,15883.36,18,0,0,1,1,8,5166.16,11,0.05,0,4,2,defective,1
CASE-9765,19509.32,8,0,1,0,27,67,14313.26,2,0.064,5,2,4,unauthorized,0
CASE-9766,74925.42,16,0,0,0,5,22,79429.6,4,0.293,2,5,1,defective,0
CASE-9767,468.02,14,0,2,0,7,4,496.0,5,0.171,0,4,2,item_not_received,0
CASE-9768,3306.68,94,0,5,0,19,5,3954.52,2,0.11,2,4,2,unauthorized,0
CASE-9769,1109.55,1,3,0,1,0,54,732.95,0,0.632,2,4,2,duplicate,1
CASE-9770,123276.44,3,2,2,1,18,20,121221.67,11,0.161,0,4,2,item_not_received,1
CASE-9771,1517.51,31,0,0,1,0,5,615.7,14,0.013,2,6,0,defective,1
CASE-9772,10196.25,88,5,2,1,0,6,14042.37,2,0.495,1,5,1,unauthorized,0
CASE-9773,1296.12,11,0,1,1,5,6,1651.58,3,0.394,0,4,2,unauthorized,1
CASE-9774,987.63,93,3,4,0,12,18,1391.46,5,0.526,0,2,4,unauthorized,0
CASE-9775,29345.6,18,8,1,0,18,26,27753.95,1,1.0,2,2,4,other,0
CASE-9776,957.73,1,0,6,1,7,17,1279.16,3,0.085,0,3,3,item_not_received,1
CASE-9777,31731.09,19,0,2,1,5,7,43512.53,3,0.045,0,4,2,duplicate,1
CASE-9778,148595.97,19,6,1,0,2,38,136022.79,3,0.57,0,2,4,duplicate,0
CASE-9779,1257.36,7,0,6,0,4,18,1817.43,10,0.254,0,3,3,item_not_received,0
CASE-9780,82583.61,4,0,0,0,23,6,190979.75,0,0.073,0,1,5,defective,1
CASE-9781,1499.44,23,0,0,0,0,75,1489.54,2,0.052,0,1,5,duplicate,1
CASE-9782,1356.38,61,0,0,1,0,1,2058.81,7,0.05,5,3,3,defective,0
CASE-9783,759.15,11,0,2,1,0,5,1091.12,1,0.128,0,3,3,defective,1
CASE-9784,630.43,9,0,7,1,0,9,488.64,3,0.11,0,4,2,duplicate,0
CASE-9785,143715.93,61,0,6,0,27,64,172534.7,4,0.007,0,4,2,item_not_received,0
CASE-9786,100780.51,6,2,0,1,0,18,188348.91,12,0.363,0,6,0,other,0
CASE-9787,266.77,10,2,6,1,0,14,188.79,3,0.233,3,5,1,other,1
CASE-9788,2631.61,2,4,3,1,11,38,5846.81,13,0.779,0,6,0,defective,1
CASE-9789,1900.83,28,0,1,1,0,22,1198.83,3,0.093,2,4,2,unauthorized,1
CASE-9790,1843.15,4,0,2,1,0,5,2521.42,5,0.393,0,4,2,item_not_received,1
CASE-9791,405.41,12,8,2,1,0,7,839.95,14,0.914,0,5,1,defective,1
CASE-9792,19275.79,7,0,1,0,16,21,8255.27,9,0.182,0,4,2,defective,0
CASE-9793,19464.23,83,7,0,0,14,1,48445.64,12,0.919,1,4,2,item_not_received,0
CASE-9794,1189.86,42,0,1,1,0,6,852.21,13,0.161,4,5,1,item_not_received,1
CASE-9795,11096.6,6,0,2,1,0,3,20282.45,0,0.349,0,5,1,item_not_received,1
CASE-9796,15100.82,2,0,1,0,11,5,32573.54,12,0.199,6,3,3,unauthorized,0
CASE-9797,124067.5,7,6,0,1,17,68,126807.62,14,0.775,0,5,1,item_not_received,1
CASE-9798,19557.43,4,4,2,1,0,63,17595.54,9,0.358,1,4,2,item_not_received,0
CASE-9799,28089.13,7,0,0,0,9,9,37663.78,0,0.014,0,2,4,defective,0
CASE-9800,8831.16,11,0,0,0,16,2,5838.36,8,0.099,6,3,3,item_not_received,0
CASE-9801,19970.58,5,0,0,1,8,3,13656.08,3,0.219,1,5,1,defective,1
CASE-9802,15361.72,2,0,6,0,25,13,28031.21,4,0.114,0,2,4,other,0
CASE-9803,17138.19,1,0,2,0,25,27,21946.42,4,0.16,0,1,5,defective,0
CASE-9804,3160.34,18,3,3,1,0,13,2140.68,4,0.551,0,6,0,other,1
CASE-9805,21144.18,2,5,1,1,21,22,24157.12,4,0.633,0,5,1,item_not_received,1
CASE-9806,8691.27,5,0,1,0,10,3,20041.51,0,0.317,2,3,3,defective,0
CASE-9807,65238.84,34,1,2,0,27,42,52497.43,0,0.343,2,3,3,defective,0
CASE-9808,1237.39,35,0,7,1,0,20,1697.36,1,0.19,0,4,2,defective,0
CASE-9809,17503.69,22,0,0,0,3,22,43333.02,3,0.052,0,2,4,defective,0
CASE-9810,16081.39,1,0,0,1,11,35,7921.53,7,0.078,3,5,1,unauthorized,1
CASE-9811,5352.15,19,0,2,1,0,28,9875.13,0,0.138,0,5,1,duplicate,1
CASE-9812,1221.71,3,0,1,0,29,68,895.8,2,0.35,0,5,1,duplicate,0
CASE-9813,25928.24,7,0,0,1,12,23,12266.29,2,0.17,0,5,1,other,1
CASE-9814,1977.1,1,0,2,0,25,62,1420.84,0,0.211,2,3,3,item_not_received,0
CASE-9815,75995.2,4,1,0,1,0,76,160454.71,0,0.194,0,4,2,other,0
CASE-9816,16752.18,4,0,0,1,20,3,33948.86,1,0.045,0,2,4,item_not_received,1
CASE-9817,52153.06,35,9,0,1,0,16,81567.71,0,0.976,2,3,3,duplicate,0
CASE-9818,12621.77,5,5,0,1,6,8,19911.04,0,0.602,0,4,2,defective,1
CASE-9819,12689.61,2,4,6,1,0,12,17175.53,4,0.316,0,3,3,other,0
CASE-9820,10140.74,4,0,0,1,11,9,18144.5,4,0.073,0,4,2,unauthorized,1
CASE-9821,5598.31,7,2,1,1,0,70,12660.2,1,0.16,0,4,2,duplicate,1
CASE-9822,6912.65,3,9,0,1,12,77,5025.07,11,1.0,0,5,1,item_not_received,1
CASE-9823,9289.82,92,0,0,0,6,37,14732.3,11,0.065,0,4,2,defective,0
CASE-9824,70678.73,6,3,0,1,16,5,34524.58,8,0.388,0,3,3,duplicate,1
CASE-9825,19548.93,11,3,0,1,17,11,44512.45,1,0.461,0,3,3,defective,1
CASE-9826,1698.09,3,3,0,1,0,18,1103.97,6,0.58,6,5,1,unauthorized,1
CASE-9827,265.06,4,0,0,0,22,20,325.78,0,0.188,0,2,4,defective,0
CASE-9828,1408.08,96,1,2,1,12,19,3065.53,9,0.532,0,5,1,item_not_received,1
CASE-9829,127893.43,3,0,0,0,8,80,73246.56,2,0.136,0,4,2,unauthorized,0
CASE-9830,490.07,23,2,0,0,7,3,822.19,0,0.196,0,5,1,unauthorized,0
CASE-9831,99021.2,12,2,0,1,0,2,51541.68,3,0.551,0,5,1,item_not_received,1
CASE-9832,16311.39,25,1,0,1,0,11,11911.46,0,0.234,6,3,3,item_not_received,0
CASE-9833,1315.39,83,0,0,1,13,6,768.12,2,0.186,0,4,2,item_not_received,1
CASE-9834,10323.7,8,0,0,0,23,3,13396.26,1,0.026,0,4,2,defective,1
CASE-9835,461.47,6,8,0,1,0,20,897.92,1,0.801,2,4,2,item_not_received,0
CASE-9836,290.65,9,0,0,0,23,3,393.29,3,0.115,2,3,3,item_not_received,0
CASE-9837,62997.23,1,0,0,1,8,21,25512.87,3,0.215,0,4,2,unauthorized,1
CASE-9838,4172.7,9,2,0,1,0,28,2001.67,3,0.372,2,6,0,other,0
CASE-9839,6291.38,3,2,0,1,0,21,12688.93,4,0.762,0,5,1,defective,1
CASE-9840,676.37,50,0,1,1,0,21,1329.31,0,0.252,2,4,2,unauthorized,1
CASE-9841,1815.18,7,2,1,1,0,18,3226.14,0,0.397,2,6,0,unauthorized,1
CASE-9842,423.62,42,0,2,1,8,54,807.27,0,0.1,1,4,2,item_not_received,1
CASE-9843,488.98,13,2,7,1,28,11,966.96,0,0.322,2,3,3,defective,0
CASE-9844,1269.33,18,2,3,0,15,6,1913.32,10,0.315,1,2,4,unauthorized,0
CASE-9845,16415.54,8,2,0,1,0,6,10878.73,0,0.2,0,6,0,defective,1
CASE-9846,61753.19,87,5,5,1,0,4,108885.98,1,0.976,1,4,2,duplicate,1
CASE-9847,866.5,1,0,4,0,17,4,1128.67,0,0.255,2,2,4,unauthorized,0
CASE-9848,1588.64,5,0,0,1,0,21,3265.46,7,0.09,0,6,0,unauthorized,1
CASE-9849,18218.68,5,0,2,1,0,18,14001.81,1,0.134,6,4,2,unauthorized,0
CASE-9850,4120.97,4,0,1,1,0,19,3655.22,8,0.062,1,5,1,item_not_received,1
CASE-9851,15451.83,14,7,0,1,0,6,10138.02,11,1.0,5,6,0,item_not_received,1
CASE-9852,1833.31,6,0,0,1,8,1,2576.99,1,0.117,0,5,1,item_not_received,1
CASE-9853,1443.81,13,0,6,1,1,5,1267.05,0,0.291,2,5,1,unauthorized,0
CASE-9854,3138.56,2,0,0,1,8,10,4589.19,0,0.144,1,6,0,unauthorized,1
CASE-9855,17132.34,15,1,0,1,0,4,14446.57,1,0.377,0,3,3,defective,1
CASE-9856,1667.17,3,2,1,1,6,20,2187.75,0,0.498,1,5,1,item_not_received,1
CASE-9857,91999.62,15,3,1,1,0,76,220563.8,1,0.547,0,5,1,defective,0
CASE-9858,1598.2,59,4,0,1,0,32,3580.34,2,0.902,0,6,0,defective,0
CASE-9859,47990.48,54,0,0,1,14,87,41139.96,0,0.054,6,5,1,unauthorized,1
CASE-9860,126927.68,94,0,3,1,0,18,91511.41,1,0.02,0,6,0,unauthorized,1
CASE-9861,93839.86,16,0,0,1,0,2,78236.1,0,0.075,0,5,1,unauthorized,0
CASE-9862,4517.03,2,0,2,0,26,27,8035.61,0,0.12,0,2,4,item_not_received,0
CASE-9863,1228.12,8,0,0,1,4,68,2897.02,12,0.23,0,6,0,other,1
CASE-9864,106104.54,41,3,0,1,10,15,186244.82,3,0.408,0,3,3,item_not_received,1
CASE-9865,356.16,2,0,1,1,0,47,457.78,3,0.352,0,3,3,unauthorized,1
CASE-9866,103636.32,46,0,0,1,0,8,120556.95,2,0.315,2,4,2,unauthorized,1
CASE-9867,1389.9,19,0,2,0,5,11,690.0,7,0.078,0,3,3,item_not_received,1
CASE-9868,1153.47,11,0,1,0,13,89,1072.35,4,0.196,3,3,3,item_not_received,0
CASE-9869,623.62,11,3,0,1,19,23,196.36,1,0.43,1,3,3,unauthorized,0
CASE-9870,1154.25,7,0,7,1,0,5,2029.73,4,0.144,0,5,1,unauthorized,0
CASE-9871,18883.2,7,1,0,1,0,52,10945.59,0,0.093,0,5,1,unauthorized,1
CASE-9872,1915.96,13,0,0,1,0,69,3145.79,1,0.206,0,3,3,defective,1
CASE-9873,257.04,2,2,2,0,28,14,546.87,3,0.226,0,3,3,duplicate,0
CASE-9874,42173.38,4,0,3,1,28,59,87067.96,0,0.204,1,4,2,defective,0
CASE-9875,16247.59,11,6,0,0,15,14,14627.56,0,0.697,2,3,3,item_not_received,0
CASE-9876,134454.61,4,0,0,1,0,23,116332.18,4,0.066,0,5,1,other,1
CASE-9877,4719.26,15,2,6,1,24,88,3328.61,0,0.434,0,4,2,defective,0
CASE-9878,10663.33,2,0,0,1,0,1,5385.8,4,0.058,0,5,1,unauthorized,1
CASE-9879,1356.13,8,0,1,0,2,7,451.38,0,0.266,1,3,3,other,0
CASE-9880,3616.83,3,0,0,1,9,7,2343.76,0,0.119,0,5,1,unauthorized,0
CASE-9881,97869.16,11,1,0,1,0,16,129880.83,0,0.236,1,4,2,defective,1
CASE-9882,6806.16,34,0,4,1,1,2,11319.32,12,0.164,0,5,1,defective,1
CASE-9883,92484.89,3,2,0,1,0,29,128726.41,13,0.237,0,4,2,item_not_received,1
CASE-9884,245.78,4,0,0,0,4,2,203.62,10,0.109,1,4,2,other,0
CASE-9885,1112.93,1,0,0,1,0,28,1305.21,1,0.155,0,4,2,item_not_received,1
CASE-9886,108081.76,2,0,0,0,28,18,252812.61,3,0.135,0,3,3,item_not_received,1
CASE-9887,13696.73,13,0,3,1,0,17,23924.8,2,0.056,0,6,0,item_not_received,1
CASE-9888,773.01,2,0,1,0,10,26,1310.43,0,0.074,0,3,3,defective,0
CASE-9889,10435.87,2,0,0,1,0,5,10278.01,2,0.322,3,3,3,duplicate,1
CASE-9890,39513.58,90,0,0,1,0,1,85144.11,3,0.251,1,4,2,defective,1
CASE-9891,112925.74,5,0,0,1,9,30,256337.6,0,0.164,2,6,0,unauthorized,1
CASE-9892,8240.8,1,2,6,1,0,36,5554.06,0,0.134,1,4,2,unauthorized,0
CASE-9893,1980.49,19,0,0,1,22,2,1424.67,0,0.125,1,6,0,unauthorized,1
CASE-9894,16512.85,2,9,0,0,19,18,10329.73,3,0.946,1,3,3,defective,0
CASE-9895,1687.63,46,9,0,1,0,27,1880.23,1,0.855,0,3,3,defective,0
CASE-9896,12009.61,18,0,0,1,17,2,5609.0,3,0.178,0,4,2,unauthorized,1
CASE-9897,375.65,4,0,0,1,20,41,342.4,4,0.18,0,5,1,item_not_received,1
CASE-9898,5475.13,15,0,0,0,5,48,6829.98,5,0.14,2,5,1,item_not_received,0
CASE-9899,25862.33,2,7,0,0,16,64,34198.17,2,0.935,5,4,2,item_not_received,0
CASE-9900,1457.73,2,0,0,1,0,17,1819.16,2,0.09,0,2,4,unauthorized,1
CASE-9901,264.03,6,0,6,1,0,5,340.2,4,0.091,0,4,2,unauthorized,1
CASE-9902,1544.03,64,3,0,1,0,8,2029.89,1,0.348,0,4,2,defective,0
CASE-9903,38843.72,8,0,0,1,0,7,37251.94,10,0.162,0,4,2,defective,1
CASE-9904,71821.5,13,7,1,1,10,9,163325.35,0,0.893,0,4,2,defective,0
CASE-9905,3706.28,9,2,4,1,3,28,2178.62,2,0.403,0,5,1,unauthorized,0
CASE-9906,535.46,99,0,2,0,11,17,350.91,3,0.069,0,3,3,item_not_received,0
CASE-9907,12497.51,58,0,0,1,13,2,6849.93,0,0.168,0,4,2,other,1
CASE-9908,43713.6,8,0,0,0,14,5,89319.26,2,0.183,0,2,4,item_not_received,0
CASE-9909,398.36,20,0,0,1,0,1,947.85,5,0.088,1,3,3,defective,1
CASE-9910,11539.22,4,0,0,1,0,6,25918.23,4,0.196,0,5,1,unauthorized,1
CASE-9911,4054.26,15,2,1,1,20,20,2198.91,2,0.285,0,4,2,defective,1
CASE-9912,215.37,2,3,5,1,25,6,356.52,0,0.846,2,4,2,unauthorized,0
CASE-9913,6695.13,14,0,0,1,20,11,8811.35,0,0.134,0,5,1,item_not_received,1
CASE-9914,720.06,12,3,7,1,1,10,559.72,3,0.559,0,4,2,defective,0
CASE-9915,5062.4,3,0,0,0,17,20,3902.28,0,0.091,0,3,3,item_not_received,0
CASE-9916,1112.42,4,1,0,0,5,6,1699.23,4,0.132,1,1,5,duplicate,0
CASE-9917,141673.29,7,6,2,0,26,27,107936.74,0,0.449,0,2,4,item_not_received,0
CASE-9918,16249.52,3,9,1,0,2,18,11837.8,0,0.917,2,4,2,unauthorized,0
CASE-9919,10359.47,46,0,2,0,4,33,4560.61,4,0.012,5,4,2,unauthorized,0
CASE-9920,18348.4,2,0,0,1,0,25,36021.54,1,0.229,0,5,1,item_not_received,1
CASE-9921,1273.27,17,0,1,1,0,26,1103.79,0,0.078,2,5,1,item_not_received,1
CASE-9922,52609.29,11,4,1,1,23,4,109934.35,6,0.499,0,5,1,item_not_received,1
CASE-9923,4632.04,3,1,1,1,25,24,9022.88,7,0.176,0,5,1,item_not_received,1
CASE-9924,3562.44,83,0,0,0,16,17,1205.77,4,0.06,6,4,2,item_not_received,1
CASE-9925,11762.55,85,0,5,0,13,12,13384.59,7,0.171,1,5,1,unauthorized,0
CASE-9926,82289.81,91,0,0,1,0,86,26232.05,3,0.165,0,5,1,item_not_received,1
CASE-9927,857.37,75,0,0,0,18,88,322.47,1,0.07,2,2,4,duplicate,0
CASE-9928,144178.63,3,6,1,1,0,12,183119.98,11,0.442,3,3,3,unauthorized,0
CASE-9929,966.29,6,0,1,1,2,19,395.5,5,0.289,5,3,3,duplicate,0
CASE-9930,16170.95,18,0,0,1,0,88,33300.9,0,0.223,2,5,1,other,1
CASE-9931,4849.04,2,0,0,1,0,20,10035.53,5,0.107,0,5,1,item_not_received,1
CASE-9932,12486.24,5,6,0,0,23,82,25636.3,10,0.603,0,4,2,unauthorized,1
CASE-9933,118059.77,43,6,0,1,0,59,122867.15,12,1.0,1,5,1,unauthorized,0
CASE-9934,73370.12,29,4,0,1,11,23,40125.41,2,0.558,0,5,1,unauthorized,1
CASE-9935,62285.78,7,6,0,1,12,3,24542.73,2,0.301,0,6,0,duplicate,1
CASE-9936,11830.03,8,0,1,0,12,7,14414.19,8,0.247,0,3,3,other,0
CASE-9937,1911.96,19,2,0,1,0,3,3631.59,6,0.492,0,6,0,defective,1
CASE-9938,12317.01,18,1,0,1,0,16,20133.76,1,0.068,0,6,0,item_not_received,1
CASE-9939,1415.71,16,1,1,0,25,3,1273.99,14,0.076,0,3,3,defective,1
CASE-9940,12300.73,4,0,0,1,12,27,5904.58,14,0.273,1,6,0,duplicate,1
CASE-9941,501.16,26,1,0,1,26,8,624.08,4,0.359,0,5,1,unauthorized,1
CASE-9942,31711.62,6,3,0,1,6,13,19172.06,14,0.423,1,5,1,item_not_received,1
CASE-9943,17475.49,49,0,2,0,10,87,35336.29,0,0.138,1,2,4,unauthorized,0
CASE-9944,16317.47,69,3,0,1,0,3,27850.26,4,0.567,4,6,0,other,0
CASE-9945,880.54,3,0,0,0,23,24,1147.11,4,0.035,0,3,3,unauthorized,0
CASE-9946,286.38,6,0,0,0,15,45,412.79,0,0.28,1,2,4,unauthorized,0
CASE-9947,1657.07,11,7,0,1,0,11,2559.32,4,1.0,2,3,3,defective,0
CASE-9948,9439.11,4,8,0,1,0,3,11091.88,3,1.0,0,6,0,duplicate,1
CASE-9949,2772.32,9,0,0,1,0,68,1061.13,10,0.383,2,6,0,unauthorized,1
CASE-9950,5878.66,12,0,5,0,22,50,10804.85,2,0.229,2,1,5,item_not_received,0
CASE-9951,130770.19,7,2,3,0,28,27,158289.92,11,0.236,5,2,4,defective,0
CASE-9952,558.96,3,0,0,1,0,62,434.41,1,0.248,1,5,1,item_not_received,1
CASE-9953,276.11,3,0,1,1,2,4,345.94,7,0.237,0,6,0,unauthorized,1
CASE-9954,1183.22,2,2,2,1,0,70,2903.66,9,0.493,1,6,0,unauthorized,1
CASE-9955,77185.57,4,3,2,1,0,5,51764.1,0,0.616,0,4,2,item_not_received,1
CASE-9956,59323.65,2,0,1,1,0,28,74867.95,0,0.112,2,3,3,duplicate,0
CASE-9957,75223.16,17,0,3,0,14,8,152758.53,3,0.046,2,3,3,item_not_received,0
CASE-9958,129092.26,1,0,0,1,0,5,101225.89,2,0.323,2,3,3,item_not_received,1
CASE-9959,14511.64,10,4,0,1,0,16,19156.61,11,0.293,0,5,1,defective,1
CASE-9960,929.65,2,5,0,1,0,11,870.1,13,0.505,0,5,1,item_not_received,1
CASE-9961,932.37,9,0,2,1,27,13,1307.68,12,0.085,2,4,2,unauthorized,0
CASE-9962,16144.0,3,0,0,1,7,14,38482.35,0,0.22,0,4,2,defective,1
CASE-9963,111621.95,90,9,0,1,0,28,275104.44,4,0.929,0,4,2,unauthorized,0
CASE-9964,138591.73,18,0,1,0,5,22,130239.43,0,0.222,6,3,3,other,0
CASE-9965,1294.3,1,6,6,1,0,47,2027.79,0,0.553,0,5,1,defective,0
CASE-9966,16561.4,9,0,2,1,0,8,21981.83,4,0.027,1,5,1,item_not_received,1
CASE-9967,8803.38,11,0,0,0,29,18,5833.02,1,0.163,1,1,5,unauthorized,0
CASE-9968,88313.26,11,9,2,1,0,10,28299.4,13,1.0,0,6,0,item_not_received,1
CASE-9969,143208.97,66,8,0,0,9,2,111609.03,9,0.648,1,5,1,unauthorized,0
CASE-9970,573.39,2,0,1,1,27,88,1332.36,0,0.156,0,5,1,item_not_received,1
CASE-9971,122011.65,1,0,0,1,25,29,143949.75,10,0.381,0,3,3,unauthorized,1
CASE-9972,651.35,9,0,1,1,21,26,1531.97,3,0.119,0,5,1,defective,1
CASE-9973,223.97,4,2,0,0,19,12,542.93,0,0.339,3,4,2,item_not_received,0
CASE-9974,17248.91,7,2,0,1,3,15,41429.74,0,0.097,0,3,3,unauthorized,1
CASE-9975,6616.31,2,0,3,1,0,89,14929.28,4,0.074,0,6,0,unauthorized,0
CASE-9976,1929.58,4,3,7,1,22,6,2409.3,12,0.438,2,4,2,item_not_received,1
CASE-9977,66124.42,4,2,0,1,0,5,138780.31,4,0.441,0,4,2,duplicate,1
CASE-9978,486.72,9,0,0,0,1,8,674.24,11,0.258,1,4,2,defective,0
CASE-9979,12166.5,96,4,0,0,0,25,13817.55,0,0.382,6,3,3,item_not_received,0
CASE-9980,146740.17,93,3,1,1,0,28,181269.04,4,0.237,2,4,2,item_not_received,1
CASE-9981,358.25,11,1,0,0,25,52,824.75,4,0.193,0,5,1,other,0
CASE-9982,61918.56,76,0,0,1,2,21,146686.63,3,0.263,0,5,1,other,1
CASE-9983,1066.25,18,3,5,1,13,25,1408.36,2,0.389,0,6,0,unauthorized,0
CASE-9984,1447.18,6,1,0,1,0,12,3312.78,1,0.533,1,3,3,duplicate,1
CASE-9985,6295.58,19,0,0,1,0,28,7346.56,0,0.122,2,4,2,item_not_received,1
CASE-9986,711.62,2,0,0,0,12,6,667.28,7,0.162,6,6,0,item_not_received,0
CASE-9987,144692.29,4,0,0,1,29,14,342061.66,8,0.098,1,5,1,item_not_received,1
CASE-9988,750.74,11,0,1,1,0,6,1528.91,14,0.146,0,5,1,item_not_received,1
CASE-9989,9170.65,12,0,0,1,0,27,17160.39,4,0.189,0,6,0,item_not_received,1
CASE-9990,1414.83,2,6,0,0,28,24,944.06,12,0.691,0,6,0,other,0
CASE-9991,7079.2,7,0,0,0,6,2,17678.82,5,0.114,1,3,3,defective,0
CASE-9992,1117.81,30,1,0,1,0,5,1574.77,3,0.231,2,2,4,other,0
CASE-9993,217.46,4,4,0,1,0,88,281.79,2,0.186,0,5,1,other,0
CASE-9994,1494.22,10,3,0,1,19,1,699.21,12,0.298,5,5,1,unauthorized,0
CASE-9995,74057.33,7,3,0,0,12,3,183882.24,3,0.474,0,3,3,item_not_received,0
CASE-9996,91796.22,80,9,0,1,0,84,209615.96,1,1.0,0,6,0,unauthorized,0
CASE-9997,13398.93,68,9,2,1,10,82,11690.36,11,1.0,2,5,1,item_not_received,1
CASE-9998,18804.16,94,0,0,1,9,3,44721.07,3,0.22,0,6,0,defective,1
CASE-9999,889.17,29,0,1,1,12,88,436.25,4,0.062,0,4,2,defective,0
CASE-10000,73627.82,29,9,2,0,7,25,54804.26,3,1.0,0,4,2,unauthorized,0
